<?xml version="1.0"?>
<presentation title="Move Ticket" width="600.0000000" height="450.0000000" thmbWidth="0.0000000" thmbHeight="0.0000000" frameRate="24.0000000" looping="0" startingSlideShow="" pptVersion="2007" type="compound" hasExternalAudio="0" uid="{7B129693-5D0D-4309-BEDD-09661D00CEAE}">
	<presenters/>
	<references/>
	<soundAssets/>
	<backgroundSound soundAssetId="" looping="0"/>
	<settings>
		<navigation>
			<keyboard enabled="1"/>
			<mouse enabled="1" target="step"/>
		</navigation>
		<skin>
			<layout>
				<alignment horizontal="right" vertical="bottom"/>
				<margins horizontal="5" vertical="5"/>
				<buttons width="32" height="33" stride="6"/>
			</layout>
			<navigation advanceType="slide"/>
			<messages>
				<resumeText>Would you like to resume the presentation from the last slide viewed?</resumeText>
				<resumeTitle>Resume Presentation</resumeTitle>
				<ok>OK</ok>
				<no>No</no>
				<yes>Yes</yes>
			</messages>
		</skin>
		<colorScheme>
			<primaryColor>0.5686482;0.5208360;-0.0894842;0.0000000;0.0000000;0.1655884;0.6967325;0.1376791;0.0000000;0.0000000;0.3927516;0.2936727;0.3135757;0.0000000;0.0000000;0.0000000;0.0000000;0.0000000;1.0000000;0.0000000;</primaryColor>
		</colorScheme>
		<appearance fullScreen="0"/>
		<playback autoStart="0" resumePresentationPlayback="1" syncWithVideoNarration="1" enableVideoControl="1"/>
	</settings>
	<slides embedded="0">
		<slide index="0" title="" titleNormalized="" src="data/slide1.swf" size="70038" advanceOnTime="1" framesCount="145" hasEmbeddedFlashClip="0" hidden="0" level="0" advanceOnClick="1" thumbnailSrc="" presenterIndex="">
			<sounds/>
			<videos/>
			<transitionEffect name="" duration="0.0000000" soundId="" looped="0"/>
			<soundCommands/>
			<videoCommands/>
			<animationSteps>
				<step start="0" end="144" playTime="6.0000000" pauseTime="1.0000000"/>
			</animationSteps>
			<notes/>
			<notesNormalized/>
			<notesHtml/>
			<text>click on complaint status
click on ticket to update status</text>
		</slide>
		<slide index="1" title="" titleNormalized="" src="data/slide2.swf" size="74657" advanceOnTime="1" framesCount="397" hasEmbeddedFlashClip="0" hidden="0" level="0" advanceOnClick="1" thumbnailSrc="" presenterIndex="">
			<sounds/>
			<videos/>
			<transitionEffect name="" duration="0.0000000" soundId="" looped="0"/>
			<soundCommands/>
			<videoCommands/>
			<animationSteps>
				<step start="0" end="396" playTime="16.5000000" pauseTime="0.0000000"/>
			</animationSteps>
			<notes/>
			<notesNormalized/>
			<notesHtml/>
			<text>set priority for ticket
select sub department
select technician

enter comments
select zone
select item
select status
 select parts procured from
click yes to enter part name orelse no&amp; enter part no. here
for cash click yes and enter amount else no
 then click update</text>
		</slide>
		<slide index="2" title="" titleNormalized="" src="data/slide3.swf" size="52520" advanceOnTime="1" framesCount="73" hasEmbeddedFlashClip="0" hidden="0" level="0" advanceOnClick="1" thumbnailSrc="" presenterIndex="">
			<sounds/>
			<videos/>
			<transitionEffect name="" duration="0.0000000" soundId="" looped="0"/>
			<soundCommands/>
			<videoCommands/>
			<animationSteps>
				<step start="0" end="72" playTime="3.0000000" pauseTime="3.0000000"/>
			</animationSteps>
			<notes/>
			<notesNormalized/>
			<notesHtml/>
			<text>click here to move the ticket to maintenance
 select the fields and provide comment here 
click update to update your ticket here</text>
		</slide>
		<slide index="3" title="" titleNormalized="" src="data/slide4.swf" size="57627" advanceOnTime="1" framesCount="97" hasEmbeddedFlashClip="0" hidden="0" level="0" advanceOnClick="1" thumbnailSrc="" presenterIndex="">
			<sounds/>
			<videos/>
			<transitionEffect name="" duration="0.0000000" soundId="" looped="0"/>
			<soundCommands/>
			<videoCommands/>
			<animationSteps>
				<step start="0" end="96" playTime="4.0000000" pauseTime="2.0000000"/>
			</animationSteps>
			<notes/>
			<notesNormalized/>
			<notesHtml/>
			<text>if u click on move to mis/maintenance
ticket moved to another group
created ticket</text>
		</slide>
	</slides>
	<actions>
		<action name="playPause">
			<shortcut code="32" control="0" shift="0"/>
		</action>
		<action name="nextSlide">
			<shortcut code="34" control="0" shift="0"/>
		</action>
		<action name="previousSlide">
			<shortcut code="33" control="0" shift="0"/>
		</action>
		<action name="nextStep">
			<shortcut code="13" control="0" shift="0"/>
		</action>
		<action name="previousStep">
			<shortcut code="13" control="0" shift="1"/>
		</action>
		<action name="seekForward">
			<shortcut code="39" control="0" shift="0"/>
		</action>
		<action name="seekBackward">
			<shortcut code="37" control="0" shift="0"/>
		</action>
		<action name="firstSlide">
			<shortcut code="36" control="1" shift="0"/>
		</action>
		<action name="lastSlide">
			<shortcut code="35" control="1" shift="0"/>
		</action>
		<action name="lastViewedSlide">
			<shortcut code="8" control="0" shift="0"/>
		</action>
		<action name="slideStart">
			<shortcut code="36" control="0" shift="0"/>
		</action>
		<action name="slideEnd">
			<shortcut code="35" control="0" shift="0"/>
		</action>
		<action name="volumeUp">
			<shortcut code="38" control="0" shift="0"/>
		</action>
		<action name="volumeDown">
			<shortcut code="40" control="0" shift="0"/>
		</action>
		<action name="toggleFullscreen">
			<shortcut code="70" control="1" shift="0"/>
		</action>
	</actions>
</presentation>
