-- phpMyAdmin SQL Dump
-- version 3.5.1
-- http://www.phpmyadmin.net
--
-- Host: localhost
-- Generation Time: Dec 30, 2014 at 06:27 AM
-- Server version: 5.5.24-log
-- PHP Version: 5.3.13

SET SQL_MODE="NO_AUTO_VALUE_ON_ZERO";
SET time_zone = "+00:00";


/*!40101 SET @OLD_CHARACTER_SET_CLIENT=@@CHARACTER_SET_CLIENT */;
/*!40101 SET @OLD_CHARACTER_SET_RESULTS=@@CHARACTER_SET_RESULTS */;
/*!40101 SET @OLD_COLLATION_CONNECTION=@@COLLATION_CONNECTION */;
/*!40101 SET NAMES utf8 */;

--
-- Database: `semtronics_recent`
--

-- --------------------------------------------------------

--
-- Table structure for table `approver`
--

CREATE TABLE IF NOT EXISTS `approver` (
  `id` bigint(20) NOT NULL AUTO_INCREMENT,
  `module` varchar(25) NOT NULL,
  `approver` varchar(25) NOT NULL,
  `user` bigint(20) NOT NULL,
  PRIMARY KEY (`id`),
  KEY `user` (`user`)
) ENGINE=InnoDB  DEFAULT CHARSET=latin1 AUTO_INCREMENT=7 ;

--
-- Dumping data for table `approver`
--

INSERT INTO `approver` (`id`, `module`, `approver`, `user`) VALUES
(1, 'Dashboard', 'Approver 1', 2),
(2, 'Masters', 'Approver 1', 2),
(4, 'Internal PO', 'Approver 1', 12),
(5, 'Internal PO', 'Approver 2', 14),
(6, 'Internal PO', 'Approver 3', 11);

-- --------------------------------------------------------

--
-- Table structure for table `batch`
--

CREATE TABLE IF NOT EXISTS `batch` (
  `id` bigint(20) NOT NULL AUTO_INCREMENT,
  `number` varchar(20) NOT NULL,
  `rawmaterialid` bigint(20) NOT NULL,
  PRIMARY KEY (`id`),
  KEY `rawmaterialid` (`rawmaterialid`)
) ENGINE=InnoDB  DEFAULT CHARSET=latin1 AUTO_INCREMENT=16 ;

--
-- Dumping data for table `batch`
--

INSERT INTO `batch` (`id`, `number`, `rawmaterialid`) VALUES
(4, '1', 307),
(5, '11', 306),
(6, '1', 756),
(7, '1100', 304),
(8, '1', 306),
(9, '2', 307),
(10, '23', 306),
(11, '2', 306),
(12, '11', 307),
(13, '2', 304),
(14, '1', 304),
(15, '1', 305);

-- --------------------------------------------------------

--
-- Table structure for table `bom_category`
--

CREATE TABLE IF NOT EXISTS `bom_category` (
  `id` int(11) NOT NULL AUTO_INCREMENT,
  `bom_category` varchar(20) NOT NULL,
  PRIMARY KEY (`id`)
) ENGINE=InnoDB  DEFAULT CHARSET=latin1 AUTO_INCREMENT=3 ;

--
-- Dumping data for table `bom_category`
--

INSERT INTO `bom_category` (`id`, `bom_category`) VALUES
(1, 'Electrical'),
(2, 'Mechanical');

-- --------------------------------------------------------

--
-- Table structure for table `category`
--

CREATE TABLE IF NOT EXISTS `category` (
  `id` int(11) NOT NULL AUTO_INCREMENT,
  `name` varchar(20) NOT NULL,
  `prefix` varchar(10) NOT NULL,
  PRIMARY KEY (`id`)
) ENGINE=InnoDB  DEFAULT CHARSET=latin1 AUTO_INCREMENT=20 ;

--
-- Dumping data for table `category`
--

INSERT INTO `category` (`id`, `name`, `prefix`) VALUES
(1, 'RESISTOR', 'RS01'),
(2, 'DIODE', 'DE05'),
(3, 'CONNECTOR', 'CR18'),
(4, 'LEDS', 'LD00'),
(5, 'ENCLOSURE', 'ES07'),
(6, 'ADAPTER', 'AR14'),
(7, 'INDUCTOR', 'IN08'),
(8, 'CAPACITOR', 'CP04'),
(9, 'HEAT SINK ', 'HS03'),
(10, 'MOSFET', 'MS02'),
(11, 'MOV', 'MOV11'),
(12, 'WIRE', 'WR12'),
(13, 'PCB', 'PCB09'),
(14, 'IC', 'IC15'),
(15, 'THERMISTOR', 'THM11'),
(16, 'TIMER', 'TIM00'),
(17, 'EQUIPMENT', 'EQ21'),
(18, 'ACCESSORIES', 'EQ10'),
(19, 'R AND D', 'RD');

-- --------------------------------------------------------

--
-- Table structure for table `clientcategory`
--

CREATE TABLE IF NOT EXISTS `clientcategory` (
  `id` int(11) NOT NULL AUTO_INCREMENT,
  `clientcategory` varchar(20) NOT NULL,
  PRIMARY KEY (`id`)
) ENGINE=InnoDB  DEFAULT CHARSET=latin1 AUTO_INCREMENT=8 ;

--
-- Dumping data for table `clientcategory`
--

INSERT INTO `clientcategory` (`id`, `clientcategory`) VALUES
(1, 'OEM'),
(3, 'Drivers & End Produc'),
(4, 'Class A'),
(5, 'Class B'),
(6, 'Class C'),
(7, 'Class D');

-- --------------------------------------------------------

--
-- Table structure for table `couriers`
--

CREATE TABLE IF NOT EXISTS `couriers` (
  `id` int(11) NOT NULL AUTO_INCREMENT,
  `couriers` varchar(20) NOT NULL,
  PRIMARY KEY (`id`)
) ENGINE=InnoDB  DEFAULT CHARSET=latin1 AUTO_INCREMENT=5 ;

--
-- Dumping data for table `couriers`
--

INSERT INTO `couriers` (`id`, `couriers`) VALUES
(1, 'DTDC Regular'),
(2, 'DTDC Plus'),
(3, 'Professional'),
(4, 'GMS Courier');

-- --------------------------------------------------------

--
-- Table structure for table `creditperiod`
--

CREATE TABLE IF NOT EXISTS `creditperiod` (
  `id` int(11) NOT NULL AUTO_INCREMENT,
  `period` int(11) NOT NULL,
  PRIMARY KEY (`id`)
) ENGINE=InnoDB  DEFAULT CHARSET=latin1 AUTO_INCREMENT=9 ;

--
-- Dumping data for table `creditperiod`
--

INSERT INTO `creditperiod` (`id`, `period`) VALUES
(1, 0),
(2, 7),
(3, 15),
(4, 30),
(5, 45),
(6, 60),
(7, 90),
(8, 180);

-- --------------------------------------------------------

--
-- Table structure for table `currentrange`
--

CREATE TABLE IF NOT EXISTS `currentrange` (
  `id` int(30) NOT NULL AUTO_INCREMENT,
  `currentrange` varchar(50) NOT NULL,
  `indexvalue` varchar(30) NOT NULL,
  PRIMARY KEY (`id`)
) ENGINE=InnoDB  DEFAULT CHARSET=latin1 AUTO_INCREMENT=14 ;

--
-- Dumping data for table `currentrange`
--

INSERT INTO `currentrange` (`id`, `currentrange`, `indexvalue`) VALUES
(1, '100~199', '1'),
(2, '200~299', '2'),
(3, '300~399', '3'),
(4, '400~499', '4'),
(5, '500~599', '5'),
(6, '600~699', '6'),
(7, '700~799', '7'),
(8, '800~899', '8'),
(9, '900~999', '9'),
(10, '1000~1199', '10'),
(11, '1200~1399', '11'),
(12, '1400~2000', '12'),
(13, '0~100', '0');

-- --------------------------------------------------------

--
-- Table structure for table `dashboarded`
--

CREATE TABLE IF NOT EXISTS `dashboarded` (
  `id` int(11) NOT NULL AUTO_INCREMENT,
  `modulename` varchar(50) NOT NULL,
  `status` bigint(20) NOT NULL,
  PRIMARY KEY (`id`)
) ENGINE=InnoDB  DEFAULT CHARSET=latin1 AUTO_INCREMENT=8 ;

--
-- Dumping data for table `dashboarded`
--

INSERT INTO `dashboarded` (`id`, `modulename`, `status`) VALUES
(1, 'NewsBlink', 1),
(2, 'News', 1),
(3, 'Stockdetails', 1),
(4, 'TotalExpenses', 1),
(5, 'TotalExpense', 1),
(7, 'Stock Quantity', 1);

-- --------------------------------------------------------

--
-- Table structure for table `drivertype`
--

CREATE TABLE IF NOT EXISTS `drivertype` (
  `id` int(30) NOT NULL AUTO_INCREMENT,
  `drivertype` varchar(50) NOT NULL,
  `indexvalue` varchar(30) NOT NULL,
  PRIMARY KEY (`id`)
) ENGINE=InnoDB  DEFAULT CHARSET=latin1 AUTO_INCREMENT=9 ;

--
-- Dumping data for table `drivertype`
--

INSERT INTO `drivertype` (`id`, `drivertype`, `indexvalue`) VALUES
(3, 'Bulb Driver', 'B'),
(4, 'Tube light driver', 'T'),
(5, 'Down light', 'D'),
(6, 'Streetlight', 'S'),
(8, 'Customized', 'C');

-- --------------------------------------------------------

--
-- Table structure for table `excisetax`
--

CREATE TABLE IF NOT EXISTS `excisetax` (
  `id` int(30) NOT NULL AUTO_INCREMENT,
  `excisetax` varchar(100) NOT NULL,
  `percent` varchar(50) NOT NULL,
  `description` varchar(50) NOT NULL,
  PRIMARY KEY (`id`)
) ENGINE=InnoDB  DEFAULT CHARSET=latin1 AUTO_INCREMENT=4 ;

--
-- Dumping data for table `excisetax`
--

INSERT INTO `excisetax` (`id`, `excisetax`, `percent`, `description`) VALUES
(1, 'EXCISE', '6.18', 'Excise 6.18%'),
(2, 'EXCISE', '10.36', 'EXCISE 10.36%'),
(3, 'EXCISE', '12.36', 'EXCISE 12.36%');

-- --------------------------------------------------------

--
-- Table structure for table `ic`
--

CREATE TABLE IF NOT EXISTS `ic` (
  `id` int(30) NOT NULL AUTO_INCREMENT,
  `ic` varchar(50) NOT NULL,
  `indexvalue` varchar(30) NOT NULL,
  PRIMARY KEY (`id`)
) ENGINE=InnoDB  DEFAULT CHARSET=latin1 AUTO_INCREMENT=8 ;

--
-- Dumping data for table `ic`
--

INSERT INTO `ic` (`id`, `ic`, `indexvalue`) VALUES
(1, 'SM3300', 'A'),
(2, 'SM7385', 'B'),
(3, 'SM8100', 'C'),
(4, 'SM2601A', 'D'),
(5, 'SM2601', 'E'),
(6, 'SM6300B', 'F'),
(7, 'SM6350', 'G');

-- --------------------------------------------------------

--
-- Table structure for table `industry_category`
--

CREATE TABLE IF NOT EXISTS `industry_category` (
  `id` int(11) NOT NULL AUTO_INCREMENT,
  `name` varchar(20) NOT NULL,
  PRIMARY KEY (`id`)
) ENGINE=InnoDB  DEFAULT CHARSET=latin1 AUTO_INCREMENT=7 ;

--
-- Dumping data for table `industry_category`
--

INSERT INTO `industry_category` (`id`, `name`) VALUES
(1, 'Syratron'),
(2, 'Mall'),
(3, 'Hospital'),
(4, 'Apartment'),
(5, 'Customer'),
(6, 'Factory');

-- --------------------------------------------------------

--
-- Table structure for table `inhouse_categories`
--

CREATE TABLE IF NOT EXISTS `inhouse_categories` (
  `id` int(11) NOT NULL AUTO_INCREMENT,
  `name` varchar(50) NOT NULL,
  PRIMARY KEY (`id`)
) ENGINE=InnoDB  DEFAULT CHARSET=latin1 AUTO_INCREMENT=6 ;

--
-- Dumping data for table `inhouse_categories`
--

INSERT INTO `inhouse_categories` (`id`, `name`) VALUES
(1, 'PRODUCTION'),
(2, 'TESTING'),
(3, 'ACCOUNTS'),
(4, 'RESEARCH  '),
(5, 'Tester');

-- --------------------------------------------------------

--
-- Table structure for table `inhouse_status`
--

CREATE TABLE IF NOT EXISTS `inhouse_status` (
  `id` int(11) NOT NULL AUTO_INCREMENT,
  `status` varchar(11) NOT NULL,
  PRIMARY KEY (`id`)
) ENGINE=InnoDB  DEFAULT CHARSET=latin1 AUTO_INCREMENT=5 ;

--
-- Dumping data for table `inhouse_status`
--

INSERT INTO `inhouse_status` (`id`, `status`) VALUES
(1, 'NotApproved'),
(2, 'Approved'),
(3, 'Issued'),
(4, 'NotIssued');

-- --------------------------------------------------------

--
-- Table structure for table `internal_po`
--

CREATE TABLE IF NOT EXISTS `internal_po` (
  `id` int(11) NOT NULL AUTO_INCREMENT,
  `inhouse_categoryid` int(11) NOT NULL,
  `requirement_specification` varchar(100) NOT NULL,
  `quantity` bigint(20) NOT NULL,
  `cost` bigint(20) NOT NULL,
  `user` varchar(11) NOT NULL,
  `inhouse_statusid` int(11) DEFAULT NULL,
  `approval` text NOT NULL,
  PRIMARY KEY (`id`),
  KEY `inhouse_categoryid` (`inhouse_categoryid`),
  KEY `status` (`inhouse_statusid`),
  KEY `inhouse_statusid` (`inhouse_statusid`)
) ENGINE=InnoDB  DEFAULT CHARSET=latin1 AUTO_INCREMENT=2 ;

--
-- Dumping data for table `internal_po`
--

INSERT INTO `internal_po` (`id`, `inhouse_categoryid`, `requirement_specification`, `quantity`, `cost`, `user`, `inhouse_statusid`, `approval`) VALUES
(1, 1, '2423423sdfdasf', 323, 23423, '1', 2, ',2');

-- --------------------------------------------------------

--
-- Table structure for table `invoice`
--

CREATE TABLE IF NOT EXISTS `invoice` (
  `id` bigint(20) NOT NULL AUTO_INCREMENT,
  `vendorid` bigint(20) NOT NULL,
  `number` varchar(10) NOT NULL,
  `invoicedate` datetime NOT NULL,
  `excise` varchar(50) NOT NULL,
  `exciseamount` varchar(50) NOT NULL,
  `excisetax` varchar(21) NOT NULL,
  `couriers` int(30) NOT NULL,
  `sfile` longtext NOT NULL,
  `type` varchar(255) NOT NULL,
  `size` int(255) NOT NULL,
  `tmp_name` varchar(255) NOT NULL,
  PRIMARY KEY (`id`),
  KEY `vendorid` (`vendorid`)
) ENGINE=InnoDB  DEFAULT CHARSET=latin1 AUTO_INCREMENT=140 ;

--
-- Dumping data for table `invoice`
--

INSERT INTO `invoice` (`id`, `vendorid`, `number`, `invoicedate`, `excise`, `exciseamount`, `excisetax`, `couriers`, `sfile`, `type`, `size`, `tmp_name`) VALUES
(139, 7, '1', '2014-11-05 00:00:00', '0', '', '', 0, '', '', 0, '');

-- --------------------------------------------------------

--
-- Table structure for table `issuance`
--

CREATE TABLE IF NOT EXISTS `issuance` (
  `id` bigint(20) NOT NULL AUTO_INCREMENT,
  `number` varchar(20) NOT NULL,
  `issueddate` datetime NOT NULL,
  `issuancedate` date NOT NULL,
  PRIMARY KEY (`id`)
) ENGINE=InnoDB  DEFAULT CHARSET=latin1 AUTO_INCREMENT=22 ;

--
-- Dumping data for table `issuance`
--

INSERT INTO `issuance` (`id`, `number`, `issueddate`, `issuancedate`) VALUES
(1, '2014110000001', '2014-11-04 12:36:07', '2014-11-04'),
(2, '2014110000002', '2014-11-04 12:38:39', '2014-11-04'),
(3, '2014110000003', '2014-11-04 12:42:34', '2014-11-04'),
(4, '2014110000004', '2014-11-04 12:43:52', '2014-11-04'),
(5, '2014110000005', '2014-11-04 12:45:47', '2014-11-04'),
(6, '2014110000006', '2014-11-04 12:47:03', '2014-11-04'),
(7, '2014110000007', '2014-11-04 12:49:51', '2014-11-04'),
(8, '2014110000008', '2014-11-04 12:51:37', '2014-11-04'),
(9, '2014110000009', '2014-11-04 12:52:09', '2014-11-04'),
(10, '2014110000010', '2014-11-04 13:01:03', '2014-11-04'),
(11, '2014110000011', '2014-11-05 11:23:26', '2014-11-05'),
(12, '2014110000012', '2014-11-05 11:27:11', '2014-11-05'),
(13, '2014110000013', '2014-11-05 11:31:23', '2014-11-05'),
(14, '2014110000014', '2014-11-05 12:04:55', '2014-11-05'),
(15, '2014110000015', '2014-11-05 12:05:44', '2014-11-05'),
(16, '2014110000016', '2014-11-05 15:09:34', '2014-11-05'),
(17, '2014110000017', '2014-11-05 15:12:29', '2014-11-05'),
(18, '2014110000018', '2014-11-05 15:12:55', '2014-11-05'),
(19, '2014110000019', '2014-11-05 15:13:22', '2014-11-05'),
(20, '2014110000020', '2014-11-05 15:17:56', '2014-11-05'),
(21, '2014120000001', '2014-12-20 15:53:13', '2014-12-20');

-- --------------------------------------------------------

--
-- Table structure for table `issuanceuser`
--

CREATE TABLE IF NOT EXISTS `issuanceuser` (
  `id` int(15) NOT NULL AUTO_INCREMENT,
  `issuanceuser` varchar(300) NOT NULL,
  PRIMARY KEY (`id`)
) ENGINE=MyISAM  DEFAULT CHARSET=latin1 AUTO_INCREMENT=36 ;

--
-- Dumping data for table `issuanceuser`
--

INSERT INTO `issuanceuser` (`id`, `issuanceuser`) VALUES
(23, 'kranataka micro'),
(22, 'Production'),
(21, 'Preethi Shivanand'),
(6, 'mahendra'),
(7, 'chandrashekar'),
(20, 'Lokesh M S'),
(19, 'Kumar G K'),
(18, 'Wasim Ahmed'),
(12, 'rajesh'),
(13, 'admin'),
(14, 'Pentamine'),
(15, 'Flipchip Electronics'),
(16, 'EMADS'),
(17, 'MICROWAVE'),
(24, 'R & D'),
(26, ' syratron'),
(27, 'UNNATHI ELECTRONICS'),
(28, 'Rework'),
(29, 'AVINASH'),
(30, 'karthik'),
(31, 'Neulite products pvt ltd'),
(32, 'Vijay.s'),
(33, 'Raghu.g'),
(34, 'Shobha.mn'),
(35, 'DIVYA');

-- --------------------------------------------------------

--
-- Table structure for table `kitting`
--

CREATE TABLE IF NOT EXISTS `kitting` (
  `id` int(11) NOT NULL AUTO_INCREMENT,
  `kittingname` varchar(30) NOT NULL,
  `productcode` varchar(20) NOT NULL,
  `rawmeterialcode` varchar(30) NOT NULL,
  `quantity` int(11) NOT NULL,
  `reference` varchar(50) NOT NULL,
  `partnumber` varchar(35) NOT NULL,
  `unitcost` float NOT NULL,
  `total` float NOT NULL,
  `stock` int(11) NOT NULL,
  `kittingquantity` int(11) NOT NULL,
  `totalprice` int(11) NOT NULL,
  `vendorname` varchar(35) NOT NULL,
  PRIMARY KEY (`id`)
) ENGINE=InnoDB  DEFAULT CHARSET=latin1 AUTO_INCREMENT=3 ;

--
-- Dumping data for table `kitting`
--

INSERT INTO `kitting` (`id`, `kittingname`, `productcode`, `rawmeterialcode`, `quantity`, `reference`, `partnumber`, `unitcost`, `total`, `stock`, `kittingquantity`, `totalprice`, `vendorname`) VALUES
(1, 'KIT1-334', '300000', 'DE05006', 15, 'sasd', 'M7', 11.75, 176.25, 1350, 5010, 58868, 'Test Company'),
(2, 'KIT1-334', '300000', 'DE05001', 14, '1123', 'MB10S', 12, 168, 1000, 4676, 56112, 'Test Company');

-- --------------------------------------------------------

--
-- Table structure for table `latestnews`
--

CREATE TABLE IF NOT EXISTS `latestnews` (
  `id` bigint(20) NOT NULL AUTO_INCREMENT,
  `news` text NOT NULL,
  `enable` tinyint(4) NOT NULL,
  PRIMARY KEY (`id`)
) ENGINE=InnoDB  DEFAULT CHARSET=latin1 AUTO_INCREMENT=5 ;

--
-- Dumping data for table `latestnews`
--

INSERT INTO `latestnews` (`id`, `news`, `enable`) VALUES
(4, 'We are a product oriented company thriving to be one of the best in class. Pentamine Technologies was founded in 2007 and registered as a private limited company in 2010, Bangalore, India. Now with a list of products in Live Streaming and other domains, we are trying to realize our dreams.. ', 1);

-- --------------------------------------------------------

--
-- Table structure for table `leads`
--

CREATE TABLE IF NOT EXISTS `leads` (
  `id` bigint(20) NOT NULL AUTO_INCREMENT,
  `name` varchar(25) NOT NULL,
  `address` varchar(250) NOT NULL,
  `email_id` varchar(100) NOT NULL,
  `contact_no` varchar(15) NOT NULL,
  `contact_person1` varchar(25) NOT NULL,
  `designation1` varchar(25) NOT NULL,
  `email_id1` varchar(100) NOT NULL,
  `contact_no1` varchar(15) NOT NULL,
  `contact_person2` varchar(25) NOT NULL,
  `designation2` varchar(25) NOT NULL,
  `email_id2` varchar(100) NOT NULL,
  `contact_no2` varchar(15) NOT NULL,
  `client_category_id` int(20) NOT NULL,
  `reference_id` bigint(20) NOT NULL,
  `reference_group_id` bigint(20) NOT NULL,
  `industry_category_id` int(11) NOT NULL,
  `add_to_account` tinyint(4) NOT NULL,
  PRIMARY KEY (`id`),
  KEY `vendor_category_id` (`client_category_id`),
  KEY `industry_category_id` (`industry_category_id`),
  KEY `reference_id` (`reference_id`),
  KEY `reference_group_id` (`reference_group_id`)
) ENGINE=InnoDB  DEFAULT CHARSET=latin1 AUTO_INCREMENT=39 ;

--
-- Dumping data for table `leads`
--

INSERT INTO `leads` (`id`, `name`, `address`, `email_id`, `contact_no`, `contact_person1`, `designation1`, `email_id1`, `contact_no1`, `contact_person2`, `designation2`, `email_id2`, `contact_no2`, `client_category_id`, `reference_id`, `reference_group_id`, `industry_category_id`, `add_to_account`) VALUES
(1, 'Anusolar', '248, Industrial Area, 3rd Phase, 3rd Cross, 8th Main, Bengaluru, Karnataka 560058', 'develop@anusolar.com', '080 4355 0200', 'Ruthwik', 'Design Engineer', 'jomy@anusolar.com', '080 4355 0200', 'Jomy', 'Director', 'jomy@anusolar.com', '080 4355 0200', 1, 1, 1, 1, 1),
(2, 'Syratron Technologies', '203,Copper Arch 83, Infantry Road,Bangalore-560001', 'info@syratron.com', '08025591031', 'Santosh', 'Sales Executive', 'santosh@syratron.com', '9686344744', 'HarishWagela', 'Senior Product Manager', 'harish@syratron.com', '9920447473', 3, 2, 1, 5, 1),
(3, 'Avyaya Technologies Pvt L', 'No-20, 2nd main road Behind swastik complex, Sheshadripuram Bangalore-560020', 'www.savitru.com', '9880838568', 'Ravindra.SB', 'Engineer R&D', 'ravindra@savitru.com', '9880838568', 'Ravindra.SB', 'Engineer R&D', 'ravindra@savitru.com', '9880838568', 1, 1, 1, 1, 6),
(4, 'DBD optics', 'No-3, 1st Floor,Sunrise Layout, Yelechenahalli,Bangalore-62', 'gsr1956@gmail.com', '9538874697', 'GS RAO', 'Chief Executive Officer', 'gsr1956@gmail.com', '9483532966', 'GS RAO', 'Chief Executive Officer', 'gsr1956@gmail.com', '9483532966', 1, 1, 1, 1, 6),
(5, 'Energy efficient lights', 'No-179/2 Sampige Nagar, Huskur Gate Electronic City Post Bangalore-560100', 'deepak@energyefficientlights.in', '9886668661', 'Deepak.A', 'Manager-Project', 'deepak@energyefficientlights.in', '9886668661', 'Deepak.A', 'Manager-Project', 'deepak@energyefficientlights.in', '9886668661', 1, 1, 1, 1, 6),
(6, 'Digifluc', 'No-892, 2nd Floor, MES Ring Road, Muthyalanagar, jalahalli, Bangalore-560054', 'deepak@enerpax.com', '9538803036', 'Deepak HH', 'Business Head', 'deepak@enerpax.com', '9538803036', 'Deepak HH', 'Business Head', 'deepak@enerpax.com', '9538803036', 1, 1, 1, 1, 6),
(7, 'Deepa Solar Systems Pvt.L', 'Old Outer Ring Rd, 7 Block, Stage 2, Nagarabhavi, Bangalore, Karnataka 560072', 'info@deepasolar.com', '080 2318 8484', 'Bhanumathi', 'BDM', 'bhanu@deepasolar.com', '9880215125', 'Bhanumathi', 'BDM', 'bhanu@deepasolar.com', '9880215125', 1, 1, 1, 1, 6),
(8, 'silicon technologies', '#63/4, Site No.5, P&T Layout Road, Muthurayaswamy Layout, Srigandada Kavalu, Sunkadakatte, Bangalore, Karnataka 560091', 'mohan@siliconindia.co.in', '9945112906', 'K.RamMohan', 'Chief Executive Officer', 'mohan@siliconindia.co.in', '9945112906', 'K.RamMohan', 'Chief Executive Officer', 'mohan@siliconindia.co.in', '9945112906', 1, 1, 1, 1, 6),
(9, 'Teamtronix India Pvt Ltd', 'No-61 MDM Road Frazer Town Bangalore-560005', 'afroze@teamtronix.in', '9980092410', 'Afroze Pasha HS', 'COO', 'afroze@teamtronix.in', '9980092410', 'Afroze Pasha HS', 'COO', 'afroze@teamtronix.in', '9980092410', 1, 1, 1, 1, 6),
(10, 'kripa lights', 'No-18 1st floor Next to maruthi Timber Traders Veerasandra, Hosur Road Bangalore-560100', 'naresh@kripatelecom.org', '8892072059', 'Naresh', 'Manager', 'naresh@kripatelecom.org', '8892072059', 'Naresh', 'Manager', 'naresh@kripatelecom.org', '8892072059', 1, 1, 1, 1, 6),
(11, 'greenwich Nexn Energy Sol', 'Greenwich Nexen Energy Solutions Private Limited 90/B, 2nd Main Road Electronic City Phase 1 Bangalore 560 100, India.', '?sales@greenwichnexen.com', '+91 80 65690070', 'palani Ramasamy', 'Design Engineer', 'palani.ramasamy@greenwichnexen.com', '8867873852', 'palani Ramasamy', 'Design Engineer', 'palani.ramasamy@greenwichnexen.com', '8867873852', 1, 1, 1, 1, 6),
(12, 'Spectrum Tools Engineers ', '#168, BHEL 2nd Stage North,Rajarajeswarinagar,Bangalore 560 098', 'santhosh@spectrummoulds.com', '9886745673', 'Santhosh', 'Project Head', 'santhosh@spectrummoulds.com', '9886745673', 'Santhosh', 'Project Head', 'santhosh@spectrummoulds.com', '9886745673', 1, 1, 1, 1, 6),
(13, 'aargee equipments pvt ltd', '1105, Kamli Complex, Otc Road, Otc Road, Bengaluru, Karnataka 560002', 'santhosh@aargee.net', '080 2222 7016', 'Santhosh', 'Chief Executive Officer', 'santhosh@aargee.net', '080 2222 7016', 'Santhosh', 'Chief Executive Officer', 'santhosh@aargee.net', '080 2222 7016', 1, 1, 1, 1, 6),
(14, 'promptec Renewable Energy', 'Shibra farms, nagasandra main road, near 8th mile, tumkur road', 'nikhil.das@promptec.in', '9845007313', 'NikhilDas', 'Director', 'nikhil.das@promptec.in', '9845007313', 'NikhilDas', 'Director', 'nikhil.das@promptec.in', '9845007313', 1, 1, 1, 1, 6),
(15, 'parshwanath industries', 'No-67-61, Ground Floor, 2nd main, Industrial Town Rajajinagar Bangalore -560044', 'parshwanath_lighting@yahoo.com', '9845038597', 'Kishore S Jain', 'Chief Executive Officer', 'parshwanath_lighting@yahoo.com', '9845038597', 'Kishore S Jain', 'Chief Executive Officer', 'parshwanath_lighting@yahoo.com', '9845038597', 1, 1, 1, 1, 6),
(16, 'uttam industries', 'No-52 A main Road, new timberyard layout, Mysore Road cross Bangalore - 560026', 'sal_uttam@yahoo.co.in', '9449815108', 'D. Uttam Chand', 'Director', 'sal_uttam@yahoo.co.in', '9449815108', 'D. Uttam Chand', 'Director', 'sal_uttam@yahoo.co.in', '9449815108', 1, 1, 1, 1, 6),
(17, 'supra', '784, 15th Cross between 35th & 36th Main, 100 feet Ring Road, J.P Nagar - 1st Phase Bangalore - 560078', 'sureshkamat@supraenergy.in', '9980550070', 'Sureshkamat', 'Chief Executive Officer', 'sureshkamat@supraenergy.in', '9980550070', 'Sureshkamat', 'Chief Executive Officer', 'sureshkamat@supraenergy.in', '9980550070', 1, 1, 1, 1, 6),
(18, 'Trishul green lights', '#1, Balaji Avenue, 2nd Stage  Attur Main Road Yelahanka Bangalore-560 064', 'info@trishulgreenlights.com', '09342521120?', 'vijay', 'Director', 'info@trishulgreenlights.com', '09342521120?', 'vijay', 'Director', 'info@trishulgreenlights.com', '09342521120?', 1, 1, 1, 1, 6),
(19, 'premier lights', '?Shop Number- 57/A, Behind Laxmi Vallaba Kalyana Mantapa, 6th Main Rd, Kamakshipalya, Bangalore, Karnataka 560079', 'info@premierlight.com', '913 541-8239', 'jain', 'Director', 'info@premierlight.com', '913 541-8239', 'jain', 'Director', 'info@premierlight.com', '913 541-8239', 1, 1, 1, 1, 6),
(20, 'Corbon reduction technolo', '#54 Near Airforce Gate MS Palya, Jalahalli East. Bangalore-560079', 'vivek@carbonreductiontechnology.com', '9902964217', 'Vivek PV', 'Purchase Manager', 'vivek@carbonreductiontechnology.com', '9902964217', 'Vivek PV', 'Purchase Manager', 'vivek@carbonreductiontechnology.com', '9902964217', 1, 1, 1, 1, 6),
(21, 'Sumedha', '# 47 3rd cross lalbagh main road Bangalore-560027', 'manjunath@seecol.co.in', '9686684106', 'manjunath K', 'Operations Manager', 'manjunath@seecol.co.in', '9686684106', 'manjunath K', 'Operations Manager', 'manjunath@seecol.co.in', '9686684106', 1, 1, 1, 1, 6),
(22, 'Pasolite Electricals Pvt ', 'No-7 Kilari Road 14th cross Bangalore-560053', 'ganpat800@gmail.com', '9900161800', 'ganpat jain', 'Managing Director', 'ganpat800@gmail.com', '9900161800', 'ganpat jain', 'Managing Director', 'ganpat800@gmail.com', '9900161800', 1, 1, 1, 1, 6),
(23, 'maruthi solar', 'No-35/1, 4th cross Doddanna Industrial Estate Road Hegganahalli Peenya 2nd stage', 'bhnayak@maruthisolar.com', '9980140804', 'BH Nayak', 'Chief Executive Officer', 'bhnayak@maruthisolar.com', '9980140804', 'BH Nayak', 'Chief Executive Officer', 'bhnayak@maruthisolar.com', '9980140804', 1, 1, 1, 1, 6),
(24, 'LED geo', 'No-42 & 43 1st Cross Gandhinagar near Aravind Eye Hospital Thavalakuppam, PUDUCHERRY - 605007', 'pouchepakaran@gmail.com', '9486749398', 'P.Pouchepakaran', 'Director-Technical', 'pouchepakaran@gmail.com', '9486749398', 'P.Pouchepakaran', 'Director-Technical', 'pouchepakaran@gmail.com', '9486749398', 1, 1, 1, 1, 6),
(25, 'Phocos india solar Pvt Lt', 'Plot No 8 9&10 east coast road (E.C.R), Krishna Nagar Lawspet  Puducherry-605008', 'zaveed@phocos.co.in', '9629411662', 'Zaveed Raheem. C', 'R&D Engineer', 'zaveed@phocos.co.in', '9629411662', 'Zaveed Raheem. C', 'R&D Engineer', 'zaveed@phocos.co.in', '9629411662', 1, 1, 1, 1, 6),
(26, 'Greaps LED', 'No-16 grapes Tower Kunichampet main road Koraikani post, Puducherry - 605501', 'grapesindia3@gmail.com', '4136501119', 'Suvedanan', 'Managing Director', 'grapesindia3@gmail.com', '4136501119', 'Suvedanan', 'Managing Director', 'grapesindia3@gmail.com', '4136501119', 1, 1, 1, 1, 6),
(27, 'Rubicon Techno Projects', 'Santhiniketan bldg palarivattom', 'jc_infra@yahoo.com', '9388467901', 'Johnson chacko', 'Chief Executive Officer', 'jc_infra@yahoo.com', '9388467901', 'Johnson chacko', 'Chief Executive Officer', 'jc_infra@yahoo.com', '9388467901', 1, 1, 1, 1, 6),
(28, 'Nippo', 'Pottipati Plaza, 4th Floor 77 Nungambakkam High Road Chennai - 600034', 'pnagaraju@nippobatteries.com', '9791167143', 'P.Nagaraju', 'Asst Manager- Sales', 'pnagaraju@nippobatteries.com', '9791167143', 'P.Nagaraju', 'Asst Manager- Sales', 'pnagaraju@nippobatteries.com', '9791167143', 1, 1, 1, 1, 1),
(29, 'K-LITE Industries', 'D-10 Ambattur Industrial Estate Chennai - 600058', 'info@klite.in', '26257710', 'Sharmila Kumbhat', 'Director-Business Develop', 'info@klite.in', '26257710', 'Sharmila Kumbhat', 'Director-Business Develop', 'info@klite.in', '26257710', 1, 1, 1, 1, 6),
(30, 'quantum dots', '9-jeevarathnam street KSR Nagar Ambattur Chennai 600053 ', 'quantumdots@in.com', '9840506376', 'TA BaBu', 'Managing Director', 'quantumdots@in.com', '9840506376', 'TA BaBu', 'Managing Director', 'quantumdots@in.com', '9840506376', 1, 1, 1, 1, 6),
(31, 'Bulgin Elmec Pvt Ltd', 'No-2/10 krishna industrial Estate Mettukuppam Vanagaram Chennai 600095', 'info@buljin.com', '9841698491', 'Hari Krishna', 'Managing Director', 'info@buljin.com', '9841698491', 'Hari Krishna', 'Managing Director', 'info@buljin.com', '9841698491', 1, 1, 1, 1, 6),
(32, 'Naba green Energy Private', 'No-5A First main Road United india nagar Ayanavaram Chennai - 600023', 'prem.kora@nabagreen.com', '9940626560', 'PremKumarKora', 'Managing Director', 'prem.kora@nabagreen.com', '9940626560', 'PremKumarKora', 'Managing Director', 'prem.kora@nabagreen.com', '9940626560', 1, 1, 1, 1, 1),
(33, 'Jain lite Shoppe', '570/2 Anna Salai Opp DMS Bldg Teynampet Chennai 600018', 'jains05@hotmail.com', '42166875', 'Pravesh jain', 'Managing Director', 'jains05@hotmail.com', '42166875', 'Pravesh jain', 'Managing Director', 'jains05@hotmail.com', '42166875', 1, 1, 1, 1, 6),
(34, 'Krome lighting technology', 'No-10 Ekambaram Industrial Estste Alapakkam Porrur Chennai 600116', 's.srinivasan@kromeled.in', '9380033500', 'S.srinivasan', 'chief Operating Officer', 's.srinivasan@kromeled.in', '9380033500', 'S.srinivasan', 'chief Operating Officer', 's.srinivasan@kromeled.in', '9380033500', 1, 1, 1, 1, 6),
(36, 'inventaa', 'No-8 First Floor Leo Industrial Estate Pallikarani Chennai - 600100', 'inventaa99@gmail.com', '9381017164', 'Ravi', 'Managing Director', 'inventaa99@gmail.com', '9381017164', 'Ravi', 'Managing Director', 'inventaa99@gmail.com', '9381017164', 1, 1, 1, 1, 6),
(37, 'ECDS', 'Plot no-16-A Block CSEZ Kakkanad Kochi - 682037', 'apoulose@ecdsin.com', '9447713108', 'Annie Poulose K', 'Asst GeneralManager', 'apoulose@ecdsin.com', '9447713108', 'Annie Poulose K', 'Asst GeneralManager', 'apoulose@ecdsin.com', '9447713108', 1, 2, 1, 1, 1),
(38, 'Avni Energy solutions', ' 39-5 8th crossyelachenahalli', 'sunil@avnienergy.com', '08026860337', 'Sunil S Bhonsle', 'Manager-Design & Developm', 'sunil@avnienergy.com', '9741711224', 'Sunil S Bhonsle', 'Manager-Design & Developm', 'sunil@avnienergy.com', '9741711224', 1, 2, 1, 6, 0);

-- --------------------------------------------------------

--
-- Table structure for table `leadscomments`
--

CREATE TABLE IF NOT EXISTS `leadscomments` (
  `id` bigint(20) NOT NULL AUTO_INCREMENT,
  `leadid` bigint(20) NOT NULL,
  `commentsdate` datetime NOT NULL,
  `comments` varchar(50) NOT NULL,
  `followupdate` date NOT NULL,
  `updatedby` bigint(20) NOT NULL,
  PRIMARY KEY (`id`)
) ENGINE=InnoDB  DEFAULT CHARSET=latin1 AUTO_INCREMENT=2 ;

--
-- Dumping data for table `leadscomments`
--

INSERT INTO `leadscomments` (`id`, `leadid`, `commentsdate`, `comments`, `followupdate`, `updatedby`) VALUES
(1, 1, '2014-06-05 19:25:32', 'Test ', '2014-06-12', 1);

-- --------------------------------------------------------

--
-- Table structure for table `location`
--

CREATE TABLE IF NOT EXISTS `location` (
  `id` bigint(20) NOT NULL AUTO_INCREMENT,
  `name` varchar(20) NOT NULL,
  PRIMARY KEY (`id`)
) ENGINE=InnoDB  DEFAULT CHARSET=latin1 AUTO_INCREMENT=63 ;

--
-- Dumping data for table `location`
--

INSERT INTO `location` (`id`, `name`) VALUES
(6, 'Rack A1'),
(7, 'Rack A2'),
(8, 'Rack A3'),
(9, 'Rack A4'),
(10, 'Rack A5'),
(11, 'Rack A6'),
(12, 'Rack B1'),
(13, 'Rack B2'),
(14, 'Rack B3'),
(15, 'Rack B4'),
(16, 'Rack B5'),
(17, 'Rack B6'),
(18, 'Rack C1'),
(19, 'Rack C2'),
(20, 'Rack C3'),
(21, 'Rack C4'),
(22, 'Rack C5'),
(23, 'Rack C6'),
(24, 'Rack D1'),
(25, 'Rack D2'),
(26, 'Rack D3'),
(27, 'Rack D4'),
(28, 'Rack D6'),
(29, 'Rack D5'),
(30, 'Rack E1'),
(31, 'Rack E2'),
(32, 'Rack E3'),
(33, 'Rack E4'),
(34, 'Rack E5'),
(35, 'Rack E6'),
(36, 'Rack F1'),
(37, 'Rack F2'),
(38, 'Rack F3'),
(39, 'Rack F4'),
(40, 'Rack F5'),
(41, 'Rack F6'),
(42, 'Rack G1'),
(43, 'Rack G2'),
(44, 'Rack G3'),
(45, 'Rack G4'),
(46, 'Rack G5'),
(47, 'Rack G6'),
(48, 'Rack H1'),
(49, 'Rack H2'),
(50, 'Rack H3'),
(51, 'Rack H4'),
(52, 'Rack H5'),
(53, 'Rack H6'),
(54, 'J1'),
(55, 'J2'),
(56, 'J3'),
(57, 'J4'),
(58, 'J5'),
(59, 'RACK A'),
(60, 'A'),
(61, 'RACK B'),
(62, 'RACK C');

-- --------------------------------------------------------

--
-- Table structure for table `news`
--

CREATE TABLE IF NOT EXISTS `news` (
  `id` int(11) NOT NULL AUTO_INCREMENT,
  `news` text NOT NULL,
  `enable` tinyint(4) NOT NULL,
  PRIMARY KEY (`id`)
) ENGINE=InnoDB  DEFAULT CHARSET=latin1 AUTO_INCREMENT=11 ;

--
-- Dumping data for table `news`
--

INSERT INTO `news` (`id`, `news`, `enable`) VALUES
(9, 'We aim to win your "Trust". "Our happiness resides in customer’s satisfaction".`CREATIVITY, TEAM WORK, COMMITMENT, INNOVATION & COLLECTIVE SOCIAL RESPONSIBILITY.`ZebCaster enables a shift in live video acquisition away from expensive satellite transmission, delivering a cost-effective cellular alternative that offers resilient broadcast-quality video up link while enhancing freedom of mobility in the field for all live broadcast media outlets.', 1),
(10, 'erwerwersdfsdf', 0);

-- --------------------------------------------------------

--
-- Table structure for table `oppurtunities`
--

CREATE TABLE IF NOT EXISTS `oppurtunities` (
  `id` bigint(20) NOT NULL AUTO_INCREMENT,
  `lead_id` bigint(20) NOT NULL,
  `description` varchar(250) NOT NULL,
  `product_id` bigint(20) NOT NULL,
  `others` varchar(200) NOT NULL,
  `quantity` bigint(20) NOT NULL,
  `date` date NOT NULL,
  `contact_person` varchar(25) NOT NULL,
  `designation` varchar(25) NOT NULL,
  `email_id` varchar(50) NOT NULL,
  `contact_no` varchar(15) NOT NULL,
  `company` varchar(50) NOT NULL,
  PRIMARY KEY (`id`),
  KEY `lead_id` (`lead_id`),
  KEY `product_id` (`product_id`),
  KEY `lead_id_2` (`lead_id`),
  KEY `product_id_2` (`product_id`)
) ENGINE=InnoDB DEFAULT CHARSET=latin1 AUTO_INCREMENT=1 ;

-- --------------------------------------------------------

--
-- Table structure for table `oppurtunities_comments`
--

CREATE TABLE IF NOT EXISTS `oppurtunities_comments` (
  `id` bigint(20) NOT NULL AUTO_INCREMENT,
  `status_id` int(11) NOT NULL,
  `oppurtunities_id` bigint(20) NOT NULL,
  `amount` double NOT NULL,
  `comments` varchar(350) NOT NULL,
  `date` date NOT NULL,
  `date_update` date NOT NULL,
  PRIMARY KEY (`id`),
  KEY `status_id` (`status_id`),
  KEY `oppurtunities_id` (`oppurtunities_id`)
) ENGINE=InnoDB DEFAULT CHARSET=latin1 AUTO_INCREMENT=1 ;

-- --------------------------------------------------------

--
-- Table structure for table `oppurtunity_status`
--

CREATE TABLE IF NOT EXISTS `oppurtunity_status` (
  `id` int(11) NOT NULL AUTO_INCREMENT,
  `status` varchar(20) NOT NULL,
  `enabled` tinyint(4) NOT NULL,
  `sortorder` bigint(20) NOT NULL,
  PRIMARY KEY (`id`)
) ENGINE=InnoDB  DEFAULT CHARSET=latin1 AUTO_INCREMENT=15 ;

--
-- Dumping data for table `oppurtunity_status`
--

INSERT INTO `oppurtunity_status` (`id`, `status`, `enabled`, `sortorder`) VALUES
(2, 'Prospecting', 1, 1),
(3, 'Analysis', 1, 2),
(4, 'Presentation', 1, 3),
(5, 'Samples Provided', 1, 4),
(6, 'Samples Approved', 1, 5),
(7, 'Negotiation to Pilot', 1, 6),
(8, 'Pilot Lot Order', 1, 7),
(9, 'Quoted', 1, 8),
(10, 'Find Review', 1, 9),
(11, 'Hold/Postpone', 1, 10),
(12, 'Closed/Won', 1, 11),
(13, 'Closed/Lost', 1, 12),
(14, 'Others', 1, 13);

-- --------------------------------------------------------

--
-- Table structure for table `product`
--

CREATE TABLE IF NOT EXISTS `product` (
  `id` bigint(20) NOT NULL AUTO_INCREMENT,
  `productcode` int(30) NOT NULL,
  `description` varchar(50) NOT NULL,
  `watt` int(11) NOT NULL,
  `wattmax` int(11) NOT NULL,
  `inputvoltage` int(11) NOT NULL,
  `inputvoltagemax` int(11) NOT NULL,
  `outputvoltage` int(11) NOT NULL,
  `outputvoltagemax` int(11) NOT NULL,
  `outputcurrent` int(11) NOT NULL,
  `efficiency` varchar(11) NOT NULL,
  `l` int(11) NOT NULL,
  `b` int(11) NOT NULL,
  `h` int(11) NOT NULL,
  `packquantity` int(11) NOT NULL,
  `remarks` text NOT NULL,
  PRIMARY KEY (`id`),
  KEY `productcode` (`productcode`),
  KEY `productcode_2` (`productcode`),
  KEY `productcode_3` (`productcode`)
) ENGINE=InnoDB  DEFAULT CHARSET=latin1 AUTO_INCREMENT=46 ;

--
-- Dumping data for table `product`
--

INSERT INTO `product` (`id`, `productcode`, `description`, `watt`, `wattmax`, `inputvoltage`, `inputvoltagemax`, `outputvoltage`, `outputvoltagemax`, `outputcurrent`, `efficiency`, `l`, `b`, `h`, `packquantity`, `remarks`) VALUES
(5, 6, '1W--5W  300mA  \r\n', 1, 5, 110, 265, 3, 15, 300, '>70%', 0, 0, 0, 500, 'Open Frame'),
(6, 7, '1W--4W  300mA  \r\n', 1, 4, 110, 265, 3, 14, 300, '>80%', 43, 20, 0, 500, 'Open Frame'),
(7, 8, '5W--9W  300mA \r\n', 5, 9, 110, 265, 15, 30, 300, '>80%', 43, 25, 0, 100, 'Open Frame'),
(8, 9, '5W--9W  300mA \r\n', 5, 9, 110, 265, 15, 30, 300, '>85%', 110, 42, 27, 100, 'Closed Frame'),
(9, 10, '5W--9W   350mA \r\n', 5, 10, 110, 265, 15, 30, 350, '>85%', 110, 42, 27, 100, 'Closed Frame'),
(10, 11, '10W--15W  300mA \r\n', 9, 15, 110, 265, 30, 50, 300, '>85%', 110, 42, 27, 100, 'Closed Frame'),
(11, 12, '10W--15W   350mA \r\n', 10, 15, 110, 265, 30, 45, 350, '>85%', 110, 42, 27, 100, 'Closed Frame'),
(12, 13, '15W--20W  300mA \r\n', 15, 20, 110, 265, 50, 65, 300, '>85%', 110, 42, 27, 100, 'Closed Frame'),
(13, 14, '15W--20W  350mA \r\n', 15, 21, 110, 265, 45, 60, 350, '>85%', 110, 42, 27, 100, 'Closed Frame'),
(14, 15, '10W--15W  450mA  \r\n', 10, 13, 110, 265, 21, 28, 450, '>85%', 110, 42, 27, 100, 'Closed Frame'),
(15, 16, '15W--20W  480mA \r\n', 15, 19, 110, 265, 30, 40, 480, '>85%', 110, 42, 27, 100, 'Closed Frame'),
(16, 17, '15W--20W  600mA   \r\n', 12, 18, 110, 265, 20, 30, 600, '>85%', 110, 42, 27, 100, 'Closed Frame'),
(17, 20, '35W--45W   700mA  \r\n', 35, 45, 110, 300, 50, 65, 700, '>85%', 127, 58, 0, 30, 'Open Frame'),
(18, 21, '25W--33W  700mA  \r\n', 24, 32, 110, 300, 35, 45, 700, '>85%', 0, 0, 0, 30, 'Open Frame'),
(19, 22, '16W--25V   1.2A   \r\n', 17, 25, 110, 300, 14, 21, 1200, '>85%', 130, 44, 0, 30, 'Open Frame'),
(20, 23, '6W--10W  700mA  \r\n', 6, 10, 110, 300, 9, 15, 700, '>80%', 110, 42, 27, 100, 'Closed Frame'),
(21, 24, '10W   240mA  \r\n', 8, 11, 100, 300, 35, 45, 240, '>85%', 110, 42, 27, 100, 'Closed Frame'),
(22, 25, 'T8  VER 5.4                      NON-Isolated  \r\n', 0, 20, 110, 265, 0, 82, 240, '>80%', 0, 0, 0, 200, 'Open Frame'),
(23, 26, 'T8 VER 5.13  NON Isolated \r\n', 0, 21, 110, 265, 0, 42, 480, '>85%', 0, 0, 0, 200, 'Open Frame'),
(24, 27, '7-12W,1A\r\n', 7, 12, 110, 265, 7, 12, 1000, '>80%', 0, 0, 0, 30, 'Open Frame'),
(25, 28, '10W,24V, 425mA\r\n', 0, 10, 110, 265, 0, 24, 425, '>85%', 0, 0, 0, 100, 'Open Frame'),
(26, 29, '12W,24V,510mA\r\n', 0, 12, 110, 265, 0, 24, 510, '>85%', 10, 42, 27, 100, 'Closed Frame'),
(27, 30, '12~18W,600mA\r\n', 12, 18, 110, 265, 20, 30, 600, '>85%', 0, 0, 0, 100, 'Open Frame'),
(28, 31, '27W,35V,700mA\r\n', 0, 25, 110, 265, 0, 35, 700, '>85%', 0, 0, 0, 100, 'Closed'),
(29, 37, '30~35W,1A\r\n\r\n', 30, 35, 110, 265, 300, 35, 1000, '>85%', 0, 0, 0, 30, 'Open Frame\r\n'),
(30, 33, '17W,68V,240mA\r\n', 0, 16, 110, 265, 0, 68, 240, '>85%', 0, 0, 0, 100, 'Open Frame'),
(31, 34, '20W,82V,250mA\r\n', 0, 21, 110, 265, 0, 82, 250, '>85%', 0, 0, 0, 100, 'Open Frame'),
(32, 32, '50w,70v,700mA\r\n', 0, 49, 110, 265, 0, 70, 700, '>85%', 0, 0, 0, 30, 'Open Frame'),
(33, 35, '24W,80V,300mA\r\n', 0, 24, 110, 265, 0, 80, 300, '>85%', 0, 0, 0, 100, 'Open Frame'),
(34, 36, '27W,30V,900mA\r\n', 0, 27, 110, 265, 0, 30, 900, '>85%', 0, 0, 0, 30, 'Open Frame'),
(35, 38, '10W,36V,280mA\r\n', 0, 10, 110, 265, 0, 36, 280, '>85%', 0, 0, 0, 100, 'Open Frame'),
(36, 39, '16W,38V,415mA\r\n', 0, 16, 110, 265, 0, 38, 415, '>85%', 0, 0, 0, 100, 'Open Frame'),
(37, 41, '18W,28V~38V  450mA\r\n', 0, 17, 110, 265, 0, 38, 450, '>85%', 0, 0, 0, 100, 'Open Frame'),
(38, 42, '20W ,35V--42V , 640mA\r\n', 22, 27, 110, 265, 35, 42, 640, '>82%', 0, 0, 0, 100, 'Open Frame'),
(39, 43, '6-8W, 10-12V, 630mA\r\n', 6, 8, 110, 265, 10, 12, 630, '>82%', 110, 42, 27, 100, 'Closed Frame'),
(40, 44, '9-12W,15-18V, 630mA\r\n', 9, 12, 110, 265, 15, 18, 630, '>82%', 110, 42, 27, 100, 'Closed frame'),
(41, 45, '15-18W,24-30V, 630mA\r\n', 15, 19, 110, 265, 24, 30, 630, '>82%', 110, 42, 27, 100, 'Closed Frame'),
(42, 46, '20-25W,32-40V, 630mA\r\n', 20, 25, 110, 265, 32, 40, 630, '>82%', 110, 42, 27, 100, 'Closed Frame'),
(43, 47, '1W--4W  300mA  \r\n', 9, 4, 110, 265, 3, 14, 300, '>80%', 43, 25, 0, 500, 'Open Frame'),
(44, 48, '5-9W, 300mA\r\n', 5, 10, 110, 265, 17, 32, 300, '>65%', 0, 0, 0, 100, 'Open frame'),
(45, 49, '15W-20W (47V-63V   350mA)\r\n', 16, 22, 110, 265, 47, 63, 350, '>88%', 110, 42, 27, 100, 'Box   ');

-- --------------------------------------------------------

--
-- Table structure for table `productbom`
--

CREATE TABLE IF NOT EXISTS `productbom` (
  `id` bigint(20) NOT NULL AUTO_INCREMENT,
  `productcode` int(30) NOT NULL,
  `rawmaterialid` bigint(20) NOT NULL,
  `quantity` int(11) NOT NULL,
  `reference` varchar(50) NOT NULL,
  `tolerance` varchar(25) NOT NULL,
  `package` varchar(25) NOT NULL,
  `make` varchar(25) NOT NULL,
  `type` varchar(300) NOT NULL,
  `name` varchar(300) NOT NULL,
  `MAX_FILE_SIZE` int(255) NOT NULL,
  `files` longtext NOT NULL,
  PRIMARY KEY (`id`),
  KEY `productid` (`productcode`),
  KEY `rawmaterialid` (`rawmaterialid`),
  KEY `productcode` (`productcode`)
) ENGINE=InnoDB  DEFAULT CHARSET=latin1 AUTO_INCREMENT=1252 ;

--
-- Dumping data for table `productbom`
--

INSERT INTO `productbom` (`id`, `productcode`, `rawmaterialid`, `quantity`, `reference`, `tolerance`, `package`, `make`, `type`, `name`, `MAX_FILE_SIZE`, `files`) VALUES
(1, 49, 206, 4, 'D1,D2,D3,D4', '10%', 'DO-41', 'DIODE/HY/VISHAY/ GOOD ARC', '', '', 0, ''),
(2, 49, 395, 1, 'C2', '5%', '            (10mm pitch)', 'EPCOS', '', '', 0, ''),
(3, 49, 395, 1, 'C10', '5%', '            (10mm pitch)', 'EPCOS', '', '', 0, ''),
(4, 49, 306, 1, 'C3', '5%', 'DISC 5mm pitch', 'YAGEO,AVX,WALSIN', '', '', 0, ''),
(5, 49, 307, 1, 'C7', '10%', '(5mm*11mm)TH 2.5MM pitch', 'JACKCON/SAMHWA', '', '', 0, ''),
(6, 49, 387, 1, 'C8', '5%', 'C1206', 'YAGEO,AVX,WALSIN', '', '', 0, ''),
(7, 49, 362, 1, 'C6', '5%', '4.6mm*10mm (2.5mm pitch)', 'JACKCON/SAMHWA', '', '', 0, ''),
(8, 49, 404, 1, 'C5', '10%', '(10mm*21mm) 5mm pitch', 'JACKCON/SAMHWA', '', '', 0, ''),
(9, 49, 441, 2, 'RV1,RV2', '', '14mm(TH) 7mm pitch', 'EPCOS,UCHI', '', '', 0, ''),
(10, 49, 405, 1, 'C1', '10%', '(13mmL*4mmW*8.5mmH) 10mm ', 'HEL,EPCOS,ETR', '', '', 0, ''),
(11, 49, 367, 0, 'C9', '', 'DISC 7.5mm pitch', '', '', '', 0, ''),
(12, 49, 217, 1, 'D7', '', 'D0-41', 'DIODE INC,HY,MIC, GOOD AR', '', '', 0, ''),
(13, 49, 217, 1, 'D5', '', 'D0-41', 'DIODE INC,HY,MIC, GOOD AR', '', '', 0, ''),
(14, 49, 209, 1, 'D6', '', 'DO-41', 'ON SEMI ,HY,DIODE INC  ', '', '', 0, ''),
(15, 49, 227, 1, 'F1', '', 'Pigtail type (3.6mm*10mm)', 'PROTECTRON,UCHI', '', '', 0, ''),
(16, 49, 327, 2, 'L1,L2', '5%', '(8*10)drum type 5mm pitch', 'SEMTRONICS', '', '', 0, ''),
(17, 49, 431, 1, 'Q1', '', 'TO_220', 'FAIRCHILD,HY', '', '', 0, ''),
(18, 49, 83, 1, 'R1,', '5%', '1/4W', 'KELTRON,WATTS', '', '', 0, ''),
(19, 49, 56, 1, 'R13', '1%', 'R1206', 'AVX,YAGEO', '', '', 0, ''),
(20, 49, 61, 1, 'R3', '5%', '1/2W', 'KELTRON,WATTS', '', '', 0, ''),
(21, 49, 8, 1, 'R6', '1%', 'R1206', 'AVX,YAGEO', '', '', 0, ''),
(22, 49, 87, 1, 'R11', '1%', 'R1206', 'AVX,YAGEO', '', '', 0, ''),
(23, 49, 125, 1, 'R12', '1%', 'R1206', 'AVX,YAGEO', '', '', 0, ''),
(24, 49, 121, 1, 'R4', '1%', 'R1206', 'AVX,YAGEO', '', '', 0, ''),
(25, 49, 122, 1, 'R8', '1%', 'R1206', 'AVX,YAGEO', '', '', 0, ''),
(26, 49, 122, 1, 'R9', '1%', 'R1206', 'AVX,YAGEO', '', '', 0, ''),
(27, 49, 576, 1, 'R10', '1%', 'R1206', 'AVX,YAGEO', '', '', 0, ''),
(28, 49, 317, 1, 'T1', '5%', 'AM-11448', 'METRONICS', '', '', 0, ''),
(29, 49, 609, 1, 'U1', '', 'SOP8', 'SEMTRONICS', '', '', 0, ''),
(31, 49, 288, 1, '', '', 'Plastic', 'VANSH ', '', '', 0, ''),
(32, 49, 710, 4, '', '', 'Chrom plated', 'Any', '', '', 0, ''),
(33, 49, 773, 1, '', '', 'non erasable', 'Any', '', '', 0, ''),
(34, 49, 774, 1, '', '', 'non erasable', 'Any', '', '', 0, ''),
(35, 48, 203, 1, 'BD1', '', 'KBP', 'HY', '', '', 0, ''),
(36, 48, 395, 1, 'C6', '', '10mm pitch, BOX CAP', 'PIA', '', '', 0, ''),
(37, 48, 356, 1, 'C2', '', '12*5mm,3mm pitch', 'Jackon', '', '', 0, ''),
(38, 48, 412, 1, 'C3', '', '11.5*8mm, 5mm pitch ', 'Jackon', '', '', 0, ''),
(39, 48, 217, 1, 'D1', '', 'D0-41', 'DIODE INC,HY,MIC', '', '', 0, ''),
(40, 48, 207, 1, 'D2', '', 'SMA', 'DIODE INC,HY,MIC', '', '', 0, ''),
(41, 48, 226, 1, 'F1', '', '(3.6mm*10mm)', 'PROTECTRON', '', '', 0, ''),
(42, 48, 443, 1, 'MOV1', '', '7mm(TH) 10mm DIA', 'UCHI', '', '', 0, ''),
(43, 48, 70, 1, 'R1', '1%', '1206', 'AVX,YAGEO', '', '', 0, ''),
(44, 48, 117, 1, 'R2', '1%', 'MFR ?', 'AVX,YAGEO', '', '', 0, ''),
(45, 48, 124, 1, 'R3', '1%', 'R1206', 'AVX,YAGEO', '', '', 0, ''),
(46, 48, 7, 1, 'R4', '1%', '1206', 'AVX,YAGEO', '', '', 0, ''),
(47, 48, 332, 1, 'T1', '5%', 'VERTICAL', 'AM Electronics', '', '', 0, ''),
(48, 48, 595, 1, 'U1', '', 'SOP8', 'SEMTRONICS', '', '', 0, ''),
(49, 48, 581, 1, 'FR4 1.5mm thick', '', '43.mm*25mm', '', '', '', 0, ''),
(50, 48, 397, 2, 'C4,C5', '', '12*10mm, 5mm pitch ', 'JACKON', '', '', 0, ''),
(51, 48, 204, 3, 'D3,D4,D5', '', 'SMA', 'DIODE INC', '', '', 0, ''),
(52, 47, 203, 1, 'BD1', '', 'KBP', 'HY', '', '', 0, ''),
(53, 47, 395, 1, 'C6', '', '10mm pitch, BOX CAP', 'PIA', '', '', 0, ''),
(54, 47, 360, 1, 'C2', '', '12*5mm,3mm pitch', 'Jackon', '', '', 0, ''),
(55, 47, 412, 1, 'C3', '', '11.5*8mm, 5mm pitch ', 'Jackon', '', '', 0, ''),
(56, 47, 217, 1, 'D1', '', 'D0-41', 'DIODE INC,HY,MIC', '', '', 0, ''),
(57, 47, 207, 1, 'D2', '', 'SMA', 'DIODE INC,HY,MIC', '', '', 0, ''),
(58, 47, 226, 1, 'F1', '', '(3.6mm*10mm)', 'PROTECTRON', '', '', 0, ''),
(59, 47, 443, 1, 'MOV1', '', '7mm(TH) 10mm DIA', 'UCHI', '', '', 0, ''),
(60, 47, 70, 1, 'R1', '1%', '1206', 'AVX,YAGEO', '', '', 0, ''),
(61, 47, 117, 1, 'R2', '1%', 'MFR', 'AVX,YAGEO', '', '', 0, ''),
(62, 47, 82, 1, 'R3', '1%', 'R1206', 'AVX,YAGEO', '', '', 0, ''),
(63, 47, 7, 1, 'R4', '1%', '1206', 'AVX,YAGEO', '', '', 0, ''),
(64, 47, 595, 1, 'T1', '5%', 'VERTICAL', 'AM Electronics', '', '', 0, ''),
(65, 47, 595, 1, 'U1', '', 'SOP8', 'SEMTRONICS', '', '', 0, ''),
(66, 47, 564, 1, 'FR4 1.5mm thick', '', '43.mm*25mm', '', '', '', 0, ''),
(67, 47, 397, 2, 'C4,C5', '', '12*10mm, 5mm pitch ', 'JACKON', '', '', 0, ''),
(68, 47, 204, 3, 'D3,D4,D5', '', 'SMA', 'DIODE INC', '', '', 0, ''),
(69, 46, 214, 1, 'BD1', '10%', 'DO-41', 'DIODE/HY/VISHAY/ GOOD ARC', '', '', 0, ''),
(70, 46, 395, 1, 'C2', '5%', '            (10mm pitch)', 'EPCOS', '', '', 0, ''),
(71, 46, 395, 1, 'C1', '5%', '            (10mm pitch)', 'EPCOS', '', '', 0, ''),
(72, 46, 351, 1, 'C3', '5%', 'DISC 5mm pitch', 'YAGEO,AVX,WALSIN', '', '', 0, ''),
(73, 46, 383, 1, 'C8', '10%', '(5mm*11mm)TH 2.5MM pitch', 'JACKCON/SAMHWA', '', '', 0, ''),
(74, 46, 387, 1, 'C7', '5%', 'C1206', 'YAGEO,AVX,WALSIN', '', '', 0, ''),
(75, 46, 362, 1, 'C6', '5%', '4.6mm*10mm (2.5mm pitch)', 'JACKCON/SAMHWA', '', '', 0, ''),
(76, 46, 404, 2, 'C5,C4', '10%', '(10mm*21mm) 5mm pitch', 'JACKCON/SAMHWA', '', '', 0, ''),
(77, 46, 444, 2, 'RV1,RV2', '', '20mm(TH) 11mm pitch', 'EPCOS,UCHI', '', '', 0, ''),
(78, 46, 405, 1, 'CX1', '10%', '(13mmL*4mmW*8.5mmH) 10mm ', 'HEL,EPCOS,ETR', '', '', 0, ''),
(79, 46, 410, 0, 'CY1', '', 'DISC 7.5mm pitch', '', '', '', 0, ''),
(80, 46, 217, 1, 'D3', '', 'D0-41', 'DIODE INC,HY,MIC, GOOD AR', '', '', 0, ''),
(81, 46, 217, 1, 'D2', '', 'D0-41', 'DIODE INC,HY,MIC, GOOD AR', '', '', 0, ''),
(82, 46, 428, 1, 'D1', '', 'DO-201AD', 'ON SEMI ,HY,DIODE INC  ', '', '', 0, ''),
(83, 46, 227, 1, 'F1', '', 'Pigtail type (3.6mm*10mm)', 'PROTECTRON,UCHI', '', '', 0, ''),
(84, 46, 749, 2, 'L1,L2', '5%', '(10*12)drum type 5mm pitc', 'SEMTRONICS', '', '', 0, ''),
(85, 46, 435, 1, 'Q1', '', 'TO_220', 'TOSHIBA', '', '', 0, ''),
(86, 46, 83, 2, 'R1,R4', '5%', '1/4W', 'KELTRON,WATTS', '', '', 0, ''),
(87, 46, 92, 1, 'R7', '1%', 'R1206', 'AVX,YAGEO', '', '', 0, ''),
(88, 46, 52, 1, 'R2', '5%', '2W', 'KELTRON,WATTS', '', '', 0, ''),
(89, 46, 67, 1, 'R5', '1%', 'R1206', 'AVX,YAGEO', '', '', 0, ''),
(90, 46, 74, 1, 'R6', '1%', 'R1206', 'AVX,YAGEO', '', '', 0, ''),
(91, 46, 17, 1, 'R9', '1%', 'R1206', 'AVX,YAGEO', '', '', 0, ''),
(92, 46, 62, 1, 'R8', '1%', 'R1206', 'AVX,YAGEO', '', '', 0, ''),
(93, 46, 73, 1, 'R3', '1%', 'R1206', 'AVX,YAGEO', '', '', 0, ''),
(94, 46, 191, 1, 'RCS1', '1%', 'R1206', 'AVX,YAGEO', '', '', 0, ''),
(95, 46, 191, 1, 'RCS2', '1%', 'R1206', 'AVX,YAGEO', '', '', 0, ''),
(96, 46, 761, 1, 'RCS3', '1%', 'R1206', 'AVX,YAGEO', '', '', 0, ''),
(97, 46, 792, 1, 'T1', '5%', 'AM-7017', 'METRONICS', '', '', 0, ''),
(98, 46, 594, 1, 'U1', '', 'SOP8', 'SEMTRONICS', '', '', 0, ''),
(99, 46, 565, 1, '', '', '46.3mm*130mm', '', '', '', 0, ''),
(100, 46, 427, 1, '', '', 'PI-48 BIG', '', '', '', 0, ''),
(101, 46, 8, 1, '', '', '1206', '', '', '', 0, ''),
(102, 46, 289, 1, '', '', 'Plastic', 'VANSH ', '', '', 0, ''),
(103, 46, 710, 4, '', '', 'Chrom plated', 'Any', '', '', 0, ''),
(104, 46, 773, 1, '', '', 'non erasable', 'Any', '', '', 0, ''),
(105, 46, 774, 1, '', '', 'non erasable', 'Any', '', '', 0, ''),
(106, 46, 448, 3, '', '', '', '', '', '', 0, ''),
(107, 46, 447, 1, '', '', '', '', '', '', 0, ''),
(108, 44, 206, 4, 'D1,D2,D3,D4', '10%', 'DO-41', 'DIODE/HY/VISHAY', '', '', 0, ''),
(110, 44, 351, 1, 'C3', '5%', 'DISC 5mm pitch', 'YAGEO,AVX,WALSIN', '', '', 0, ''),
(111, 44, 356, 1, 'C8', '10%', '(5mm*11mm)TH 2.5MM', 'JACKCON/SAMHWA', '', '', 0, ''),
(112, 44, 387, 1, 'C7', '5%', 'C1206 ', 'YAGEO,AVX,WALSIN', '', '', 0, ''),
(113, 44, 362, 1, 'C6', '5%', '4.6mm*10mm (2.5mm pitch)', 'JACKCON/SAMHWA', '', '', 0, ''),
(115, 44, 441, 2, 'RV1,RV2', '', '14mm(TH) 7mm pitch', 'EPCOS,UCHI', '', '', 0, ''),
(117, 44, 367, 1, 'C9', '', 'DISC 7.5mm pitch', '', '', '', 0, ''),
(118, 44, 217, 1, 'D7', '', 'D0-41', 'DIODE INC,HY,MIC', '', '', 0, ''),
(119, 44, 217, 1, 'D5', '', 'D0-41', 'DIODE INC,HY,MIC', '', '', 0, ''),
(120, 44, 220, 1, 'D6', '', 'DO-201AD', 'ON SEMI ,HY,DIODE INC  ', '', '', 0, ''),
(121, 44, 227, 1, 'F1', '', '(3.6mm*10mm) 4mm pitch', 'PROTECTRON,UCHI', '', '', 0, ''),
(122, 44, 327, 2, 'L1,L2', '5%', '(8*10)drum type 5mm pitch', 'SEMTRONICS', '', '', 0, ''),
(123, 44, 431, 1, 'Q1', '', 'TO_251', 'FAIRCHILD,HY', '', '', 0, ''),
(124, 44, 83, 2, 'R1,R2', '1%', '1/4W 10mm pitch', 'AVX,YAGEO', '', '', 0, ''),
(125, 44, 56, 1, 'R7', '5%', 'R1206', 'AVX,YAGEO', '', '', 0, ''),
(126, 44, 61, 1, 'R3', '5%', '1/2W 6mm pitch', 'AVX,YAGEO', '', '', 0, ''),
(127, 44, 67, 1, 'R6', '5%', 'R1206', 'AVX,YAGEO', '', '', 0, ''),
(128, 44, 63, 1, 'R11', '1%', 'R1206', 'AVX,YAGEO', '', '', 0, ''),
(129, 44, 13, 1, 'R12', '1%', 'R1206', 'AVX,YAGEO', '', '', 0, ''),
(130, 44, 62, 1, 'R5', '1%', 'R1206', 'AVX,YAGEO', '', '', 0, ''),
(131, 44, 73, 1, 'R4', '5%', 'R1206', 'AVX,YAGEO', '', '', 0, ''),
(132, 44, 127, 1, 'R8', '1%', 'R1206', 'AVX,YAGEO', '', '', 0, ''),
(133, 44, 127, 1, 'R9', '1%', 'R1206', 'AVX,YAGEO', '', '', 0, ''),
(135, 44, 345, 1, 'T1', '5%', 'AM-11413', 'METRONICS', '', '', 0, ''),
(136, 44, 594, 1, 'U1', '', 'SOP8', 'SEMTRONICS', '', '', 0, ''),
(137, 44, 531, 0, '', '', '34mm*82mm', '', '', '', 0, ''),
(138, 44, 427, 1, 'HS1', '', '', '', '', '', 0, ''),
(139, 44, 289, 1, '', '', 'Plastic', 'VANSH ', '', '', 0, ''),
(140, 44, 709, 4, '', '', 'Chrom plated', 'Any', '', '', 0, ''),
(141, 44, 773, 1, '', '', 'non erasable', 'Any', '', '', 0, ''),
(142, 44, 774, 1, '', '', 'non erasable', 'Any', '', '', 0, ''),
(143, 44, 448, 3, '', '', '', '', '', '', 0, ''),
(144, 44, 447, 1, '', '', '', '', '', '', 0, ''),
(145, 43, 206, 4, 'D1,D2,D3,D4', '10%', 'DO-41', 'DIODE/HY/VISHAY', '', '', 0, ''),
(147, 43, 351, 1, 'C3', '5%', 'DISC 5mm pitch', 'YAGEO,AVX,WALSIN', '', '', 0, ''),
(148, 43, 356, 1, 'C8', '10%', '(5mm*11mm)TH 2.5MM', 'JACKCON/SAMHWA', '', '', 0, ''),
(149, 43, 387, 1, 'C7', '5%', 'C1206 ', 'YAGEO,AVX,WALSIN', '', '', 0, ''),
(150, 43, 362, 1, 'C6', '5%', '4.6mm*10mm (2.5mm pitch)', 'JACKCON/SAMHWA', '', '', 0, ''),
(152, 43, 441, 2, 'RV1,RV2', '', '14mm(TH) 7mm pitch', 'EPCOS,UCHI', '', '', 0, ''),
(154, 43, 367, 1, 'C9', '', 'DISC 7.5mm pitch', '', '', '', 0, ''),
(155, 43, 217, 1, 'D7', '', 'D0-41', 'DIODE INC,HY,MIC', '', '', 0, ''),
(156, 43, 217, 1, 'D5', '', 'D0-41', 'DIODE INC,HY,MIC', '', '', 0, ''),
(157, 43, 220, 1, 'D6', '', 'DO-201AD', 'ON SEMI ,HY,DIODE INC  ', '', '', 0, ''),
(158, 43, 227, 1, 'F1', '', '(3.6mm*10mm) 4mm pitch', 'PROTECTRON,UCHI', '', '', 0, ''),
(159, 43, 327, 2, 'L1,L2', '5%', '(8*10)drum type 5mm pitch', 'SEMTRONICS', '', '', 0, ''),
(160, 43, 431, 1, 'Q1', '', 'TO_251', 'FAIRCHILD,HY', '', '', 0, ''),
(161, 43, 83, 2, 'R1,R2', '1%', '1/4W 10mm pitch', 'AVX,YAGEO', '', '', 0, ''),
(162, 43, 56, 1, 'R7', '5%', 'R1206', 'AVX,YAGEO', '', '', 0, ''),
(163, 43, 61, 1, 'R3', '5%', '1/2W 6mm pitch', 'AVX,YAGEO', '', '', 0, ''),
(164, 43, 67, 1, 'R6', '5%', 'R1206', 'AVX,YAGEO', '', '', 0, ''),
(165, 43, 791, 1, 'R11', '1%', 'R1206', 'AVX,YAGEO', '', '', 0, ''),
(166, 43, 13, 1, 'R12', '1%', 'R1206', 'AVX,YAGEO', '', '', 0, ''),
(167, 43, 62, 1, 'R5', '1%', 'R1206', 'AVX,YAGEO', '', '', 0, ''),
(168, 43, 73, 1, 'R4', '5%', 'R1206', 'AVX,YAGEO', '', '', 0, ''),
(169, 43, 153, 1, 'R8', '1%', 'R1206', 'AVX,YAGEO', '', '', 0, ''),
(170, 43, 56, 1, 'R9', '1%', 'R1206', 'AVX,YAGEO', '', '', 0, ''),
(172, 43, 345, 1, 'T1', '5%', 'AM-11413', 'METRONICS', '', '', 0, ''),
(173, 43, 594, 1, 'U1', '', 'SOP8', 'SEMTRONICS', '', '', 0, ''),
(174, 43, 531, 0, '', '', '34mm*82mm', '', '', '', 0, ''),
(175, 43, 427, 1, 'HS1', '', '', '', '', '', 0, ''),
(176, 43, 448, 3, '', '', '', '', '', '', 0, ''),
(177, 43, 447, 1, '', '', '', '', '', '', 0, ''),
(178, 43, 710, 4, '', '', 'Chrom plated', 'Any', '', '', 0, ''),
(179, 43, 773, 1, '', '', 'non erasable', 'Any', '', '', 0, ''),
(180, 43, 774, 1, '', '', 'non erasable', 'Any', '', '', 0, ''),
(181, 42, 214, 1, 'BD1', '10%', 'DO-41', 'DIODE/HY/VISHAY/ GOOD ARC', '', '', 0, ''),
(182, 42, 395, 1, 'C2', '5%', '            (10mm pitch)', 'EPCOS', '', '', 0, ''),
(183, 42, 395, 1, 'C10', '5%', '            (10mm pitch)', 'EPCOS', '', '', 0, ''),
(184, 42, 351, 1, 'C3', '5%', 'DISC 5mm pitch', 'YAGEO,AVX,WALSIN', '', '', 0, ''),
(185, 42, 356, 1, 'C8', '10%', '(5mm*11mm)TH 2.5MM pitch', 'JACKCON/SAMHWA', '', '', 0, ''),
(186, 42, 387, 1, 'C7', '5%', 'C1206', 'YAGEO,AVX,WALSIN', '', '', 0, ''),
(187, 42, 362, 1, 'C6', '5%', '4.6mm*10mm (2.5mm pitch)', 'JACKCON/SAMHWA', '', '', 0, ''),
(188, 42, 408, 2, 'C5,C4', '10%', '(10mm*21mm) 5mm pitch', 'JACKCON/SAMHWA', '', '', 0, ''),
(189, 42, 441, 2, 'RV1,RV2', '', '14mm(TH) 7mm pitch', 'EPCOS,UCHI', '', '', 0, ''),
(190, 42, 405, 1, 'C1', '10%', '(13mmL*4mmW*8.5mmH) 10mm ', 'HEL,EPCOS,ETR', '', '', 0, ''),
(191, 42, 367, 1, 'C9', '', 'DISC 7.5mm pitch', '', '', '', 0, ''),
(192, 42, 217, 1, 'D7', '', 'D0-41', 'DIODE INC,HY,MIC, GOOD AR', '', '', 0, ''),
(193, 42, 217, 1, 'D5', '', 'D0-41', 'DIODE INC,HY,MIC, GOOD AR', '', '', 0, ''),
(194, 42, 216, 1, 'D6', '', 'DO-201AD 6mm pitch', 'ON SEMI ,HY,DIODE INC  ', '', '', 0, ''),
(195, 42, 227, 1, 'F1', '', 'Pigtail type (3.6mm*10mm)', 'PROTECTRON,UCHI', '', '', 0, ''),
(196, 42, 749, 2, 'L1,L2', '5%', '(10*12)drum type 5mm pitc', 'SEMTRONICS', '', '', 0, ''),
(197, 42, 434, 1, 'Q1', '', 'TO_220', 'FAIRCHILD,HY', '', '', 0, ''),
(198, 42, 83, 2, 'R1,R2', '5%', '1/4W', 'KELTRON,WATTS', '', '', 0, ''),
(199, 42, 56, 1, 'R7', '1%', 'R1206', 'AVX,YAGEO', '', '', 0, ''),
(200, 42, 52, 1, 'R3', '5%', '2W', 'KELTRON,WATTS', '', '', 0, ''),
(201, 42, 67, 1, 'R6', '1%', 'R1206', 'AVX,YAGEO', '', '', 0, ''),
(202, 42, 68, 1, 'R11', '1%', 'R1206', 'AVX,YAGEO', '', '', 0, ''),
(203, 42, 17, 1, 'R12', '1%', 'R1206', 'AVX,YAGEO', '', '', 0, ''),
(204, 42, 62, 1, 'R5', '1%', 'R1206', 'AVX,YAGEO', '', '', 0, ''),
(205, 42, 11, 1, 'R4', '1%', 'R1206', 'AVX,YAGEO', '', '', 0, ''),
(206, 42, 7, 1, 'R8', '1%', 'R1206', 'AVX,YAGEO', '', '', 0, ''),
(207, 42, 7, 1, 'R9', '1%', 'R1206', 'AVX,YAGEO', '', '', 0, ''),
(209, 42, 344, 1, 'T1', '5%', 'AM-7119', 'METRONICS', '', '', 0, ''),
(210, 42, 594, 1, 'U1', '', 'SOP8', 'SEMTRONICS', '', '', 0, ''),
(211, 42, 531, 0, '', '', '46.3mm*130mm', '', '', '', 0, ''),
(212, 41, 206, 4, 'D1,D2,D3,D4', '10%', 'DO-41', 'DIODE/HY/VISHAY/ GOOD ARC', '', '', 0, ''),
(213, 41, 395, 2, 'C2,C10', '5%', '            (10mm pitch)', 'EPCOS', '', '', 0, ''),
(214, 41, 351, 1, 'C3', '5%', 'DISC 5mm pitch', 'YAGEO,AVX,WALSIN', '', '', 0, ''),
(215, 41, 356, 1, 'C8', '10%', '(5mm*11mm)TH 2.5MM pitch', 'JACKCON/SAMHWA', '', '', 0, ''),
(216, 41, 387, 1, 'C7', '5%', 'C1206', 'YAGEO,AVX,WALSIN', '', '', 0, ''),
(217, 41, 414, 1, 'C6', '5%', 'C0805', 'JACKCON/SAMHWA', '', '', 0, ''),
(218, 41, 408, 2, 'C4', '10%', '(10mm*21mm) 5mm pitch', 'JACKCON/SAMHWA', '', '', 0, ''),
(219, 41, 441, 2, 'RV1,RV2', '', '14mm(TH) 7mm pitch', 'EPCOS,UCHI', '', '', 0, ''),
(220, 41, 398, 1, 'C1', '10%', '(13mmL*4mmW*8.5mmH) 10mm ', 'HEL,EPCOS,ETR', '', '', 0, ''),
(221, 41, 367, 0, 'C9', '', 'DISC 7.5mm pitch', '', '', '', 0, ''),
(222, 41, 217, 1, 'D7', '', 'D0-41', 'DIODE INC,HY,MIC, GOOD AR', '', '', 0, ''),
(223, 41, 217, 1, 'D5', '', 'D0-41', 'DIODE INC,HY,MIC, GOOD AR', '', '', 0, ''),
(224, 41, 209, 1, 'D6', '', 'DO-201AD', 'ON SEMI ,HY,DIODE INC  ', '', '', 0, ''),
(225, 41, 227, 1, 'F1', '', 'Pigtail type (3.6mm*10mm)', 'PROTECTRON,UCHI', '', '', 0, ''),
(226, 41, 327, 2, 'L1,L2', '5%', '(8*10)drum type 5mm pitch', 'SEMTRONICS', '', '', 0, ''),
(227, 41, 431, 1, 'Q1', '', 'TO_220', 'FAIRCHILD,HY', '', '', 0, ''),
(228, 41, 83, 2, 'R1,R2', '5%', '1/4W', 'KELTRON,WATTS', '', '', 0, ''),
(229, 41, 56, 1, 'R7', '1%', 'R1206', 'AVX,YAGEO', '', '', 0, ''),
(230, 41, 61, 1, 'R3', '5%', '1/2W', 'KELTRON,WATTS', '', '', 0, ''),
(231, 41, 67, 1, 'R6', '1%', 'R1206', 'AVX,YAGEO', '', '', 0, ''),
(232, 41, 74, 1, 'R11', '1%', 'R1206', 'AVX,YAGEO', '', '', 0, ''),
(233, 41, 13, 1, 'R12', '1%', 'R1206', 'AVX,YAGEO', '', '', 0, ''),
(234, 41, 62, 1, 'R5', '1%', 'R1206', 'AVX,YAGEO', '', '', 0, ''),
(235, 41, 88, 1, 'R4', '1%', 'R1206', 'AVX,YAGEO', '', '', 0, ''),
(236, 41, 86, 1, 'R8', '1%', 'R1206', 'AVX,YAGEO', '', '', 0, ''),
(237, 41, 153, 1, 'R9', '1%', 'R1206', 'AVX,YAGEO', '', '', 0, ''),
(239, 41, 339, 1, 'T1', '5%', 'MT-11025', 'METRONICS', '', '', 0, ''),
(240, 41, 594, 1, 'U1', '', 'SOP8', 'SEMTRONICS', '', '', 0, ''),
(241, 41, 531, 0, '', '', '34mm*82mm', '', '', '', 0, ''),
(242, 41, 427, 1, 'HS1', '', '', '', '', '', 0, ''),
(243, 41, 734, 1, '', '', 'CZ type M3*6 ', '', '', '', 0, ''),
(244, 41, 289, 1, '', '', 'Plastic', 'VANSH ', '', '', 0, ''),
(245, 41, 710, 4, '', '', 'Chrom plated', 'Any', '', '', 0, ''),
(246, 41, 773, 1, '', '', 'non erasable', 'Any', '', '', 0, ''),
(247, 41, 774, 1, '', '', 'non erasable', 'Any', '', '', 0, ''),
(248, 39, 206, 4, 'D1,D2,D3,D4', '10%', 'DO-41', 'DIODE/HY/VISHAY/ GOOD ARC', '', '', 0, ''),
(249, 39, 395, 2, 'C2,C10', '5%', '            (10mm pitch)', 'EPCOS', '', '', 0, ''),
(250, 39, 351, 1, 'C3', '5%', 'DISC 5mm pitch', 'YAGEO,AVX,WALSIN', '', '', 0, ''),
(251, 39, 383, 1, 'C8', '10%', '(5mm*11mm)TH 2.5MM pitch', 'JACKCON/SAMHWA', '', '', 0, ''),
(252, 39, 387, 1, 'C7', '5%', 'C1206', 'YAGEO,AVX,WALSIN', '', '', 0, ''),
(253, 39, 414, 1, 'C6', '5%', 'C0805', 'JACKCON/SAMHWA', '', '', 0, ''),
(254, 39, 408, 2, 'C4', '10%', '(10mm*21mm) 5mm pitch', 'JACKCON/SAMHWA', '', '', 0, ''),
(255, 39, 441, 2, 'RV1,RV2', '', '14mm(TH) 7mm pitch', 'EPCOS,UCHI', '', '', 0, ''),
(256, 39, 398, 1, 'C1', '10%', '(13mmL*4mmW*8.5mmH) 10mm ', 'HEL,EPCOS,ETR', '', '', 0, ''),
(257, 39, 367, 1, 'C9', '', 'DISC 7.5mm pitch', '', '', '', 0, ''),
(258, 39, 217, 1, 'D7', '', 'D0-41', 'DIODE INC,HY,MIC, GOOD AR', '', '', 0, ''),
(259, 39, 217, 1, 'D5', '', 'D0-41', 'DIODE INC,HY,MIC, GOOD AR', '', '', 0, ''),
(260, 39, 209, 1, 'D6', '', 'DO-201AD', 'ON SEMI ,HY,DIODE INC  ', '', '', 0, ''),
(261, 39, 227, 1, 'F1', '', 'Pigtail type (3.6mm*10mm)', 'PROTECTRON,UCHI', '', '', 0, ''),
(262, 39, 327, 2, 'L1,L2', '5%', '(8*10)drum type 5mm pitch', 'SEMTRONICS', '', '', 0, ''),
(263, 39, 431, 1, 'Q1', '', 'TO_220', 'FAIRCHILD,HY', '', '', 0, ''),
(264, 39, 83, 2, 'R1,R2', '5%', '1/4W', 'KELTRON,WATTS', '', '', 0, ''),
(265, 39, 56, 1, 'R7', '1%', 'R1206', 'AVX,YAGEO', '', '', 0, ''),
(266, 39, 61, 1, 'R3', '5%', '1/2W', 'KELTRON,WATTS', '', '', 0, ''),
(267, 39, 67, 1, 'R6', '1%', 'R1206', 'AVX,YAGEO', '', '', 0, ''),
(268, 39, 67, 1, 'R11', '1%', 'R1206', 'AVX,YAGEO', '', '', 0, ''),
(269, 39, 13, 1, 'R12', '1%', 'R1206', 'AVX,YAGEO', '', '', 0, ''),
(270, 39, 62, 1, 'R5', '1%', 'R1206', 'AVX,YAGEO', '', '', 0, ''),
(271, 39, 88, 1, 'R4', '1%', 'R1206', 'AVX,YAGEO', '', '', 0, ''),
(272, 39, 86, 1, 'R8', '1%', 'R1206', 'AVX,YAGEO', '', '', 0, ''),
(273, 39, 86, 1, 'R9', '1%', 'R1206', 'AVX,YAGEO', '', '', 0, ''),
(275, 39, 339, 1, 'T1', '5%', 'MT-11025A', 'METRONICS', '', '', 0, ''),
(276, 39, 594, 1, 'U1', '', 'SOP8', 'SEMTRONICS', '', '', 0, ''),
(277, 39, 531, 0, '', '', '34mm*82mm', '', '', '', 0, ''),
(278, 39, 427, 1, 'HS1', '', '', '', '', '', 0, ''),
(279, 39, 734, 1, '', '', 'CZ type M3*6 ', '', '', '', 0, ''),
(280, 39, 289, 1, '', '', 'Plastic', 'VANSH ', '', '', 0, ''),
(281, 39, 710, 4, '', '', 'Chrom plated', 'Any', '', '', 0, ''),
(282, 39, 773, 1, '', '', 'non erasable', 'Any', '', '', 0, ''),
(283, 39, 774, 1, '', '', 'non erasable', 'Any', '', '', 0, ''),
(284, 38, 206, 4, 'D1,D2,D3,D4', '10%', 'DO-41', 'DIODE/HY/VISHAY/ GOOD ARC', '', '', 0, ''),
(285, 38, 405, 1, 'C2', '5%', '            (10mm pitch)', 'EPCOS', '', '', 0, ''),
(286, 38, 405, 1, '10', '', '            (10mm pitch)', 'EPCOS', '', '', 0, ''),
(287, 38, 351, 1, 'C3', '5%', 'DISC 5mm pitch', 'YAGEO,AVX,WALSIN', '', '', 0, ''),
(288, 38, 383, 1, 'C8', '10%', '(5mm*11mm)TH 2.5MM pitch', 'JACKCON/SAMHWA', '', '', 0, ''),
(289, 38, 387, 1, 'C7', '5%', 'C1206', 'YAGEO,AVX,WALSIN', '', '', 0, ''),
(290, 38, 414, 1, 'C6', '5%', 'C0805', 'JACKCON/SAMHWA', '', '', 0, ''),
(291, 38, 404, 1, 'C4', '10%', '(10mm*21mm) 5mm pitch', 'JACKCON/SAMHWA', '', '', 0, ''),
(292, 38, 441, 2, 'RV1,RV2', '', '14mm(TH) 7mm pitch', 'EPCOS,UCHI', '', '', 0, ''),
(293, 38, 398, 1, 'C1', '10%', '(13mmL*4mmW*8.5mmH) 10mm ', 'HEL,EPCOS,ETR', '', '', 0, ''),
(294, 38, 367, 0, 'C9', '', 'DISC 7.5mm pitch', '', '', '', 0, ''),
(295, 38, 217, 1, 'D7', '', 'D0-41', 'DIODE INC,HY,MIC, GOOD AR', '', '', 0, ''),
(296, 38, 217, 1, 'D5', '', 'D0-41', 'DIODE INC,HY,MIC, GOOD AR', '', '', 0, ''),
(297, 38, 209, 1, 'D6', '', 'DO-201AD', 'ON SEMI ,HY,DIODE INC  ', '', '', 0, ''),
(298, 38, 227, 1, 'F1', '', 'Pigtail type (3.6mm*10mm)', 'PROTECTRON,UCHI', '', '', 0, ''),
(299, 38, 327, 2, 'L1,L2', '5%', '(8*10)drum type 5mm pitch', 'SEMTRONICS', '', '', 0, ''),
(300, 38, 431, 1, 'Q1', '', 'TO_220', 'FAIRCHILD,HY', '', '', 0, ''),
(301, 38, 83, 2, 'R1,R2', '5%', '1/4W', 'KELTRON,WATTS', '', '', 0, ''),
(302, 38, 56, 1, 'R7', '1%', 'R1206', 'AVX,YAGEO', '', '', 0, ''),
(303, 38, 61, 1, 'R3', '5%', '1/2W', 'KELTRON,WATTS', '', '', 0, ''),
(304, 38, 67, 1, 'R6', '1%', 'R1206', 'AVX,YAGEO', '', '', 0, ''),
(305, 38, 63, 1, 'R11', '1%', 'R1206', 'AVX,YAGEO', '', '', 0, ''),
(306, 38, 13, 1, 'R12', '1%', 'R1206', 'AVX,YAGEO', '', '', 0, ''),
(307, 38, 69, 1, 'R5', '1%', 'R1206', 'AVX,YAGEO', '', '', 0, ''),
(308, 38, 121, 1, 'R4', '1%', 'R1206', 'AVX,YAGEO', '', '', 0, ''),
(309, 38, 153, 1, 'R8', '1%', 'R1206', 'AVX,YAGEO', '', '', 0, ''),
(310, 38, 153, 1, 'R9', '1%', 'R1206', 'AVX,YAGEO', '', '', 0, ''),
(312, 38, 317, 1, 'T1', '5%', 'MT-11448', 'METRONICS', '', '', 0, ''),
(313, 38, 594, 1, 'U1', '', 'SOP8', 'SEMTRONICS', '', '', 0, ''),
(314, 38, 531, 0, '', '', '34mm*82mm', '', '', '', 0, ''),
(315, 38, 427, 1, 'HS1', '', '', '', '', '', 0, ''),
(316, 38, 734, 1, '', '', 'CZ type M3*6 ', '', '', '', 0, ''),
(317, 38, 289, 1, '', '', 'Plastic', 'VANSH ', '', '', 0, ''),
(318, 38, 710, 4, '', '', 'Chrom plated', 'Any', '', '', 0, ''),
(319, 38, 773, 1, '', '', 'non erasable', 'Any', '', '', 0, ''),
(320, 38, 774, 1, '', '', 'non erasable', 'Any', '', '', 0, ''),
(321, 36, 214, 1, 'BD1', '10%', 'DO-41', 'DIODE/HY/VISHAY/ GOOD ARC', '', '', 0, ''),
(322, 36, 395, 2, 'C1,C2', '5%', '            (10mm pitch)', 'EPCOS', '', '', 0, ''),
(323, 36, 351, 1, 'C3', '5%', 'DISC 5mm pitch', 'YAGEO,AVX,WALSIN', '', '', 0, ''),
(324, 36, 383, 1, 'C8', '10%', '(5mm*11mm)TH 2.5MM pitch', 'JACKCON/SAMHWA', '', '', 0, ''),
(325, 36, 387, 1, 'C7', '5%', 'C1206', 'YAGEO,AVX,WALSIN', '', '', 0, ''),
(326, 36, 362, 1, 'C6', '5%', '4.6mm*10mm (2.5mm pitch)', 'JACKCON/SAMHWA', '', '', 0, ''),
(327, 36, 404, 2, 'C5,C4', '10%', '(10mm*21mm) 5mm pitch', 'JACKCON/SAMHWA', '', '', 0, ''),
(328, 36, 441, 2, 'RV1,RV2', '', '14mm(TH) 7mm pitch', 'EPCOS,UCHI', '', '', 0, ''),
(329, 36, 405, 1, 'CX1', '10%', '(13mmL*4mmW*8.5mmH) 10mm ', 'HEL,EPCOS,ETR', '', '', 0, ''),
(330, 36, 410, 1, 'CY1', '', 'DISC 7.5mm pitch', '', '', '', 0, ''),
(331, 36, 217, 1, 'D2', '', 'D0-41', 'DIODE INC,HY,MIC, GOOD AR', '', '', 0, ''),
(332, 36, 217, 1, 'D3', '', 'D0-41', 'DIODE INC,HY,MIC, GOOD AR', '', '', 0, ''),
(333, 36, 758, 1, 'D1', '', 'TO_220', 'ON SEMI ,HY,DIODE INC  ', '', '', 0, ''),
(334, 36, 227, 1, 'F1', '', 'Pigtail type (3.6mm*10mm)', 'PROTECTRON,UCHI', '', '', 0, ''),
(335, 36, 749, 2, 'L1,L2', '5%', '(10*12)drum type 5mm pitc', 'SEMTRONICS', '', '', 0, ''),
(336, 36, 434, 1, 'Q1', '', 'TO_220', 'TOSHIBA', '', '', 0, ''),
(337, 36, 84, 1, 'R4', '5%', '1/4W', 'KELTRON,WATTS', '', '', 0, ''),
(339, 36, 92, 1, 'R7', '1%', 'R1206', 'AVX,YAGEO', '', '', 0, ''),
(340, 36, 52, 1, 'R2', '5%', '2W', 'KELTRON,WATTS', '', '', 0, ''),
(341, 36, 67, 1, 'R5', '1%', 'R1206', 'AVX,YAGEO', '', '', 0, ''),
(342, 36, 79, 1, 'R6', '1%', 'R1206', 'AVX,YAGEO', '', '', 0, ''),
(343, 36, 17, 1, 'R9', '1%', 'R1206', 'AVX,YAGEO', '', '', 0, ''),
(344, 36, 62, 1, 'R8', '1%', 'R1206', 'AVX,YAGEO', '', '', 0, ''),
(345, 36, 132, 1, 'R3', '1%', 'R1206', 'AVX,YAGEO', '', '', 0, ''),
(346, 36, 7, 1, 'RCS1', '1%', 'R1206', 'AVX,YAGEO', '', '', 0, ''),
(347, 36, 7, 1, 'RCS2', '1%', 'R1206', 'AVX,YAGEO', '', '', 0, ''),
(350, 36, 594, 1, 'U1', '', 'SOP8', 'SEMTRONICS', '', '', 0, ''),
(351, 36, 565, 0, '', '', '46.3mm*130mm', '', '', '', 0, ''),
(352, 36, 427, 1, '', '', 'PI-48', '', '', '', 0, ''),
(353, 36, 425, 1, '', '', 'PI-51', '', '', '', 0, ''),
(354, 35, 214, 1, 'BD1', '10%', 'DO-41', 'DIODE/HY/VISHAY/ GOOD ARC', '', '', 0, ''),
(356, 35, 351, 1, 'C3', '5%', 'DISC 5mm pitch', 'YAGEO,AVX,WALSIN', '', '', 0, ''),
(357, 35, 383, 1, 'C8', '10%', '(5mm*11mm)TH 2.5mm pitch', 'JACKCON/SAMHWA', '', '', 0, ''),
(358, 35, 387, 1, 'C7', '5%', 'C1206', 'YAGEO,AVX,WALSIN', '', '', 0, ''),
(359, 35, 362, 1, 'C6', '5%', '4.6mm*10mm (2.5mm pitch)', 'JACKCON/SAMHWA', '', '', 0, ''),
(360, 35, 754, 2, 'C5,C4', '10%', '(10mm*21mm) 5mm pitch', 'JACKCON/SAMHWA', '', '', 0, ''),
(361, 35, 441, 2, 'mov1,mov2', '', '14mm(TH) 7mm pitch', 'EPCOS,UCHI', '', '', 0, ''),
(362, 35, 405, 1, 'CX1', '10%', '(13mmL*4mmW*8.5mmH) 10mm ', 'HEL,EPCOS,ETR', '', '', 0, ''),
(363, 35, 367, 1, 'CY1', '', 'DISC 7.5mm pitch', '', '', '', 0, ''),
(364, 35, 215, 1, 'D4', '', 'D0-41', 'DIODE INC,HY,MIC, GOOD AR', '', '', 0, ''),
(365, 35, 217, 2, 'D2,D3', '', 'D0-41', 'DIODE INC,HY,MIC, GOOD AR', '', '', 0, ''),
(366, 35, 758, 1, 'D1', '', 'TO_220', 'ON SEMI ,HY,DIODE INC  ', '', '', 0, ''),
(367, 35, 227, 1, 'F1', '', 'Pigtail type (3.6mm*10mm)', 'PROTECTRON,UCHI', '', '', 0, ''),
(368, 35, 749, 2, 'L1,L2', '5%', '(10*12)drum type 5mm pitc', 'SEMTRONICS', '', '', 0, ''),
(369, 35, 435, 1, 'Q1', '', 'TO_220', 'FAIRCHILD,HY', '', '', 0, ''),
(370, 35, 83, 2, 'R1,R4', '5%', '1/4W', 'KELTRON,WATTS', '', '', 0, ''),
(371, 35, 56, 1, 'R7', '1%', 'R1206', 'AVX,YAGEO', '', '', 0, ''),
(372, 35, 123, 1, 'R2', '5%', '2W', 'KELTRON,WATTS', '', '', 0, ''),
(373, 35, 67, 1, 'R5', '1%', 'R1206', 'AVX,YAGEO', '', '', 0, ''),
(374, 35, 765, 1, 'R6', '1%', 'R1206', 'AVX,YAGEO', '', '', 0, ''),
(375, 35, 17, 1, 'R9', '1%', 'R1206', 'AVX,YAGEO', '', '', 0, ''),
(376, 35, 62, 1, 'R8', '1%', 'R1206', 'AVX,YAGEO', '', '', 0, ''),
(377, 35, 121, 1, 'R3', '1%', 'R1206', 'AVX,YAGEO', '', '', 0, ''),
(378, 35, 89, 1, 'RCS1', '1%', 'R1206', 'AVX,YAGEO', '', '', 0, ''),
(379, 35, 89, 1, 'RCS2', '1%', 'R1206', 'AVX,YAGEO', '', '', 0, ''),
(381, 35, 343, 1, 'T1', '5%', 'AM-7034', 'AM Electronics', '', '', 0, ''),
(382, 35, 594, 1, 'U1', '', 'SOP8', 'SEMTRONICS', '', '', 0, ''),
(383, 35, 565, 1, '', '', '46.3mm*130mm', '', '', '', 0, ''),
(384, 35, 425, 1, 'HS1', '', 'PI-51 25mm 3mm thickness', '', '', '', 0, ''),
(385, 35, 427, 1, 'HS2', '', 'PI-48 6 fins 25mm 3mm thi', '', '', '', 0, ''),
(386, 35, 734, 5, '', '', 'M3 *10', '', '', '', 0, ''),
(387, 35, 711, 1, '', '', '', '', '', '', 0, ''),
(388, 32, 214, 1, 'BD1', '', 'MIL-STD-202', 'DIODE INC,HY,MIC, GOOD AR', '', '', 0, ''),
(389, 32, 351, 1, 'C3', '10%', '10mm pitch', 'YAGEO,AVX,WALSIN', '', '', 0, ''),
(390, 32, 383, 1, 'C8', '10%', '(5mm*11mm) 2.5mm pitch', 'JACKCON/SAMHWA', '', '', 0, ''),
(391, 32, 387, 1, 'C7', '10%', 'C1206', 'YAGEO,AVX,WALSIN', '', '', 0, ''),
(392, 32, 362, 1, 'C6', '10%', '(5mm*11mm)2.5mm pitch', 'JACKCON/SAMHWA', '', '', 0, ''),
(393, 32, 404, 2, 'C4/C5', '10%', '(13.2mm*21mm)5mm pitch', 'JACKCON/SAMHWA', '', '', 0, ''),
(394, 32, 446, 2, 'MOV1,MOV2', '', '20mm dia 10mm pitch', 'EPCOS/UCHI', '', '', 0, ''),
(396, 32, 405, 1, 'CX1 Epcos', '10%', '(13mmL*4mmW*8.5mmH) 10mm ', 'EPCOS', '', '', 0, ''),
(398, 32, 367, 1, 'CY1', '10%', 'DISC 7.5mm pitch', 'EPCOS', '', '', 0, ''),
(399, 32, 217, 1, 'D3', '', 'DO-41', 'DIODE INC,HY,MIC, GOOD AR', '', '', 0, ''),
(400, 32, 215, 1, 'D4', '', 'D0-15(D0-20 4AC)', 'DIODE INC,HY,MIC, GOOD AR', '', '', 0, ''),
(401, 32, 216, 1, 'D1', '', 'JEDEC TO-220AC', 'DIODE INC,HY,MIC, GOOD AR', '', '', 0, ''),
(402, 32, 233, 1, 'F1', '', '(3.6mm*10mm) 4mm pitch', 'PROTECTRON,UCHI', '', '', 0, ''),
(403, 32, 749, 1, 'L1,L2', '', '(12mm*14mm) 5mm pitch', 'METRONIX', '', '', 0, ''),
(404, 32, 434, 1, 'Q1', '', 'TO-220', 'TOSHIBA', '', '', 0, ''),
(405, 32, 83, 2, 'R1,R4', '1%', '1/4W CFR', 'KELTRON,WATTS', '', '', 0, ''),
(406, 32, 92, 1, 'R7', '5%', 'R1206', 'AVX,YAGEO', '', '', 0, ''),
(407, 32, 764, 1, 'R2', '5%', '1W CFR', 'KELTRON,WATTS', '', '', 0, ''),
(408, 32, 67, 1, 'R5', '5%', 'R1206', 'AVX,YAGEO', '', '', 0, ''),
(409, 32, 91, 1, 'R6', '1%', 'R1206', 'AVX,YAGEO', '', '', 0, ''),
(410, 32, 13, 1, 'R9', '1%', 'R1206', 'AVX,YAGEO', '', '', 0, ''),
(411, 32, 132, 1, 'R8', '1%', 'R1206', 'AVX,YAGEO', '', '', 0, ''),
(412, 32, 132, 1, 'R3', '5%', 'R1206', 'AVX,YAGEO', '', '', 0, ''),
(413, 32, 93, 1, 'RCS', '1%', 'R1206', 'AVX,YAGEO', '', '', 0, ''),
(414, 32, 77, 1, 'RCS1', '1%', 'R1206', 'AVX,YAGEO', '', '', 0, ''),
(415, 32, 77, 1, 'RCS2', '1%', 'R1206', 'AVX,YAGEO', '', '', 0, ''),
(416, 32, 334, 1, 'T1/MT-6124', '', 'TRAN_ISDN_20', 'METRONIX', '', '', 0, ''),
(417, 32, 594, 1, 'U1', '', 'IC_0', 'SEMTRONICS', '', '', 0, ''),
(419, 32, 565, 1, '', '', 'SSTXXB-VER ST 1.14.1', '', '', '', 0, ''),
(420, 32, 425, 1, '', '', 'PI-51', 'PI-51', '', '', 0, ''),
(421, 32, 427, 1, '', '', '', '', '', '', 0, ''),
(422, 32, 225, 1, 'J1', '', 'PWR_CONN_3P_10MM', 'CON3', '', '', 0, ''),
(423, 32, 224, 1, 'J2', '', 'PWR_CONN_2P_10MM', 'CON2', '', '', 0, ''),
(424, 34, 206, 4, 'D1,D2,D3,D4', '10%', 'DO-41', 'DIODE/HY/VISHAY/ GOOD ARC', '', '', 0, ''),
(425, 34, 395, 2, 'C2,C10', '5%', '            (10mm pitch)', 'EPCOS', '', '', 0, ''),
(426, 34, 351, 1, 'C3', '5%', 'DISC 5mm pitch', 'YAGEO,AVX,WALSIN', '', '', 0, ''),
(427, 34, 356, 1, 'C8', '10%', '(5mm*11mm)TH 2.5MM pitch', 'JACKCON/SAMHWA', '', '', 0, ''),
(428, 34, 387, 1, 'C7', '5%', 'C1206', 'YAGEO,AVX,WALSIN', '', '', 0, ''),
(429, 34, 414, 1, 'C6', '5%', 'C0805', 'JACKCON/SAMHWA', '', '', 0, ''),
(430, 34, 404, 1, 'C4', '10%', '(10mm*21mm) 5mm pitch', 'JACKCON/SAMHWA', '', '', 0, ''),
(431, 34, 441, 2, 'RV1,RV2', '', '14mm(TH) 7mm pitch', 'EPCOS,UCHI', '', '', 0, ''),
(432, 34, 398, 1, 'C1', '10%', '(13mmL*4mmW*8.5mmH) 10mm ', 'HEL,EPCOS,ETR', '', '', 0, ''),
(433, 34, 367, 0, 'C9', '', 'DISC 7.5mm pitch', '', '', '', 0, ''),
(434, 34, 217, 1, 'D7', '', 'D0-41', 'DIODE INC,HY,MIC, GOOD AR', '', '', 0, ''),
(435, 34, 217, 1, 'D5', '', 'D0-41', 'DIODE INC,HY,MIC, GOOD AR', '', '', 0, ''),
(436, 34, 209, 1, 'D6', '', 'DO-201AD', 'ON SEMI ,HY,DIODE INC  ', '', '', 0, ''),
(437, 34, 227, 1, 'F1', '', 'Pigtail type (3.6mm*10mm)', 'PROTECTRON,UCHI', '', '', 0, ''),
(438, 34, 327, 2, 'L1,L2', '5%', '(8*10)drum type 5mm pitch', 'SEMTRONICS', '', '', 0, ''),
(439, 34, 435, 1, 'Q1', '', 'TO_220', 'FAIRCHILD,HY', '', '', 0, ''),
(440, 34, 83, 2, 'R1,R2', '5%', '1/4W', 'KELTRON,WATTS', '', '', 0, ''),
(441, 34, 56, 1, 'R7', '1%', 'R1206', 'AVX,YAGEO', '', '', 0, ''),
(442, 34, 61, 1, 'R3', '5%', '1/2W', 'KELTRON,WATTS', '', '', 0, ''),
(443, 34, 67, 1, 'R6', '1%', 'R1206', 'AVX,YAGEO', '', '', 0, ''),
(444, 34, 87, 1, 'R11', '1%', 'R1206', 'AVX,YAGEO', '', '', 0, ''),
(445, 34, 13, 1, 'R12', '1%', 'R1206', 'AVX,YAGEO', '', '', 0, ''),
(446, 34, 62, 1, 'R5', '1%', 'R1206', 'AVX,YAGEO', '', '', 0, ''),
(447, 34, 88, 1, 'R4', '1%', 'R1206', 'AVX,YAGEO', '', '', 0, ''),
(448, 34, 191, 1, 'R8', '1%', 'R1206', 'AVX,YAGEO', '', '', 0, ''),
(449, 34, 77, 1, 'R9', '1%', 'R1206', 'AVX,YAGEO', '', '', 0, ''),
(451, 34, 333, 1, 'T1', '5%', 'MT-11256', 'METRONICS', '', '', 0, ''),
(452, 34, 594, 1, 'U1', '', 'SOP8', 'SEMTRONICS', '', '', 0, ''),
(453, 34, 531, 0, '', '', '34mm*82mm', '', '', '', 0, ''),
(454, 34, 427, 1, 'HS1', '', '', '', '', '', 0, ''),
(455, 34, 734, 1, '', '', 'CZ type M3*6 ', '', '', '', 0, ''),
(456, 34, 289, 1, '', '', 'Plastic', 'VANSH ', '', '', 0, ''),
(457, 34, 710, 4, '', '', 'Chrom plated', 'Any', '', '', 0, ''),
(458, 34, 773, 1, '', '', 'non erasable', 'Any', '', '', 0, ''),
(459, 34, 774, 1, '', '', 'non erasable', 'Any', '', '', 0, ''),
(460, 33, 206, 4, 'D1,D2,D3,D4', '10%', 'DO-41', 'DIODE/HY/VISHAY/ GOOD ARC', '', '', 0, ''),
(462, 33, 351, 1, 'C3', '5%', 'DISC 5mm pitch', 'YAGEO,AVX,WALSIN', '', '', 0, ''),
(463, 33, 383, 1, 'C8', '10%', '(5mm*11mm)TH 2.5MM pitch', 'JACKCON/SAMHWA', '', '', 0, ''),
(464, 33, 387, 1, 'C7', '5%', 'C1206', 'YAGEO,AVX,WALSIN', '', '', 0, ''),
(465, 33, 414, 1, 'C6', '5%', 'C0805', 'JACKCON/SAMHWA', '', '', 0, ''),
(466, 33, 404, 1, 'C4', '10%', '(10mm*21mm) 5mm pitch', 'JACKCON/SAMHWA', '', '', 0, ''),
(467, 33, 441, 2, 'RV1,RV2', '', '14mm(TH) 7mm pitch', 'EPCOS,UCHI', '', '', 0, ''),
(468, 33, 398, 1, 'C1', '10%', '(13mmL*4mmW*8.5mmH) 10mm ', 'HEL,EPCOS,ETR', '', '', 0, ''),
(469, 33, 367, 0, 'C9', '', 'DISC 7.5mm pitch', '', '', '', 0, ''),
(470, 33, 217, 1, 'D7', '', 'D0-41', 'DIODE INC,HY,MIC, GOOD AR', '', '', 0, ''),
(471, 33, 217, 1, 'D5', '', 'D0-41', 'DIODE INC,HY,MIC, GOOD AR', '', '', 0, ''),
(472, 33, 209, 1, 'D6', '', 'DO-201AD', 'ON SEMI ,HY,DIODE INC  ', '', '', 0, ''),
(473, 33, 227, 1, 'F1', '', 'Pigtail type (3.6mm*10mm)', 'PROTECTRON,UCHI', '', '', 0, ''),
(474, 33, 327, 2, 'L1,L2', '5%', '(8*10)drum type 5mm pitch', 'SEMTRONICS', '', '', 0, ''),
(475, 33, 435, 1, 'Q1', '', 'TO_220', 'FAIRCHILD,HY', '', '', 0, ''),
(476, 33, 83, 2, 'R1,R2', '5%', '1/4W', 'KELTRON,WATTS', '', '', 0, ''),
(477, 33, 56, 1, 'R7', '1%', 'R1206', 'AVX,YAGEO', '', '', 0, ''),
(478, 33, 61, 1, 'R3', '5%', '1/2W', 'KELTRON,WATTS', '', '', 0, ''),
(479, 33, 67, 1, 'R6', '1%', 'R1206', 'AVX,YAGEO', '', '', 0, ''),
(480, 33, 87, 1, 'R11', '1%', 'R1206', 'AVX,YAGEO', '', '', 0, ''),
(481, 33, 13, 1, 'R12', '1%', 'R1206', 'AVX,YAGEO', '', '', 0, ''),
(482, 33, 62, 1, 'R5', '1%', 'R1206', 'AVX,YAGEO', '', '', 0, ''),
(483, 33, 88, 1, 'R4', '1%', 'R1206', 'AVX,YAGEO', '', '', 0, ''),
(484, 33, 191, 1, 'R8', '1%', 'R1206', 'AVX,YAGEO', '', '', 0, ''),
(487, 33, 333, 1, 'T1', '5%', 'MT-11256', 'METRONICS', '', '', 0, ''),
(488, 33, 594, 1, 'U1', '', 'SOP8', 'SEMTRONICS', '', '', 0, ''),
(489, 33, 531, 0, '', '', '34mm*82mm', '', '', '', 0, ''),
(490, 33, 427, 1, 'HS1', '', '', '', '', '', 0, ''),
(491, 33, 734, 1, '', '', 'CZ type M3*6 ', '', '', '', 0, ''),
(492, 33, 289, 1, '', '', 'Plastic', 'VANSH ', '', '', 0, ''),
(493, 33, 710, 4, '', '', 'Chrom plated', 'Any', '', '', 0, ''),
(494, 33, 773, 1, '', '', 'non erasable', 'Any', '', '', 0, ''),
(495, 33, 774, 1, '', '', 'non erasable', 'Any', '', '', 0, ''),
(496, 37, 214, 1, 'BD1', '10%', 'DO-41', 'DIODE/HY/VISHAY/ GOOD ARC', '', '', 0, ''),
(497, 37, 395, 1, 'C2', '5%', '            (10mm pitch)', 'EPCOS', '', '', 0, ''),
(498, 37, 395, 1, 'C10', '5%', '            (10mm pitch)', 'EPCOS', '', '', 0, ''),
(499, 37, 351, 1, 'C3', '5%', 'DISC 5mm pitch', 'YAGEO,AVX,WALSIN', '', '', 0, ''),
(500, 37, 383, 1, 'C8', '10%', '(5mm*11mm)TH 2.5MM pitch', 'JACKCON/SAMHWA', '', '', 0, ''),
(501, 37, 387, 1, 'C7', '5%', 'C1206', 'YAGEO,AVX,WALSIN', '', '', 0, ''),
(502, 37, 362, 1, 'C6', '5%', '4.6mm*10mm (2.5mm pitch)', 'JACKCON/SAMHWA', '', '', 0, ''),
(503, 37, 373, 2, 'C5,C4', '10%', '(10mm*21mm) 5mm pitch', 'JACKCON/SAMHWA', '', '', 0, ''),
(504, 37, 441, 2, 'RV1,RV2', '', '14mm(TH) 7mm pitch', 'EPCOS,UCHI', '', '', 0, ''),
(505, 37, 405, 1, 'C1', '10%', '(13mmL*4mmW*8.5mmH) 10mm ', 'HEL,EPCOS,ETR', '', '', 0, ''),
(506, 37, 410, 0, 'C9', '', 'DISC 7.5mm pitch', '', '', '', 0, ''),
(507, 37, 217, 1, 'D7', '', 'D0-41', 'DIODE INC,HY,MIC, GOOD AR', '', '', 0, ''),
(508, 37, 217, 1, 'D5', '', 'D0-41', 'DIODE INC,HY,MIC, GOOD AR', '', '', 0, ''),
(509, 37, 216, 1, 'D6', '', 'DO-201AD 6mm pitch', 'ON SEMI ,HY,DIODE INC  ', '', '', 0, ''),
(510, 37, 227, 1, 'F1', '', 'Pigtail type (3.6mm*10mm)', 'PROTECTRON,UCHI', '', '', 0, ''),
(511, 37, 749, 2, 'L1,L2', '5%', '(10*12)drum type 5mm pitc', 'SEMTRONICS', '', '', 0, ''),
(512, 37, 434, 1, 'Q1', '', 'TO_220', 'FAIRCHILD,HY', '', '', 0, ''),
(513, 37, 83, 2, 'R1,R2', '5%', '1/4W', 'KELTRON,WATTS', '', '', 0, ''),
(514, 37, 56, 1, 'R7', '1%', 'R1206', 'AVX,YAGEO', '', '', 0, ''),
(515, 37, 123, 1, 'R3', '5%', '2W', 'KELTRON,WATTS', '', '', 0, ''),
(516, 37, 67, 1, 'R6', '1%', 'R1206', 'AVX,YAGEO', '', '', 0, ''),
(517, 37, 74, 1, 'R11', '1%', 'R1206', 'AVX,YAGEO', '', '', 0, ''),
(518, 37, 13, 1, 'R12', '1%', 'R1206', 'AVX,YAGEO', '', '', 0, ''),
(519, 37, 62, 1, 'R5', '1%', 'R1206', 'AVX,YAGEO', '', '', 0, ''),
(520, 37, 149, 1, 'R4', '1%', 'R1206', 'AVX,YAGEO', '', '', 0, ''),
(521, 37, 7, 1, 'R8', '1%', 'R1206', 'AVX,YAGEO', '', '', 0, ''),
(522, 37, 7, 1, 'R9', '1%', 'R1206', 'AVX,YAGEO', '', '', 0, ''),
(524, 37, 793, 1, 'T1', '5%', 'AM-6314', 'METRONICS', '', '', 0, ''),
(525, 37, 594, 1, 'U1', '', 'SOP8', 'SEMTRONICS', '', '', 0, ''),
(526, 37, 531, 0, '', '', '46.3mm*130mm', '', '', '', 0, ''),
(527, 30, 206, 4, 'D1,D2,D3,D4', '10%', 'DO-41', 'DIODE/HY/VISHAY/ GOOD ARC', '', '', 0, ''),
(528, 30, 405, 1, 'C2', '5%', '            (10mm pitch)', 'EPCOS', '', '', 0, ''),
(529, 30, 395, 1, 'C10', '5%', '            (10mm pitch)', 'EPCOS', '', '', 0, ''),
(530, 30, 351, 1, 'C3', '5%', 'DISC 5mm pitch', 'YAGEO,AVX,WALSIN', '', '', 0, ''),
(531, 30, 356, 1, 'C8', '10%', '(5mm*11mm)TH 2.5MM pitch', 'JACKCON/SAMHWA', '', '', 0, ''),
(532, 30, 387, 1, 'C7', '5%', 'C1206', 'YAGEO,AVX,WALSIN', '', '', 0, ''),
(533, 30, 362, 1, 'C6', '5%', '4.6mm*10mm (2.5mm pitch)', 'JACKCON/SAMHWA', '', '', 0, ''),
(535, 30, 441, 2, 'RV1,RV2', '', '14mm(TH) 7mm pitch', 'EPCOS,UCHI', '', '', 0, ''),
(536, 30, 405, 1, 'C1', '10%', '(13mmL*4mmW*8.5mmH) 10mm ', 'HEL,EPCOS,ETR', '', '', 0, ''),
(537, 30, 367, 0, 'C9', '', 'DISC 7.5mm pitch', '', '', '', 0, ''),
(538, 30, 217, 1, 'D7', '', 'D0-41', 'DIODE INC,HY,MIC, GOOD AR', '', '', 0, ''),
(539, 30, 217, 1, 'D5', '', 'D0-41', 'DIODE INC,HY,MIC, GOOD AR', '', '', 0, ''),
(540, 30, 209, 1, 'D6', '', 'DO-201AD 6mm pitch', 'ON SEMI ,HY,DIODE INC  ', '', '', 0, ''),
(541, 30, 227, 1, 'F1', '', 'Pigtail type (3.6mm*10mm)', 'PROTECTRON,UCHI', '', '', 0, ''),
(542, 30, 327, 2, 'L1,L2', '5%', '(8*10)drum type 5mm pitch', 'SEMTRONICS', '', '', 0, ''),
(543, 30, 431, 1, 'Q1', '', 'TO_220', 'FAIRCHILD,HY', '', '', 0, ''),
(544, 30, 83, 2, 'R1,R2', '5%', '1/4W', 'KELTRON,WATTS', '', '', 0, ''),
(545, 30, 56, 1, 'R7', '1%', 'R1206', 'AVX,YAGEO', '', '', 0, ''),
(546, 30, 61, 1, 'R3', '5%', '1/2W', 'KELTRON,WATTS', '', '', 0, ''),
(547, 30, 67, 1, 'R6', '1%', 'R1206', 'AVX,YAGEO', '', '', 0, ''),
(548, 30, 87, 1, 'R11', '1%', 'R1206', 'AVX,YAGEO', '', '', 0, ''),
(549, 30, 13, 1, 'R12', '1%', 'R1206', 'AVX,YAGEO', '', '', 0, ''),
(550, 30, 62, 1, 'R5', '1%', 'R1206', 'AVX,YAGEO', '', '', 0, ''),
(551, 30, 88, 1, 'R4', '1%', 'R1206', 'AVX,YAGEO', '', '', 0, ''),
(552, 30, 191, 1, 'R8', '1%', 'R1206', 'AVX,YAGEO', '', '', 0, ''),
(553, 30, 86, 1, 'R9', '1%', 'R1206', 'AVX,YAGEO', '', '', 0, ''),
(555, 30, 346, 1, 'T1', '5%', 'AM-11020', 'METRONICS', '', '', 0, ''),
(556, 30, 594, 1, 'U1', '', 'SOP8', 'SEMTRONICS', '', '', 0, ''),
(557, 30, 531, 0, '', '', '34mm*82mm', '', '', '', 0, ''),
(558, 30, 289, 1, '', '', 'Plastic', 'VANSH ', '', '', 0, ''),
(559, 30, 710, 4, '', '', 'Chrom plated', 'Any', '', '', 0, ''),
(560, 30, 773, 1, '', '', 'non erasable', 'Any', '', '', 0, ''),
(561, 30, 774, 1, '', '', 'non erasable', 'Any', '', '', 0, ''),
(562, 29, 206, 4, 'D1,D2,D3,D4', '10%', 'DO-41', 'DIODE/HY/VISHAY/ GOOD ARC', '', '', 0, ''),
(563, 29, 405, 1, 'C2', '5%', '            (10mm pitch)', 'EPCOS', '', '', 0, ''),
(564, 29, 395, 1, '10', '', '            (10mm pitch)', 'EPCOS', '', '', 0, ''),
(565, 29, 351, 1, 'C3', '5%', 'DISC 5mm pitch', 'YAGEO,AVX,WALSIN', '', '', 0, ''),
(566, 29, 356, 1, 'C8', '10%', '(5mm*11mm)TH 2.5MM pitch', 'JACKCON/SAMHWA', '', '', 0, ''),
(567, 29, 387, 1, 'C7', '5%', 'C1206', 'YAGEO,AVX,WALSIN', '', '', 0, ''),
(568, 29, 414, 1, 'C6', '5%', 'C0805', 'JACKCON/SAMHWA', '', '', 0, ''),
(569, 29, 407, 2, 'C4,C5', '10%', '(10mm*21mm) 5mm pitch', 'JACKCON/SAMHWA', '', '', 0, ''),
(570, 29, 441, 2, 'RV1,RV2', '', '14mm(TH) 7mm pitch', 'EPCOS,UCHI', '', '', 0, ''),
(571, 29, 405, 1, 'C1', '10%', '(13mmL*4mmW*8.5mmH) 10mm ', 'HEL,EPCOS,ETR', '', '', 0, ''),
(572, 29, 367, 1, 'C9', '', 'DISC 7.5mm pitch', '', '', '', 0, ''),
(573, 29, 217, 1, 'D7', '', 'D0-41', 'DIODE INC,HY,MIC, GOOD AR', '', '', 0, ''),
(574, 29, 217, 1, 'D5', '', 'D0-41', 'DIODE INC,HY,MIC, GOOD AR', '', '', 0, ''),
(575, 29, 209, 1, 'D6', '', 'DO-201AD', 'ON SEMI ,HY,DIODE INC  ', '', '', 0, ''),
(576, 29, 227, 1, 'F1', '', 'Pigtail type (3.6mm*10mm)', 'PROTECTRON,UCHI', '', '', 0, ''),
(577, 29, 327, 2, 'L1,L2', '5%', '(8*10)drum type 5mm pitch', 'SEMTRONICS', '', '', 0, ''),
(578, 29, 431, 1, 'Q1', '', 'TO_220', 'FAIRCHILD,HY', '', '', 0, ''),
(579, 29, 83, 2, 'R1,R2', '5%', '1/4W', 'KELTRON,WATTS', '', '', 0, ''),
(580, 29, 56, 1, 'R7', '1%', 'R1206', 'AVX,YAGEO', '', '', 0, ''),
(581, 29, 61, 1, 'R3', '5%', '1/2W', 'KELTRON,WATTS', '', '', 0, ''),
(582, 29, 67, 1, 'R6', '1%', 'R1206', 'AVX,YAGEO', '', '', 0, ''),
(583, 29, 121, 1, 'R11', '1%', 'R1206', 'AVX,YAGEO', '', '', 0, ''),
(584, 29, 13, 1, 'R12', '1%', 'R1206', 'AVX,YAGEO', '', '', 0, ''),
(585, 29, 62, 1, 'R5', '1%', 'R1206', 'AVX,YAGEO', '', '', 0, ''),
(586, 29, 121, 1, 'R4', '1%', 'R1206', 'AVX,YAGEO', '', '', 0, ''),
(587, 29, 122, 1, 'R8', '1%', 'R1206', 'AVX,YAGEO', '', '', 0, ''),
(588, 29, 122, 1, 'R9', '1%', 'R1206', 'AVX,YAGEO', '', '', 0, ''),
(590, 29, 346, 1, 'T1', '5%', 'MT-11020', 'METRONICS', '', '', 0, ''),
(591, 29, 594, 1, 'U1', '', 'SOP8', 'SEMTRONICS', '', '', 0, ''),
(592, 29, 531, 0, '', '', '34mm*82mm', '', '', '', 0, ''),
(593, 29, 427, 1, 'HS1', '', '', '', '', '', 0, ''),
(594, 29, 734, 1, '', '', 'CZ type M3*6 ', '', '', '', 0, ''),
(595, 29, 289, 1, '', '', 'Plastic', 'VANSH ', '', '', 0, ''),
(596, 29, 710, 4, '', '', 'Chrom plated', 'Any', '', '', 0, ''),
(597, 29, 773, 1, '', '', 'non erasable', 'Any', '', '', 0, ''),
(598, 29, 774, 1, '', '', 'non erasable', 'Any', '', '', 0, ''),
(599, 28, 206, 4, 'D1,D2,D3,D4', '10%', 'DO-41', 'DIODE/HY/VISHAY/ GOOD ARC', '', '', 0, ''),
(600, 28, 405, 1, 'C2', '5%', '            (10mm pitch)', 'EPCOS', '', '', 0, ''),
(601, 28, 405, 1, '10', '', '            (10mm pitch)', 'EPCOS', '', '', 0, ''),
(602, 28, 351, 1, 'C3', '5%', 'DISC 5mm pitch', 'YAGEO,AVX,WALSIN', '', '', 0, ''),
(603, 28, 356, 1, 'C8', '10%', '(5mm*11mm)TH 2.5MM pitch', 'JACKCON/SAMHWA', '', '', 0, ''),
(604, 28, 387, 1, 'C7', '5%', 'C1206', 'YAGEO,AVX,WALSIN', '', '', 0, ''),
(605, 28, 414, 1, 'C6', '5%', 'C0805', 'JACKCON/SAMHWA', '', '', 0, ''),
(606, 28, 407, 1, 'C4', '10%', '(10mm*21mm) 5mm pitch', 'JACKCON/SAMHWA', '', '', 0, ''),
(607, 28, 441, 2, 'RV1,RV2', '', '14mm(TH) 7mm pitch', 'EPCOS,UCHI', '', '', 0, ''),
(608, 28, 398, 1, 'C1', '10%', '(13mmL*4mmW*8.5mmH) 10mm ', 'HEL,EPCOS,ETR', '', '', 0, ''),
(609, 28, 367, 0, 'C9', '', 'DISC 7.5mm pitch', '', '', '', 0, ''),
(610, 28, 217, 1, 'D7', '', 'D0-41', 'DIODE INC,HY,MIC, GOOD AR', '', '', 0, ''),
(611, 28, 217, 1, 'D5', '', 'D0-41', 'DIODE INC,HY,MIC, GOOD AR', '', '', 0, ''),
(612, 28, 209, 1, 'D6', '', 'DO-201AD', 'ON SEMI ,HY,DIODE INC  ', '', '', 0, ''),
(613, 28, 227, 1, 'F1', '', 'Pigtail type (3.6mm*10mm)', 'PROTECTRON,UCHI', '', '', 0, ''),
(614, 28, 327, 2, 'L1,L2', '5%', '(8*10)drum type 5mm pitch', 'SEMTRONICS', '', '', 0, ''),
(615, 28, 431, 1, 'Q1', '', 'TO_220', 'FAIRCHILD,HY', '', '', 0, ''),
(616, 28, 83, 2, 'R1,R2', '5%', '1/4W', 'KELTRON,WATTS', '', '', 0, ''),
(617, 28, 56, 1, 'R7', '1%', 'R1206', 'AVX,YAGEO', '', '', 0, ''),
(618, 28, 61, 1, 'R3', '5%', '1/2W', 'KELTRON,WATTS', '', '', 0, ''),
(619, 28, 67, 1, 'R6', '1%', 'R1206', 'AVX,YAGEO', '', '', 0, ''),
(620, 28, 68, 1, 'R11', '1%', 'R1206', 'AVX,YAGEO', '', '', 0, ''),
(621, 28, 13, 1, 'R12', '1%', 'R1206', 'AVX,YAGEO', '', '', 0, ''),
(622, 28, 69, 1, 'R5', '1%', 'R1206', 'AVX,YAGEO', '', '', 0, ''),
(623, 28, 149, 1, 'R4', '1%', 'R1206', 'AVX,YAGEO', '', '', 0, ''),
(624, 28, 153, 1, 'R8', '1%', 'R1206', 'AVX,YAGEO', '', '', 0, ''),
(625, 28, 64, 1, 'R9', '1%', 'R1206', 'AVX,YAGEO', '', '', 0, ''),
(627, 28, 330, 1, 'T1', '5%', 'MT-10031', 'METRONICS', '', '', 0, ''),
(628, 28, 594, 1, 'U1', '', 'SOP8', 'SEMTRONICS', '', '', 0, ''),
(629, 28, 531, 0, '', '', '34mm*82mm', '', '', '', 0, ''),
(630, 28, 427, 1, 'HS1', '', '', '', '', '', 0, ''),
(631, 28, 734, 1, '', '', 'CZ type M3*6 ', '', '', '', 0, ''),
(632, 28, 289, 1, '', '', 'Plastic', 'VANSH ', '', '', 0, ''),
(633, 28, 710, 4, '', '', 'Chrom plated', 'Any', '', '', 0, ''),
(634, 28, 773, 1, '', '', 'non erasable', 'Any', '', '', 0, ''),
(635, 28, 774, 1, '', '', 'non erasable', 'Any', '', '', 0, ''),
(636, 26, 203, 1, 'BD1', '', 'Good Work,fairchild,on se', '', '', '', 0, ''),
(637, 26, 351, 1, 'C1', '', 'Epcos,Murata', '', '', '', 0, ''),
(638, 26, 415, 1, 'C3', '', 'Walsin,yageo,samsung,AVX', '', '', '', 0, ''),
(639, 26, 409, 1, 'C4', '', 'Walsin,yageo,samsung,AVX', '', '', '', 0, ''),
(640, 26, 409, 1, 'C5', '', 'Walsin,yageo,samsung,AVX', '', '', '', 0, ''),
(641, 26, 351, 1, 'C6', '', 'Epcos,Murata', '', '', '', 0, ''),
(642, 26, 351, 1, 'C7', '', 'Epcos,Murata', '', '', '', 0, ''),
(644, 26, 754, 1, 'CP1', '', 'Galaxy,Rubycon,Samwha', '', '', '', 0, ''),
(645, 26, 754, 1, 'CP2', '', 'Galaxy,Rubycon,Samwha', '', '', '', 0, ''),
(646, 26, 209, 1, 'D1', '', 'Goodwork ', '', '', '', 0, ''),
(647, 26, 204, 1, 'D2', '', 'Good Work,fairchild,on se', '', '', '', 0, ''),
(648, 26, 204, 1, 'D3', '', 'Good Work,fairchild,on se', '', '', '', 0, ''),
(649, 26, 204, 1, 'D4', '', 'Good Work,fairchild,on se', '', '', '', 0, ''),
(650, 26, 226, 1, 'F1', '', 'protectron,Uchi', '', '', '', 0, ''),
(651, 26, 313, 1, 'L4', '', 'Metronix,Best Electronics', '', '', '', 0, ''),
(652, 26, 312, 1, 'L5', '', 'JMY', '', '', '', 0, ''),
(654, 26, 769, 1, 'L7', '', 'JMY', '', '', '', 0, ''),
(655, 26, 441, 1, 'MOV1', '', 'Uchi,Epcos', '', '', '', 0, ''),
(656, 26, 434, 1, 'Q1', '', 'Semtronics,Fairchild,Onse', '', '', '', 0, ''),
(657, 26, 6, 1, 'R1', '', 'Galaxy,Rubycon,Samwha', '', '', '', 0, ''),
(658, 26, 190, 1, 'R2', '', 'Galaxy,Rubycon,Samwha', '', '', '', 0, ''),
(659, 26, 159, 1, 'R3', '', 'Galaxy,Rubycon,Samwha', '', '', '', 0, ''),
(660, 26, 155, 1, 'R4', '', 'Galaxy,Rubycon,Samwha', '', '', '', 0, ''),
(661, 26, 24, 1, 'R6', '', 'Galaxy,Rubycon,Samwha', '', '', '', 0, ''),
(662, 26, 154, 1, 'R7', '', 'Galaxy,Rubycon,Samwha', '', '', '', 0, ''),
(663, 26, 192, 1, 'R8', '', 'Galaxy,Rubycon,Samwha', '', '', '', 0, ''),
(664, 26, 157, 1, 'R10', '', 'Galaxy,Rubycon,Samwha', '', '', '', 0, ''),
(665, 26, 763, 1, 'R12', '', 'Galaxy,Rubycon,Samwha', '', '', '', 0, ''),
(668, 26, 585, 1, 'U1', '', 'semtronics ', '', '', '', 0, ''),
(669, 26, 491, 1, 'SEM VER TL 5.8', '', 'Universal Circuts', '', '', '', 0, ''),
(670, 25, 203, 1, 'BD1', '', 'TO-269AA', 'GOODARC ,HY,MIC', '', '', 0, ''),
(671, 25, 351, 3, 'C1', '10%', 'CAP_DISC_200', 'HEL / JACKCON/ G.POLY AVX', '', '', 0, ''),
(672, 25, 415, 1, 'C3', '5%', 'C0805', 'YAGEO,AVX, KEMET', '', '', 0, ''),
(673, 25, 409, 1, 'C4', '5%', 'C0805', 'YAGEO,AVX, KEMET', '', '', 0, ''),
(674, 25, 753, 1, 'C5', '5%', 'C0805', 'YAGEO,AVX, KEMET', '', '', 0, ''),
(675, 25, 351, 0, 'C6', '10%', 'CAP_DISC_200', 'HEL / JACKCON', '', '', 0, ''),
(676, 25, 351, 0, 'C7', '10%', 'CAP_DISC_200', 'HEL / JACKCON', '', '', 0, ''),
(677, 25, 349, 1, 'C8', '10%', 'PEIR MYLAR CAP', 'PIA ', '', '', 0, ''),
(678, 25, 379, 2, 'CP1,CP2', '10%', '(10mm*20mm)', 'JACKCON,SAMHWA', '', '', 0, ''),
(679, 25, 209, 1, 'D1', '', 'DO-201AD', 'GOODARC ,HY,MIC', '', '', 0, ''),
(680, 25, 204, 3, 'D2,D3,D4', '', 'SMA', 'GOODARC ,HY,MIC', '', '', 0, ''),
(681, 25, 226, 1, 'F1', '', '(3.6mm*10mm)', 'PROTECTRON /UCHI', '', '', 0, ''),
(682, 25, 313, 1, 'L4', '5%', 'EE16 VERTICAL', 'METRONIX  --M-33260', '', '', 0, ''),
(683, 25, 442, 1, 'MOV1', '', '10mm', 'EPCOS ,UCHI', '', '', 0, ''),
(684, 25, 45, 1, 'POT1', '5%', 'TRIMMER', '', '', '', 0, ''),
(685, 25, 428, 1, 'Q1', '', 'TO-220', 'FAIRCHILD ,HY ,DIODE INC', '', '', 0, ''),
(686, 25, 6, 1, 'R1', '1%', 'R0805', 'YAGEO, UNIOHM,ROYAL OHM', '', '', 0, ''),
(687, 25, 7, 1, 'R2', '1%', 'R1206', 'YAGEO, UNIOHM,ROYAL OHM', '', '', 0, ''),
(688, 25, 159, 1, 'R3', '1%', 'R1206', 'YAGEO, UNIOHM,ROYAL OHM', '', '', 0, ''),
(689, 25, 18, 1, 'R4', '5%', 'R0603', 'YAGEO, UNIOHM,ROYAL OHM', '', '', 0, ''),
(691, 25, 132, 1, 'R6', '1%', 'R0603', 'YAGEO, UNIOHM,ROYAL OHM', '', '', 0, ''),
(692, 25, 156, 1, 'R7', '1%', 'R0603', 'YAGEO, UNIOHM,ROYAL OHM', '', '', 0, ''),
(693, 25, 4, 1, 'R8', '1%', 'R0603', 'YAGEO, UNIOHM,ROYAL OHM', '', '', 0, ''),
(694, 25, 157, 1, 'R10', '5%', 'R0603', 'YAGEO, UNIOHM,ROYAL OHM', '', '', 0, ''),
(695, 25, 158, 1, 'R11', '5%', 'R0603', 'YAGEO, UNIOHM,ROYAL OHM', '', '', 0, ''),
(696, 25, 58, 1, 'R12', '1%', 'R0603', 'YAGEO, UNIOHM,ROYAL OHM', '', '', 0, ''),
(698, 25, 585, 1, 'U1', '', 'SO8', 'SEMTRONICS ', '', '', 0, ''),
(699, 25, 492, 1, '', '', '(17mm*150mm)', 'UNIVERSAL', '', '', 0, ''),
(700, 24, 206, 4, 'D1,D2,D3,D4', '10%', 'DO-41', 'DIODE/HY/VISHAY/ GOOD ARC', '', '', 0, ''),
(701, 24, 395, 1, 'C2', '5%', '            (10mm pitch)', 'EPCOS', '', '', 0, ''),
(702, 24, 405, 1, '10', '', '            (10mm pitch)', 'EPCOS', '', '', 0, ''),
(703, 24, 351, 1, 'C3', '5%', 'DISC 5mm pitch', 'YAGEO,AVX,WALSIN', '', '', 0, ''),
(704, 24, 356, 1, 'C8', '10%', '(5mm*11mm)TH 2.5MM pitch', 'JACKCON/SAMHWA', '', '', 0, ''),
(705, 24, 387, 1, 'C7', '5%', 'C1206', 'YAGEO,AVX,WALSIN', '', '', 0, ''),
(706, 24, 414, 1, 'C6', '5%', 'C0805', 'JACKCON/SAMHWA', '', '', 0, ''),
(707, 24, 404, 1, 'C4', '10%', '(10mm*21mm) 5mm pitch', 'JACKCON/SAMHWA', '', '', 0, ''),
(708, 24, 441, 2, 'RV1,RV2', '', '14mm(TH) 7mm pitch', 'EPCOS,UCHI', '', '', 0, ''),
(709, 24, 398, 1, 'C1', '10%', '(13mmL*4mmW*8.5mmH) 10mm ', 'HEL,EPCOS,ETR', '', '', 0, ''),
(710, 24, 367, 0, 'C9', '', 'DISC 7.5mm pitch', '', '', '', 0, ''),
(711, 24, 217, 1, 'D7', '', 'D0-41', 'DIODE INC,HY,MIC, GOOD AR', '', '', 0, ''),
(712, 24, 217, 1, 'D5', '', 'D0-41', 'DIODE INC,HY,MIC, GOOD AR', '', '', 0, ''),
(713, 24, 207, 1, 'D6', '', 'SMA', 'ON SEMI ,HY,DIODE INC  ', '', '', 0, ''),
(714, 24, 227, 1, 'F1', '', 'Pigtail type (3.6mm*10mm)', 'PROTECTRON,UCHI', '', '', 0, ''),
(715, 24, 327, 2, 'L1,L2', '5%', '(8*10)drum type 5mm pitch', 'SEMTRONICS', '', '', 0, ''),
(716, 24, 429, 1, 'Q1', '', 'TO_220', 'FAIRCHILD,HY', '', '', 0, ''),
(717, 24, 83, 2, 'R1,R2', '5%', '1/4W', 'KELTRON,WATTS', '', '', 0, ''),
(718, 24, 56, 1, 'R7', '1%', 'R1206', 'AVX,YAGEO', '', '', 0, ''),
(719, 24, 61, 1, 'R3', '5%', '1/2W', 'KELTRON,WATTS', '', '', 0, ''),
(720, 24, 67, 1, 'R6', '1%', 'R1206', 'AVX,YAGEO', '', '', 0, ''),
(721, 24, 91, 1, 'R11', '1%', 'R1206', 'AVX,YAGEO', '', '', 0, ''),
(722, 24, 13, 1, 'R12', '1%', 'R1206', 'AVX,YAGEO', '', '', 0, ''),
(723, 24, 69, 1, 'R5', '1%', 'R1206', 'AVX,YAGEO', '', '', 0, '');
INSERT INTO `productbom` (`id`, `productcode`, `rawmaterialid`, `quantity`, `reference`, `tolerance`, `package`, `make`, `type`, `name`, `MAX_FILE_SIZE`, `files`) VALUES
(724, 24, 17, 1, 'R4', '1%', 'R1206', 'AVX,YAGEO', '', '', 0, ''),
(725, 24, 153, 1, 'R8', '1%', 'R1206', 'AVX,YAGEO', '', '', 0, ''),
(726, 24, 77, 1, 'R9', '1%', 'R1206', 'AVX,YAGEO', '', '', 0, ''),
(729, 24, 594, 1, 'U1', '', 'SOP8', 'SEMTRONICS', '', '', 0, ''),
(730, 24, 531, 0, '', '', '34mm*82mm', '', '', '', 0, ''),
(731, 24, 427, 1, 'HS1', '', '', '', '', '', 0, ''),
(732, 24, 734, 1, '', '', 'CZ type M3*6 ', '', '', '', 0, ''),
(733, 24, 289, 1, '', '', 'Plastic', 'VANSH ', '', '', 0, ''),
(734, 24, 709, 4, '', '', 'Chrom plated', 'Any', '', '', 0, ''),
(735, 24, 773, 1, '', '', 'non erasable', 'Any', '', '', 0, ''),
(736, 24, 774, 1, '', '', 'non erasable', 'Any', '', '', 0, ''),
(737, 23, 206, 4, 'D1,D2,D3,D4', '10%', 'DO-41', 'DIODE/HY/VISHAY/ GOOD ARC', '', '', 0, ''),
(738, 23, 395, 2, 'C2,C10', '5%', '            (10mm pitch)', 'EPCOS', '', '', 0, ''),
(739, 23, 351, 1, 'C3', '5%', 'DISC 5mm pitch', 'YAGEO,AVX,WALSIN', '', '', 0, ''),
(740, 23, 356, 1, 'C8', '10%', '(5mm*11mm)TH 2.5MM pitch', 'JACKCON/SAMHWA', '', '', 0, ''),
(741, 23, 387, 1, 'C7', '5%', 'C1206', 'YAGEO,AVX,WALSIN', '', '', 0, ''),
(742, 23, 362, 1, 'C6', '5%', '4.6mm*10mm (2.5mm pitch)', 'JACKCON/SAMHWA', '', '', 0, ''),
(744, 23, 441, 2, 'RV1,RV2', '', '14mm(TH) 7mm pitch', 'EPCOS,UCHI', '', '', 0, ''),
(746, 23, 367, 0, 'C9', '', 'DISC 7.5mm pitch', '', '', '', 0, ''),
(747, 23, 217, 1, 'D7', '', 'D0-41', 'DIODE INC,HY,MIC, GOOD AR', '', '', 0, ''),
(748, 23, 217, 1, 'D5', '', 'D0-41', 'DIODE INC,HY,MIC, GOOD AR', '', '', 0, ''),
(749, 23, 209, 1, 'D6', '', 'DO-201AD 6mm pitch', 'ON SEMI ,HY,DIODE INC  ', '', '', 0, ''),
(750, 23, 227, 1, 'F1', '', 'Pigtail type (3.6mm*10mm)', 'PROTECTRON,UCHI', '', '', 0, ''),
(751, 23, 327, 2, 'L1,L2', '5%', '(8*10)drum type 5mm pitch', 'SEMTRONICS', '', '', 0, ''),
(752, 23, 431, 1, 'Q1', '', 'TO_220', 'FAIRCHILD,HY', '', '', 0, ''),
(753, 23, 83, 2, 'R1,R2', '5%', '1/4W', 'KELTRON,WATTS', '', '', 0, ''),
(754, 23, 56, 1, 'R7', '1%', 'R1206', 'AVX,YAGEO', '', '', 0, ''),
(755, 23, 61, 1, 'R3', '5%', '1/2W', 'KELTRON,WATTS', '', '', 0, ''),
(756, 23, 129, 1, 'R6', '1%', 'R1206', 'AVX,YAGEO', '', '', 0, ''),
(757, 23, 63, 1, 'R11', '1%', 'R1206', 'AVX,YAGEO', '', '', 0, ''),
(758, 23, 13, 1, 'R12', '1%', 'R1206', 'AVX,YAGEO', '', '', 0, ''),
(759, 23, 62, 1, 'R5', '1%', 'R1206', 'AVX,YAGEO', '', '', 0, ''),
(760, 23, 88, 1, 'R4', '1%', 'R1206', 'AVX,YAGEO', '', '', 0, ''),
(764, 23, 797, 1, 'T1', '5%', 'MT-10808', 'METRONICS', '', '', 0, ''),
(765, 23, 594, 1, 'U1', '', 'SOP8', 'SEMTRONICS', '', '', 0, ''),
(766, 23, 531, 0, '', '', '34mm*82mm', '', '', '', 0, ''),
(767, 23, 289, 1, '', '', 'Plastic', 'VANSH ', '', '', 0, ''),
(768, 23, 709, 4, '', '', 'Chrom plated', 'Any', '', '', 0, ''),
(769, 23, 773, 1, '', '', 'non erasable', 'Any', '', '', 0, ''),
(770, 23, 774, 1, '', '', 'non erasable', 'Any', '', '', 0, ''),
(771, 22, 303, 1, 'BD1', '10%', 'DO-41', 'DIODE/HY/VISHAY/ GOOD ARC', '', '', 0, ''),
(772, 22, 395, 1, 'C2', '5%', '            (10mm pitch)', 'EPCOS', '', '', 0, ''),
(773, 22, 395, 1, 'C10', '5%', '            (10mm pitch)', 'EPCOS', '', '', 0, ''),
(774, 22, 304, 1, 'C3', '5%', 'DISC 5mm pitch', 'YAGEO,AVX,WALSIN', '', '', 0, ''),
(775, 22, 356, 1, 'C8', '10%', '(5mm*11mm)TH 2.5MM pitch', 'JACKCON/SAMHWA', '', '', 0, ''),
(776, 22, 306, 1, 'C7', '5%', 'C1206', 'YAGEO,AVX,WALSIN', '', '', 0, ''),
(777, 22, 307, 2, 'C6', '5%', '4.6mm*10mm (2.5mm pitch)', 'JACKCON/SAMHWA', '', '', 0, ''),
(779, 22, 441, 2, 'RV1,RV2', '', '14mm(TH) 7mm pitch', 'EPCOS,UCHI', '', '', 0, ''),
(780, 22, 405, 1, 'C1', '10%', '(13mmL*4mmW*8.5mmH) 10mm ', 'HEL,EPCOS,ETR', '', '', 0, ''),
(781, 22, 367, 0, 'C9', '', 'DISC 7.5mm pitch', '', '', '', 0, ''),
(782, 22, 217, 1, 'D7', '', 'D0-41', 'DIODE INC,HY,MIC, GOOD AR', '', '', 0, ''),
(783, 22, 217, 1, 'D5', '', 'D0-41', 'DIODE INC,HY,MIC, GOOD AR', '', '', 0, ''),
(784, 22, 216, 1, 'D6', '', 'DO-201AD 6mm pitch', 'ON SEMI ,HY,DIODE INC  ', '', '', 0, ''),
(785, 22, 227, 1, 'F1', '', 'Pigtail type (3.6mm*10mm)', 'PROTECTRON,UCHI', '', '', 0, ''),
(786, 22, 749, 2, 'L1,L2', '5%', '(10*12)drum type 5mm pitc', 'SEMTRONICS', '', '', 0, ''),
(787, 22, 434, 1, 'Q1', '', 'TO_220', 'FAIRCHILD,HY', '', '', 0, ''),
(788, 22, 83, 2, 'R1,R2', '5%', '1/4W', 'KELTRON,WATTS', '', '', 0, ''),
(789, 22, 56, 1, 'R7', '1%', 'R1206', 'AVX,YAGEO', '', '', 0, ''),
(790, 22, 123, 1, 'R3', '5%', '2W', 'KELTRON,WATTS', '', '', 0, ''),
(791, 22, 67, 1, 'R6', '1%', 'R1206', 'AVX,YAGEO', '', '', 0, ''),
(792, 22, 73, 1, 'R11', '1%', 'R1206', 'AVX,YAGEO', '', '', 0, ''),
(793, 22, 13, 1, 'R12', '1%', 'R1206', 'AVX,YAGEO', '', '', 0, ''),
(794, 22, 62, 1, 'R5', '1%', 'R1206', 'AVX,YAGEO', '', '', 0, ''),
(795, 22, 121, 1, 'R4', '1%', 'R1206', 'AVX,YAGEO', '', '', 0, ''),
(796, 22, 191, 1, 'R8', '1%', 'R1206', 'AVX,YAGEO', '', '', 0, ''),
(797, 22, 169, 1, 'R9', '1%', 'R1206', 'AVX,YAGEO', '', '', 0, ''),
(800, 22, 594, 1, 'U1', '', 'SOP8', 'SEMTRONICS', '', '', 0, ''),
(801, 22, 565, 0, '', '', '46.3mm*130mm', '', '', '', 0, ''),
(802, 22, 425, 1, '', '', 'PI-51', 'PI-51', '', '', 0, ''),
(803, 22, 427, 1, '', '', '', '', '', '', 0, ''),
(804, 22, 225, 1, 'J1', '', 'PWR_CONN_3P_10MM', 'CON3', '', '', 0, ''),
(805, 22, 224, 1, 'J2', '', 'PWR_CONN_2P_10MM', 'CON2', '', '', 0, ''),
(806, 21, 214, 1, 'BD1', '10%', 'DO-41', 'DIODE/HY/VISHAY/ GOOD ARC', '', '', 0, ''),
(807, 21, 395, 2, 'C2,C10', '5%', '            (10mm pitch)', 'EPCOS', '', '', 0, ''),
(808, 21, 351, 1, 'C3', '5%', 'DISC 5mm pitch', 'YAGEO,AVX,WALSIN', '', '', 0, ''),
(809, 21, 356, 1, 'C8', '10%', '(5mm*11mm)TH 2.5MM pitch', 'JACKCON/SAMHWA', '', '', 0, ''),
(810, 21, 387, 1, 'C7', '5%', 'C1206', 'YAGEO,AVX,WALSIN', '', '', 0, ''),
(811, 21, 414, 1, 'C6', '5%', 'C0805', 'JACKCON/SAMHWA', '', '', 0, ''),
(812, 21, 404, 2, 'C4,C5', '10%', '(10mm*21mm) 5mm pitch', 'JACKCON/SAMHWA', '', '', 0, ''),
(813, 21, 441, 2, 'RV1,RV2', '', '14mm(TH) 7mm pitch', 'EPCOS,UCHI', '', '', 0, ''),
(814, 21, 405, 1, 'C1', '10%', '(13mmL*4mmW*8.5mmH) 10mm ', 'HEL,EPCOS,ETR', '', '', 0, ''),
(815, 21, 367, 0, 'C9', '', 'DISC 7.5mm pitch', '', '', '', 0, ''),
(816, 21, 217, 1, 'D7', '', 'D0-41', 'DIODE INC,HY,MIC, GOOD AR', '', '', 0, ''),
(817, 21, 217, 1, 'D5', '', 'D0-41', 'DIODE INC,HY,MIC, GOOD AR', '', '', 0, ''),
(818, 21, 216, 1, 'D6', '', 'TO_220', 'ON SEMI ,HY,DIODE INC  ', '', '', 0, ''),
(819, 21, 227, 1, 'F1', '', 'Pigtail type (3.6mm*10mm)', 'PROTECTRON,UCHI', '', '', 0, ''),
(820, 21, 749, 2, 'L1,L2', '5%', '(10*12)drum type 5mm pitc', 'SEMTRONICS', '', '', 0, ''),
(821, 21, 435, 1, 'Q1', '', 'TO_220', 'FAIRCHILD,HY', '', '', 0, ''),
(822, 21, 83, 2, 'R1,R2', '5%', '1/4W', 'KELTRON,WATTS', '', '', 0, ''),
(823, 21, 92, 1, 'R7', '1%', 'R1206', 'AVX,YAGEO', '', '', 0, ''),
(824, 21, 52, 1, 'R3', '5%', '2W', 'KELTRON,WATTS', '', '', 0, ''),
(825, 21, 67, 1, 'R6', '1%', 'R1206', 'AVX,YAGEO', '', '', 0, ''),
(826, 21, 87, 1, 'R11', '1%', 'R1206', 'AVX,YAGEO', '', '', 0, ''),
(827, 21, 13, 1, 'R12', '1%', 'R1206', 'AVX,YAGEO', '', '', 0, ''),
(828, 21, 62, 1, 'R5', '1%', 'R1206', 'AVX,YAGEO', '', '', 0, ''),
(829, 21, 149, 1, 'R4', '1%', 'R1206', 'AVX,YAGEO', '', '', 0, ''),
(830, 21, 7, 1, 'R8', '1%', 'R1206', 'AVX,YAGEO', '', '', 0, ''),
(831, 21, 7, 1, 'R9', '1%', 'R1206', 'AVX,YAGEO', '', '', 0, ''),
(833, 21, 344, 1, 'T1', '5%', 'AM-7119', 'METRONICS', '', '', 0, ''),
(834, 21, 594, 1, 'U1', '', 'SOP8', 'SEMTRONICS', '', '', 0, ''),
(835, 21, 565, 0, '', '', '46mm*130mm', '', '', '', 0, ''),
(836, 21, 427, 1, 'HS1', '', '', '', '', '', 0, ''),
(837, 21, 734, 1, '', '', 'CZ type M3*6 ', '', '', '', 0, ''),
(838, 21, 710, 4, '', '', 'Chrom plated', 'Any', '', '', 0, ''),
(839, 21, 773, 1, '', '', 'non erasable', 'Any', '', '', 0, ''),
(840, 21, 774, 1, '', '', 'non erasable', 'Any', '', '', 0, ''),
(841, 21, 214, 1, 'BD1', '', 'MIL-STD-202', 'DIODE INC,HY,MIC, GOOD AR', '', '', 0, ''),
(842, 20, 380, 1, 'C7', '10%', 'CG-CBB21-224J  (9mm D*?14', 'YAGEO,AVX,WALSIN', '', '', 0, ''),
(843, 20, 382, 1, 'C14', '10%', 'C1206', 'YAGEO,AVX,WALSIN', '', '', 0, ''),
(844, 20, 383, 1, 'C15', '10%', '(5mm*11mm)2.5mm pitch', 'JACKCON/SAMHWA', '', '', 0, ''),
(845, 20, 387, 1, 'C16', '10%', 'DISC 7.5mm pitch', 'YAGEO,AVX,WALSIN', '', '', 0, ''),
(846, 20, 362, 1, 'C17', '10%', '(5mm*11mm)2.5mm pitch', 'JACKCON/SAMHWA', '', '', 0, ''),
(847, 20, 404, 2, 'C18/C19', '10%', '(13.2mm*21mm)5mm pitch', 'JACKCON/SAMHWA', '', '', 0, ''),
(848, 20, 441, 1, 'MOV1,MOV2', '', '14mm dia 7mm pitch', 'EPCOS/UCHI', '', '', 0, ''),
(849, 20, 751, 0, 'CX1 Epcos ', '', '(13mmL*4mmW*8.5mmH) 10mm ', 'EPCOS', '', '', 0, ''),
(850, 20, 405, 1, 'CX2,CX3 Epcos', '10%', '(13mmL*4mmW*8.5mmH) 10mm ', 'EPCOS', '', '', 0, ''),
(851, 20, 367, 1, 'CY1', '10%', 'DISC 7.5mm pitch', 'EPCOS', '', '', 0, ''),
(852, 20, 212, 1, 'D1', '', 'SMA', 'DIODE INC,HY,MIC, GOOD AR', '', '', 0, ''),
(853, 20, 210, 1, 'D7', '', 'SMA', 'DIODE INC,HY,MIC, GOOD AR', '', '', 0, ''),
(854, 20, 215, 1, 'D8', '', 'D0-15(D0-20 4AC)', 'DIODE INC,HY,MIC, GOOD AR', '', '', 0, ''),
(855, 20, 212, 1, 'D5', '', 'SMA', 'DIODE INC,HY,MIC, GOOD AR', '', '', 0, ''),
(856, 20, 216, 1, 'D6', '', 'JEDEC TO-220AC', 'DIODE INC,HY,MIC, GOOD AR', '', '', 0, ''),
(857, 20, 227, 1, 'F1', '', '(3.6mm*10mm) 4mm pitch', 'PROTECTRON,UCHI', '', '', 0, ''),
(858, 20, 335, 0, 'L13', '', '', 'METRONIX', '', '', 0, ''),
(859, 20, 336, 1, 'L3,L4', '', '(11mm*13.5mm)', 'METRONIX', '', '', 0, ''),
(860, 20, 336, 1, 'L2', '', '(11mm*13.5mm)', 'METRONIX', '', '', 0, ''),
(861, 20, 434, 1, 'Q1', '', 'TO-220', 'FAIRCHILD,HY', '', '', 0, ''),
(862, 20, 84, 1, 'R5', '1%', '1/4W CFR', 'KELTRON,WATTS', '', '', 0, ''),
(863, 20, 84, 1, 'R6', '1%', '1/4W CFR', 'KELTRON,WATTS', '', '', 0, ''),
(864, 20, 92, 1, 'R11', '5%', 'R1206', 'AVX,YAGEO', '', '', 0, ''),
(865, 20, 85, 1, 'R19,R26', '5%', '1W CFR', 'KELTRON,WATTS', '', '', 0, ''),
(866, 20, 67, 1, 'R20', '5%', 'R1206', 'AVX,YAGEO', '', '', 0, ''),
(867, 20, 91, 1, 'R21', '1%', 'R1206', 'AVX,YAGEO', '', '', 0, ''),
(868, 20, 13, 1, 'R22', '1%', 'R1206', 'AVX,YAGEO', '', '', 0, ''),
(869, 20, 132, 1, 'R24', '1%', 'R1206', 'AVX,YAGEO', '', '', 0, ''),
(870, 20, 132, 1, 'R25', '5%', 'R1206', 'AVX,YAGEO', '', '', 0, ''),
(871, 20, 93, 1, 'RCS', '1%', 'R1206', 'AVX,YAGEO', '', '', 0, ''),
(872, 20, 153, 1, 'RCS1', '1%', 'R1206', 'AVX,YAGEO', '', '', 0, ''),
(873, 20, 77, 1, 'RCS1', '1%', 'R1206', 'AVX,YAGEO', '', '', 0, ''),
(874, 20, 334, 1, 'T1/MT-6124', '', 'TRAN_ISDN_20', 'METRONIX', '', '', 0, ''),
(875, 20, 594, 1, 'U1', '', 'IC_0', 'SEMTRONICS', '', '', 0, ''),
(876, 20, 384, 1, 'C20', '', '(10mm*17mm)5mm PITCH', 'JACKCON/SAMHWA', '', '', 0, ''),
(877, 20, 172, 1, 'R23', '5%', 'R1206', 'AVX,YAGEO', '', '', 0, ''),
(878, 20, 204, 1, 'D10', '', 'SMA', 'DIODE INC,HY,MIC, GOOD AR', '', '', 0, ''),
(879, 20, 563, 1, '', '', 'SM-STL-VER 01A', '', '', '', 0, ''),
(880, 20, 425, 1, 'HS1,HS2', '', 'PI-51', 'PI-51', '', '', 0, ''),
(881, 20, 225, 1, 'J1', '', 'PWR_CONN_3P_5MM', 'CON3', '', '', 0, ''),
(882, 20, 224, 1, 'J2', '', 'PWR_CONN_2P_5MM', 'CON2', '', '', 0, ''),
(884, 20, 403, 1, 'C4', '', '(10mm*23mm)5mm PITCH', 'JACKCON/SAMHWA', '', '', 0, ''),
(885, 17, 206, 4, 'D1,D2,D3,D4', '10%', 'DO-41', 'DIODE/HY/VISHAY/ GOOD ARC', '', '', 0, ''),
(886, 17, 395, 2, 'C2,C10', '5%', '            (10mm pitch)', 'EPCOS', '', '', 0, ''),
(887, 17, 351, 1, 'C3', '5%', 'DISC 5mm pitch', 'YAGEO,AVX,WALSIN', '', '', 0, ''),
(888, 17, 356, 1, 'C8', '10%', '(5mm*11mm)TH 2.5MM pitch', 'JACKCON/SAMHWA', '', '', 0, ''),
(889, 17, 387, 1, 'C7', '5%', 'C1206', 'YAGEO,AVX,WALSIN', '', '', 0, ''),
(890, 17, 362, 1, 'C6', '5%', '4.6mm*10mm (2.5mm pitch)', 'JACKCON/SAMHWA', '', '', 0, ''),
(891, 17, 404, 2, 'C5,C4', '10%', '(10mm*21mm) 5mm pitch', 'JACKCON/SAMHWA', '', '', 0, ''),
(892, 17, 441, 2, 'RV1,RV2', '', '14mm(TH) 7mm pitch', 'EPCOS,UCHI', '', '', 0, ''),
(893, 17, 405, 1, 'C1', '10%', '(13mmL*4mmW*8.5mmH) 10mm ', 'HEL,EPCOS,ETR', '', '', 0, ''),
(894, 17, 367, 0, 'C9', '', 'DISC 7.5mm pitch', '', '', '', 0, ''),
(895, 17, 217, 1, 'D7', '', 'D0-41', 'DIODE INC,HY,MIC, GOOD AR', '', '', 0, ''),
(896, 17, 217, 1, 'D5', '', 'D0-41', 'DIODE INC,HY,MIC, GOOD AR', '', '', 0, ''),
(897, 17, 209, 1, 'D6', '', 'DO-201AD 6mm pitch', 'ON SEMI ,HY,DIODE INC  ', '', '', 0, ''),
(898, 17, 227, 1, 'F1', '', 'Pigtail type (3.6mm*10mm)', 'PROTECTRON,UCHI', '', '', 0, ''),
(899, 17, 327, 2, 'L1,L2', '5%', '(8*10)drum type 5mm pitch', 'SEMTRONICS', '', '', 0, ''),
(900, 17, 431, 1, 'Q1', '', 'TO_220', 'FAIRCHILD,HY', '', '', 0, ''),
(901, 17, 83, 2, 'R1,R2', '5%', '1/4W', 'KELTRON,WATTS', '', '', 0, ''),
(902, 17, 56, 1, 'R7', '1%', 'R1206', 'AVX,YAGEO', '', '', 0, ''),
(903, 17, 61, 1, 'R3', '5%', '1/2W', 'KELTRON,WATTS', '', '', 0, ''),
(904, 17, 67, 1, 'R6', '1%', 'R1206', 'AVX,YAGEO', '', '', 0, ''),
(905, 17, 63, 1, 'R11', '1%', 'R1206', 'AVX,YAGEO', '', '', 0, ''),
(906, 17, 13, 1, 'R12', '1%', 'R1206', 'AVX,YAGEO', '', '', 0, ''),
(907, 17, 62, 1, 'R5', '1%', 'R1206', 'AVX,YAGEO', '', '', 0, ''),
(908, 17, 121, 1, 'R4', '1%', 'R1206', 'AVX,YAGEO', '', '', 0, ''),
(909, 17, 153, 1, 'R8', '1%', 'R1206', 'AVX,YAGEO', '', '', 0, ''),
(910, 17, 130, 1, 'R9', '1%', 'R1206', 'AVX,YAGEO', '', '', 0, ''),
(912, 17, 346, 1, 'T1', '5%', 'AM-11020', 'METRONICS', '', '', 0, ''),
(913, 17, 594, 1, 'U1', '', 'SOP8', 'SEMTRONICS', '', '', 0, ''),
(914, 17, 531, 0, '', '', '34mm*82mm', '', '', '', 0, ''),
(915, 17, 289, 1, '', '', 'Plastic', 'VANSH ', '', '', 0, ''),
(916, 17, 709, 4, '', '', 'Chrom plated', 'Any', '', '', 0, ''),
(917, 17, 773, 1, '', '', 'non erasable', 'Any', '', '', 0, ''),
(918, 17, 774, 1, '', '', 'non erasable', 'Any', '', '', 0, ''),
(919, 16, 206, 4, 'D1,D2,D3,D4', '10%', 'DO-41', 'DIODE/HY/VISHAY/ GOOD ARC', '', '', 0, ''),
(920, 16, 395, 2, 'C2,C10', '5%', '            (10mm pitch)', 'EPCOS', '', '', 0, ''),
(921, 16, 351, 1, 'C3', '5%', 'DISC 5mm pitch', 'YAGEO,AVX,WALSIN', '', '', 0, ''),
(922, 16, 356, 1, 'C8', '10%', '(5mm*11mm)TH 2.5MM pitch', 'JACKCON/SAMHWA', '', '', 0, ''),
(923, 16, 387, 1, 'C7', '5%', 'C1206', 'YAGEO,AVX,WALSIN', '', '', 0, ''),
(924, 16, 362, 1, 'C6', '5%', '4.6mm*10mm (2.5mm pitch)', 'JACKCON/SAMHWA', '', '', 0, ''),
(925, 16, 404, 2, 'C4,C5', '10%', '(10mm*21mm) 5mm pitch', 'JACKCON/SAMHWA', '', '', 0, ''),
(926, 16, 441, 2, 'RV1,RV2', '', '14mm(TH) 7mm pitch', 'EPCOS,UCHI', '', '', 0, ''),
(927, 16, 405, 1, 'C1', '10%', '(13mmL*4mmW*8.5mmH) 10mm ', 'HEL,EPCOS,ETR', '', '', 0, ''),
(928, 16, 367, 0, 'C9', '', 'DISC 7.5mm pitch', '', '', '', 0, ''),
(929, 16, 217, 1, 'D7', '', 'D0-41', 'DIODE INC,HY,MIC, GOOD AR', '', '', 0, ''),
(930, 16, 217, 1, 'D5', '', 'D0-41', 'DIODE INC,HY,MIC, GOOD AR', '', '', 0, ''),
(931, 16, 209, 1, 'D6', '', 'DO-201AD', 'ON SEMI ,HY,DIODE INC  ', '', '', 0, ''),
(932, 16, 227, 1, 'F1', '', 'Pigtail type (3.6mm*10mm)', 'PROTECTRON,UCHI', '', '', 0, ''),
(933, 16, 327, 2, 'L1,L2', '5%', '(8*10)drum type 5mm pitch', 'SEMTRONICS', '', '', 0, ''),
(934, 16, 431, 1, 'Q1', '', 'TO_220', 'FAIRCHILD,HY', '', '', 0, ''),
(935, 16, 83, 2, 'R1,R2', '5%', '1/4W', 'KELTRON,WATTS', '', '', 0, ''),
(936, 16, 56, 1, 'R7', '1%', 'R1206', 'AVX,YAGEO', '', '', 0, ''),
(937, 16, 61, 1, 'R3', '5%', '1/2W', 'KELTRON,WATTS', '', '', 0, ''),
(938, 16, 129, 1, 'R6', '1%', 'R1206', 'AVX,YAGEO', '', '', 0, ''),
(939, 16, 67, 1, 'R11', '1%', 'R1206', 'AVX,YAGEO', '', '', 0, ''),
(940, 16, 13, 1, 'R12', '1%', 'R1206', 'AVX,YAGEO', '', '', 0, ''),
(941, 16, 62, 1, 'R5', '1%', 'R1206', 'AVX,YAGEO', '', '', 0, ''),
(942, 16, 88, 1, 'R4', '1%', 'R1206', 'AVX,YAGEO', '', '', 0, ''),
(943, 16, 747, 1, 'R8', '1%', 'R1206', 'AVX,YAGEO', '', '', 0, ''),
(944, 16, 153, 1, 'R9', '1%', 'R1206', 'AVX,YAGEO', '', '', 0, ''),
(946, 16, 339, 1, 'T1', '5%', 'MT-11025', 'METRONICS', '', '', 0, ''),
(947, 16, 594, 1, 'U1', '', 'SOP8', 'SEMTRONICS', '', '', 0, ''),
(948, 16, 531, 0, '', '', '34mm*82mm', '', '', '', 0, ''),
(949, 16, 427, 1, 'HS1', '', '', '', '', '', 0, ''),
(950, 16, 734, 1, '', '', 'CZ type M3*6 ', '', '', '', 0, ''),
(951, 16, 289, 1, '', '', 'Plastic', 'VANSH ', '', '', 0, ''),
(952, 16, 710, 4, '', '', 'Chrom plated', 'Any', '', '', 0, ''),
(953, 16, 773, 1, '', '', 'non erasable', 'Any', '', '', 0, ''),
(954, 16, 774, 1, '', '', 'non erasable', 'Any', '', '', 0, ''),
(955, 15, 206, 4, 'D1,D2,D3,D4', '10%', 'DO-41', 'DIODE/HY/VISHAY/ GOOD ARC', '', '', 0, ''),
(956, 15, 405, 2, 'C2,C10', '5%', '            (10mm pitch)', 'EPCOS', '', '', 0, ''),
(957, 15, 351, 1, 'C3', '5%', 'DISC 5mm pitch', 'YAGEO,AVX,WALSIN', '', '', 0, ''),
(958, 15, 356, 1, 'C8', '10%', '(5mm*11mm)TH 2.5MM pitch', 'JACKCON/SAMHWA', '', '', 0, ''),
(959, 15, 387, 1, 'C7', '5%', 'C1206', 'YAGEO,AVX,WALSIN', '', '', 0, ''),
(960, 15, 362, 1, 'C6', '5%', '4.6mm*10mm (2.5mm pitch)', 'JACKCON/SAMHWA', '', '', 0, ''),
(961, 15, 373, 2, 'C4', '10%', '(10mm*21mm) 5mm pitch', 'JACKCON/SAMHWA', '', '', 0, ''),
(962, 15, 441, 2, 'RV1,RV2', '', '14mm(TH) 7mm pitch', 'EPCOS,UCHI', '', '', 0, ''),
(963, 15, 398, 1, 'C1', '10%', '(13mmL*4mmW*8.5mmH) 10mm ', 'HEL,EPCOS,ETR', '', '', 0, ''),
(964, 15, 367, 0, 'C9', '', 'DISC 7.5mm pitch', '', '', '', 0, ''),
(965, 15, 217, 1, 'D7', '', 'D0-41', 'DIODE INC,HY,MIC, GOOD AR', '', '', 0, ''),
(966, 15, 217, 1, 'D5', '', 'D0-41', 'DIODE INC,HY,MIC, GOOD AR', '', '', 0, ''),
(967, 15, 207, 1, 'D6', '', 'SMA', 'ON SEMI ,HY,DIODE INC  ', '', '', 0, ''),
(968, 15, 227, 1, 'F1', '', 'Pigtail type (3.6mm*10mm)', 'PROTECTRON,UCHI', '', '', 0, ''),
(969, 15, 327, 2, 'L1,L2', '5%', '(8*10)drum type 5mm pitch', 'SEMTRONICS', '', '', 0, ''),
(970, 15, 429, 1, 'Q1', '', 'TO_220', 'FAIRCHILD,HY', '', '', 0, ''),
(971, 15, 83, 2, 'R1,R2', '5%', '1/4W', 'KELTRON,WATTS', '', '', 0, ''),
(972, 15, 56, 1, 'R7', '1%', 'R1206', 'AVX,YAGEO', '', '', 0, ''),
(973, 15, 61, 1, 'R3', '5%', '1/2W', 'KELTRON,WATTS', '', '', 0, ''),
(974, 15, 67, 1, 'R6', '1%', 'R1206', 'AVX,YAGEO', '', '', 0, ''),
(975, 15, 17, 1, 'R11', '1%', 'R1206', 'AVX,YAGEO', '', '', 0, ''),
(976, 15, 760, 1, 'R12', '1%', 'R1206', 'AVX,YAGEO', '', '', 0, ''),
(977, 15, 62, 1, 'R5', '1%', 'R1206', 'AVX,YAGEO', '', '', 0, ''),
(978, 15, 73, 1, 'R4', '1%', 'R1206', 'AVX,YAGEO', '', '', 0, ''),
(979, 15, 89, 1, 'R8', '1%', 'R1206', 'AVX,YAGEO', '', '', 0, ''),
(980, 15, 56, 1, 'R9', '1%', 'R1206', 'AVX,YAGEO', '', '', 0, ''),
(982, 15, 796, 1, 'T1', '5%', 'MT-15225', 'METRONICS', '', '', 0, ''),
(983, 15, 594, 1, 'U1', '', 'SOP8', 'SEMTRONICS', '', '', 0, ''),
(984, 15, 531, 0, '', '', '34mm*82mm', '', '', '', 0, ''),
(985, 15, 289, 1, '', '', 'Plastic', 'VANSH ', '', '', 0, ''),
(986, 15, 710, 4, '', '', 'r1206', 'Any', '', '', 0, ''),
(987, 15, 773, 1, '', '', 'non erasable', 'Any', '', '', 0, ''),
(988, 15, 774, 1, '', '', 'non erasable', 'Any', '', '', 0, ''),
(989, 14, 206, 4, 'D1,D2,D3,D4', '10%', 'DO-41', 'DIODE/HY/VISHAY/ GOOD ARC', '', '', 0, ''),
(990, 14, 395, 2, 'C2,C10', '5%', '            (10mm pitch)', 'EPCOS', '', '', 0, ''),
(991, 14, 351, 1, 'C3', '5%', 'DISC 5mm pitch', 'YAGEO,AVX,WALSIN', '', '', 0, ''),
(992, 14, 356, 1, 'C8', '10%', '(5mm*11mm)TH 2.5MM pitch', 'JACKCON/SAMHWA', '', '', 0, ''),
(993, 14, 387, 1, 'C7', '5%', 'C1206', 'YAGEO,AVX,WALSIN', '', '', 0, ''),
(994, 14, 362, 1, 'C6', '5%', '4.6mm*10mm (2.5mm pitch)', 'JACKCON/SAMHWA', '', '', 0, ''),
(995, 14, 404, 1, 'C5', '10%', '(10mm*21mm) 5mm pitch', 'JACKCON/SAMHWA', '', '', 0, ''),
(996, 14, 441, 2, 'RV1,RV2', '', '14mm(TH) 7mm pitch', 'EPCOS,UCHI', '', '', 0, ''),
(997, 14, 405, 1, 'C1', '10%', '(13mmL*4mmW*8.5mmH) 10mm ', 'HEL,EPCOS,ETR', '', '', 0, ''),
(998, 14, 367, 0, 'C9', '', 'DISC 7.5mm pitch', '', '', '', 0, ''),
(999, 14, 217, 1, 'D7', '', 'D0-41', 'DIODE INC,HY,MIC, GOOD AR', '', '', 0, ''),
(1000, 14, 217, 1, 'D5', '', 'D0-41', 'DIODE INC,HY,MIC, GOOD AR', '', '', 0, ''),
(1001, 14, 209, 1, 'D6', '', 'DO-201AD', 'ON SEMI ,HY,DIODE INC  ', '', '', 0, ''),
(1002, 14, 227, 1, 'F1', '', 'Pigtail type (3.6mm*10mm)', 'PROTOCON,UCHI', '', '', 0, ''),
(1003, 14, 327, 2, 'L1,L2', '5%', '(8*10)drum type 5mm pitch', 'SEMTRONICS', '', '', 0, ''),
(1004, 14, 431, 1, 'Q1', '', 'TO_220', 'FAIRCHILD,HY', '', '', 0, ''),
(1005, 14, 83, 2, 'R1,R2', '', '1/4W', 'KELTRON,WATTS', '', '', 0, ''),
(1006, 14, 56, 1, 'R7', '1%', 'R1206', 'AVX,YAGEO', '', '', 0, ''),
(1007, 14, 61, 1, 'R3', '5%', '1/2W', 'KELTRON,WATTS', '', '', 0, ''),
(1008, 14, 67, 1, 'R6', '1%', 'R1206', 'AVX,YAGEO', '', '', 0, ''),
(1009, 14, 73, 1, 'R11', '1%', 'R1206', 'AVX,YAGEO', '', '', 0, ''),
(1010, 14, 13, 1, 'R12', '1%', 'R1206', 'AVX,YAGEO', '', '', 0, ''),
(1011, 14, 69, 1, 'R5', '1%', 'R1206', 'AVX,YAGEO', '', '', 0, ''),
(1012, 14, 73, 1, 'R4', '1%', 'R1206', 'AVX,YAGEO', '', '', 0, ''),
(1013, 14, 191, 1, 'R8', '1%', 'R1206', 'AVX,YAGEO', '', '', 0, ''),
(1014, 14, 169, 1, 'R9', '1%', 'R1206', 'AVX,YAGEO', '', '', 0, ''),
(1016, 14, 317, 1, 'T1', '5%', 'MT-11448', 'METRONICS', '', '', 0, ''),
(1017, 14, 594, 1, 'U1', '', 'SOP8', 'SEMTRONICS', '', '', 0, ''),
(1018, 14, 531, 0, '', '', '34mm*82mm', '', '', '', 0, ''),
(1019, 14, 427, 1, 'HS1', '', '', '', '', '', 0, ''),
(1020, 14, 734, 1, '', '', 'CZ type M3*6 ', '', '', '', 0, ''),
(1021, 14, 289, 1, '', '', 'Plastic', 'VANSH ', '', '', 0, ''),
(1022, 14, 709, 4, '', '', 'Chrom plated', 'Any', '', '', 0, ''),
(1023, 14, 773, 1, '', '', 'non erasable', 'Any', '', '', 0, ''),
(1024, 14, 774, 1, '', '', 'non erasable', 'Any', '', '', 0, ''),
(1025, 13, 206, 4, 'D1,D2,D3,D4', '10%', 'DO-41', 'DIODE/HY/VISHAY/ GOOD ARC', '', '', 0, ''),
(1026, 13, 395, 2, 'C2,C10', '5%', '              (10 mm pitc', 'EPCOS', '', '', 0, ''),
(1027, 13, 351, 1, 'C3', '5%', 'DISC 5mm pitch', 'YAGEO,AVX,WALSIN', '', '', 0, ''),
(1028, 13, 356, 1, 'C8', '10%', '(5mm*11mm)TH 2.5MM pitch', 'JACKCON/SAMHWA', '', '', 0, ''),
(1029, 13, 387, 1, 'C7', '5%', 'C1206', 'YAGEO,AVX,WALSIN', '', '', 0, ''),
(1030, 13, 362, 1, 'C6', '5%', '4.6mm*10mm (2.5mm pitch)', 'JACKCON/SAMHWA', '', '', 0, ''),
(1031, 13, 404, 1, 'C5', '10%', '(10mm*21mm) 5mm pitch', 'JACKCON/SAMHWA', '', '', 0, ''),
(1032, 13, 441, 2, 'RV1,RV2', '', '14mm(TH) 7mm pitch', 'EPCOS,UCHI', '', '', 0, ''),
(1033, 13, 405, 1, 'C1', '10%', '(13mmL*4mmW*8.5mmH) 10mm ', 'HEL,EPCOS,ETR', '', '', 0, ''),
(1034, 13, 367, 0, 'C9', '', 'DISC 7.5mm pitch', '', '', '', 0, ''),
(1035, 13, 217, 1, 'D7', '', 'D0-41', 'DIODE INC,HY,MIC, GOOD AR', '', '', 0, ''),
(1036, 13, 217, 1, 'D5', '', 'D0-41', 'DIODE INC,HY,MIC GOOD ARC', '', '', 0, ''),
(1037, 13, 209, 1, 'D6', '', 'DO-201AD', 'ON SEMI ,HY,DIODE INC  ', '', '', 0, ''),
(1038, 13, 227, 1, 'F1', '', 'pigtail type (3.6mm*10mm)', 'PROTOCON,UCHI', '', '', 0, ''),
(1039, 13, 327, 2, 'L1,L2', '5%', '(8*10)drum type 5mm pitch', 'SEMTRONICS', '', '', 0, ''),
(1040, 13, 431, 1, 'Q1', '', 'TO_220', 'FAIRCHILD,HY', '', '', 0, ''),
(1041, 13, 83, 2, 'R1,R2', '', '1/4W', 'KELTRON,WATTS', '', '', 0, ''),
(1042, 13, 56, 1, 'R7', '1%', 'R1206', 'AVX,YAGEO', '', '', 0, ''),
(1043, 13, 61, 1, 'R3', '5%', '1/2W', 'KELTRON,WATTS', '', '', 0, ''),
(1044, 13, 67, 1, 'R6', '1%', 'R1206', 'AVX,YAGEO', '', '', 0, ''),
(1045, 13, 73, 1, 'R11', '1%', 'R1206', 'AVX,YAGEO', '', '', 0, ''),
(1046, 13, 13, 1, 'R12', '1%', 'R1206', 'AVX,YAGEO', '', '', 0, ''),
(1047, 13, 69, 1, 'R5', '1%', 'R1206', 'AVX,YAGEO', '', '', 0, ''),
(1048, 13, 73, 1, 'R4', '1%', 'R1206', 'AVX,YAGEO', '', '', 0, ''),
(1049, 13, 64, 1, 'R8', '1%', 'R1206', 'AVX,YAGEO', '', '', 0, ''),
(1050, 13, 64, 1, 'R9', '1%', 'R1206', 'AVX,YAGEO', '', '', 0, ''),
(1052, 13, 317, 1, 'T1', '5%', 'MT-11448', 'METRONICS', '', '', 0, ''),
(1053, 13, 594, 1, 'U1', '', 'SOP8', 'SEMTRONICS', '', '', 0, ''),
(1054, 13, 531, 0, '', '', '34mm*82mm', '', '', '', 0, ''),
(1055, 13, 427, 1, 'HS1', '', '', '', '', '', 0, ''),
(1056, 13, 734, 1, '', '', 'CZ type M3*6 ', '', '', '', 0, ''),
(1057, 13, 289, 1, '', '', 'Plastic', 'VANSH ', '', '', 0, ''),
(1058, 13, 709, 4, '', '', 'Chrom plated', 'Any', '', '', 0, ''),
(1059, 13, 773, 1, '', '', 'non erasable', 'Any', '', '', 0, ''),
(1060, 13, 774, 1, '', '', 'non erasable', 'Any', '', '', 0, ''),
(1061, 12, 206, 4, 'D1,D2,D3,D4', '10%', 'DO-41', 'DIODE/HY/VISHAY, GOOD ARC', '', '', 0, ''),
(1062, 12, 395, 2, 'C2,C10', '5%', '            (10mm pitch)', 'EPCOS', '', '', 0, ''),
(1063, 12, 351, 1, 'C3', '5%', 'DISC 5mm pitch', 'YAGEO,AVX,WALSIN', '', '', 0, ''),
(1064, 12, 356, 1, 'C8', '10%', '(5mm*11mm)TH 2.5MM pitch', 'JACKCON/SAMHWA', '', '', 0, ''),
(1065, 12, 387, 1, 'C7', '5%', 'C1206', 'YAGEO,AVX,WALSIN', '', '', 0, ''),
(1066, 12, 362, 1, 'C6', '5%', '4.6mm*10mm (2.5mm pitch)', 'JACKCON/SAMHWA', '', '', 0, ''),
(1067, 12, 408, 1, 'C5', '10%', '(10mm*17mm) 5mm pitch', 'JACKCON/SAMHWA', '', '', 0, ''),
(1068, 12, 441, 2, 'RV1,RV2', '', '14mm(TH) 7mm pitch', 'EPCOS,UCHI', '', '', 0, ''),
(1069, 12, 405, 1, 'C1', '10%', '(13mmL*4mmW*8.5mmH) 10mm ', 'HEL,EPCOS,ETR', '', '', 0, ''),
(1070, 12, 367, 0, 'C9', '', 'DISC 7.5mm pitch', '', '', '', 0, ''),
(1071, 12, 217, 1, 'D7', '', 'D0-41', 'DIODE INC,HY,MIC, GOOD AR', '', '', 0, ''),
(1072, 12, 217, 1, 'D5', '', 'D0-41', 'DIODE INC,HY,MIC, GOOD AR', '', '', 0, ''),
(1073, 12, 209, 1, 'D6', '', 'DO-201AD', 'ON SEMI ,HY,DIODE INC  ', '', '', 0, ''),
(1074, 12, 227, 1, 'F1', '', 'Pigtail type (3.6mm*10mm)', 'PROTECTRON,UCHI', '', '', 0, ''),
(1075, 12, 327, 2, 'L1,L2', '5%', '(8*10)drum type 5mm pitch', 'METRONICS', '', '', 0, ''),
(1076, 12, 431, 1, 'Q1', '', 'TO_220', 'FAIRCHILD,HY', '', '', 0, ''),
(1077, 12, 83, 2, 'R1,R2', '5%', '1/4W', 'KELTRON,WATTS', '', '', 0, ''),
(1078, 12, 56, 1, 'R7', '1%', 'R1206', 'AVX,YAGEO', '', '', 0, ''),
(1079, 12, 61, 1, 'R3', '5%', '1/2W', 'KELTRON,WATTS', '', '', 0, ''),
(1080, 12, 67, 1, 'R6', '1%', 'R1206', 'AVX,YAGEO', '', '', 0, ''),
(1081, 12, 63, 1, 'R11', '1%', 'R1206', 'AVX,YAGEO', '', '', 0, ''),
(1082, 12, 13, 1, 'R12', '1%', 'R1206', 'AVX,YAGEO', '', '', 0, ''),
(1083, 12, 69, 1, 'R5', '1%', 'R1206', 'AVX,YAGEO', '', '', 0, ''),
(1084, 12, 73, 1, 'R4', '1%', 'R1206', 'AVX,YAGEO', '', '', 0, ''),
(1085, 12, 191, 1, 'R8', '1%', 'R1206', 'AVX,YAGEO', '', '', 0, ''),
(1086, 12, 169, 1, 'R9', '1%', 'R1206', 'AVX,YAGEO', '', '', 0, ''),
(1088, 12, 317, 1, 'T1', '5%', 'MT-11448', 'METRONICS', '', '', 0, ''),
(1089, 12, 594, 1, 'U1', '', 'SOP8', 'SEMTRONICS', '', '', 0, ''),
(1090, 12, 531, 0, '', '', '34mm*82mm Single sided', '', '', '', 0, ''),
(1091, 12, 427, 1, 'HS1', '', '', '', '', '', 0, ''),
(1092, 12, 734, 1, '', '', 'CZ type M3*6 ', '', '', '', 0, ''),
(1093, 12, 289, 1, '', '', 'Plastic', 'VANSH ', '', '', 0, ''),
(1094, 12, 709, 4, '', '', 'Chrom plated', 'Any', '', '', 0, ''),
(1095, 12, 773, 1, '', '', 'non erasable', 'Any', '', '', 0, ''),
(1096, 12, 774, 1, '', '', 'non erasable', 'Any', '', '', 0, ''),
(1097, 11, 206, 4, 'D1,D2,D3,D4', '10%', 'DO-41', 'DIODE/HY/VISHAY, GOOD ARC', '', '', 0, ''),
(1098, 11, 395, 2, 'C2,C10', '5%', '            (10mm pitch)', 'EPCOS', '', '', 0, ''),
(1099, 11, 351, 1, 'C3', '5%', 'DISC 5mm pitch', 'YAGEO,AVX,WALSIN', '', '', 0, ''),
(1100, 11, 356, 1, 'C8', '10%', '(5mm*11mm)TH 2.5MM pitch', 'JACKCON/SAMHWA', '', '', 0, ''),
(1101, 11, 387, 1, 'C7', '5%', 'C1206', 'YAGEO,AVX,WALSIN', '', '', 0, ''),
(1102, 11, 362, 1, 'C6', '5%', '4.6mm*10mm (2.5mm pitch)', 'JACKCON/SAMHWA', '', '', 0, ''),
(1103, 11, 408, 1, 'C5', '10%', '(10mm*17mm) 5mm pitch', 'JACKCON/SAMHWA', '', '', 0, ''),
(1104, 11, 441, 2, 'RV1,RV2', '', '14mm(TH) 7mm pitch', 'EPCOS,UCHI', '', '', 0, ''),
(1105, 11, 405, 1, 'C1', '10%', '(13mmL*4mmW*8.5mmH) 10mm ', 'HEL,EPCOS,ETR', '', '', 0, ''),
(1106, 11, 367, 1, 'C9', '', 'DISC 7.5mm pitch', '', '', '', 0, ''),
(1107, 11, 217, 1, 'D7', '', 'D0-41', 'DIODE INC,HY,MIC, GOOD AR', '', '', 0, ''),
(1108, 11, 217, 1, 'D5', '', 'D0-41', 'DIODE INC,HY,MIC, GOOD AR', '', '', 0, ''),
(1109, 11, 209, 1, 'D6', '', 'DO-201AD', 'ON SEMI ,HY,DIODE INC  ', '', '', 0, ''),
(1110, 11, 227, 1, 'F1', '', 'Pigtail type (3.6mm*10mm)', 'PROTECTRON,UCHI', '', '', 0, ''),
(1111, 11, 327, 2, 'L1,L2', '5%', '(8*10)drum type 5mm pitch', 'METRONICS', '', '', 0, ''),
(1112, 11, 431, 1, 'Q1', '', 'TO_220', 'FAIRCHILD,HY', '', '', 0, ''),
(1113, 11, 83, 2, 'R1,R2', '5%', '1/4W', 'KELTRON,WATTS', '', '', 0, ''),
(1114, 11, 56, 1, 'R7', '1%', 'R1206', 'AVX,YAGEO', '', '', 0, ''),
(1115, 11, 61, 1, 'R3', '5%', '1/2W', 'KELTRON,WATTS', '', '', 0, ''),
(1116, 11, 67, 1, 'R6', '1%', 'R1206', 'AVX,YAGEO', '', '', 0, ''),
(1117, 11, 63, 1, 'R11', '1%', 'R1206', 'AVX,YAGEO', '', '', 0, ''),
(1118, 11, 13, 1, 'R12', '1%', 'R1206', 'AVX,YAGEO', '', '', 0, ''),
(1119, 11, 69, 1, 'R5', '1%', 'R1206', 'AVX,YAGEO', '', '', 0, ''),
(1120, 11, 73, 1, 'R4', '1%', 'R1206', 'AVX,YAGEO', '', '', 0, ''),
(1121, 11, 64, 1, 'R8', '1%', 'R1206', 'AVX,YAGEO', '', '', 0, ''),
(1122, 11, 64, 1, 'R9', '1%', 'R1206', 'AVX,YAGEO', '', '', 0, ''),
(1124, 11, 317, 1, 'T1', '5%', 'MT-11448', 'METRONICS', '', '', 0, ''),
(1125, 11, 594, 1, 'U1', '', 'SOP8', 'SEMTRONICS', '', '', 0, ''),
(1126, 11, 531, 0, '', '', '34mm*82mm Single sided', '', '', '', 0, ''),
(1127, 11, 427, 1, 'HS1', '', '', '', '', '', 0, ''),
(1128, 11, 734, 1, '', '', 'CZ type M3*6 ', '', '', '', 0, ''),
(1129, 11, 289, 1, '', '', 'Plastic', 'VANSH ', '', '', 0, ''),
(1130, 11, 709, 4, '', '', 'Chrom plated', 'Any', '', '', 0, ''),
(1131, 11, 773, 1, '', '', 'non erasable', 'Any', '', '', 0, ''),
(1132, 11, 774, 1, '', '', 'non erasable', 'Any', '', '', 0, ''),
(1133, 10, 206, 4, 'D1,D2,D3,D4', '10%', 'DO-41', 'DIODE/HY/VISHAY/ GOOD ARC', '', '', 0, ''),
(1134, 10, 752, 1, 'C2', '5%', '            (10mm pitch)', 'EPCOS', '', '', 0, ''),
(1135, 10, 752, 1, '10', '', '            (10mm pitch)', 'EPCOS', '', '', 0, ''),
(1136, 10, 351, 1, 'C3', '5%', 'DISC 5mm pitch', 'YAGEO,AVX,WALSIN', '', '', 0, ''),
(1137, 10, 356, 1, 'C8', '10%', '(5mm*11mm)TH 2.5MM pitch', 'JACKCON/SAMHWA', '', '', 0, ''),
(1138, 10, 387, 1, 'C7', '5%', 'C1206', 'YAGEO,AVX,WALSIN', '', '', 0, ''),
(1139, 10, 362, 1, 'C6', '5%', '(5mm*11mm)TH 2.5MM pitch', 'JACKCON/SAMHWA', '', '', 0, ''),
(1140, 10, 406, 1, 'C4', '10%', '(10mm*21mm) 5mm pitch', 'JACKCON/SAMHWA', '', '', 0, ''),
(1141, 10, 441, 2, 'RV1,RV2', '', '14mm(TH) 7mm pitch', 'EPCOS,UCHI', '', '', 0, ''),
(1142, 10, 398, 1, 'C1', '10%', '(13mmL*4mmW*8.5mmH) 10mm ', 'HEL,EPCOS,ETR', '', '', 0, ''),
(1143, 10, 367, 0, 'C9', '', 'DISC 7.5mm pitch', '', '', '', 0, ''),
(1144, 10, 217, 1, 'D7', '', 'D0-41', 'DIODE INC,HY,MIC, GOOD AR', '', '', 0, ''),
(1145, 10, 217, 1, 'D5', '', 'D0-41', 'DIODE INC,HY,MIC, GOOD AR', '', '', 0, ''),
(1146, 10, 207, 1, 'D6', '', 'SMA', 'ON SEMI ,HY,DIODE INC  ', '', '', 0, ''),
(1147, 10, 227, 1, 'F1', '', 'Pigtail type (3.6mm*10mm)', 'PROTECTRON,UCHI', '', '', 0, ''),
(1148, 10, 327, 2, 'L1,L2', '5%', '(8*10)drum type 5mm pitch', 'SEMTRONICS', '', '', 0, ''),
(1149, 10, 429, 1, 'Q1', '', 'TO_220', 'FAIRCHILD,HY', '', '', 0, ''),
(1150, 10, 83, 2, 'R1,R2', '5%', '1/4W', 'KELTRON,WATTS', '', '', 0, ''),
(1151, 10, 56, 1, 'R7', '1%', 'R1206', 'AVX,YAGEO', '', '', 0, ''),
(1152, 10, 61, 1, 'R3', '5%', '1/2W', 'KELTRON,WATTS', '', '', 0, ''),
(1153, 10, 67, 1, 'R6', '1%', 'R1206', 'AVX,YAGEO', '', '', 0, ''),
(1154, 10, 68, 1, 'R11', '1%', 'R1206', 'AVX,YAGEO', '', '', 0, ''),
(1155, 10, 13, 1, 'R12', '1%', 'R1206', 'AVX,YAGEO', '', '', 0, ''),
(1156, 10, 69, 1, 'R5', '1%', 'R1206', 'AVX,YAGEO', '', '', 0, ''),
(1157, 10, 149, 1, 'R4', '1%', 'R1206', 'AVX,YAGEO', '', '', 0, ''),
(1158, 10, 65, 1, 'R8', '1%', 'R1206', 'AVX,YAGEO', '', '', 0, ''),
(1159, 10, 65, 1, 'R9', '1%', 'R1206', 'AVX,YAGEO', '', '', 0, ''),
(1161, 10, 324, 1, 'T1', '5%', 'MT-15947', 'METRONICS', '', '', 0, ''),
(1162, 10, 594, 1, 'U1', '', 'SOP8', 'SEMTRONICS', '', '', 0, ''),
(1163, 10, 531, 0, '', '', '34mm*82mm', '', '', '', 0, ''),
(1164, 10, 427, 1, 'HS1', '', '', '', '', '', 0, ''),
(1165, 10, 734, 1, '', '', 'CZ type M3*6 ', '', '', '', 0, ''),
(1166, 10, 289, 1, '', '', 'Plastic', 'VANSH ', '', '', 0, ''),
(1167, 10, 710, 4, '', '', 'Chrom plated', 'Any', '', '', 0, ''),
(1168, 10, 773, 1, '', '', 'non erasable', 'Any', '', '', 0, ''),
(1169, 10, 774, 1, '', '', 'non erasable', 'Any', '', '', 0, ''),
(1170, 9, 206, 4, 'D1,D2,D3,D4', '10%', 'DO-41', 'DIODE/HY/VISHAY', '', '', 0, ''),
(1171, 9, 395, 2, 'C2,C10', '5%', '            (10mm pitch)', 'EPCOS', '', '', 0, ''),
(1172, 9, 351, 1, 'C3', '5%', 'DISC 5mm pitch', 'YAGEO,AVX,WALSIN', '', '', 0, ''),
(1173, 9, 356, 1, 'C8', '10%', '(5mm*11mm)TH 2.5MM', 'JACKCON/SAMHWA', '', '', 0, ''),
(1174, 9, 387, 1, 'C7', '5%', 'C1206 ', 'YAGEO,AVX,WALSIN', '', '', 0, ''),
(1175, 9, 362, 1, 'C6', '5%', '4.6mm*10mm (2.5mm pitch)', 'JACKCON/SAMHWA', '', '', 0, ''),
(1176, 9, 406, 1, 'C4', '10%', '(10mm*20mm) (4.6mm pitch)', 'JACKCON/SAMHWA', '', '', 0, ''),
(1177, 9, 441, 2, 'RV1,RV2', '', '14mm(TH) 7mm pitch', 'EPCOS,UCHI', '', '', 0, ''),
(1178, 9, 398, 1, 'C1', '10%', '(13mmL*4mmW*8.5mmH) 10mm ', 'HEL,EPCOS,ETR', '', '', 0, ''),
(1179, 9, 367, 1, 'C9', '', 'DISC 7.5mm pitch', '', '', '', 0, ''),
(1180, 9, 217, 1, 'D7', '', 'D0-41', 'DIODE INC,HY,MIC', '', '', 0, ''),
(1181, 9, 217, 1, 'D5', '', 'D0-41', 'DIODE INC,HY,MIC', '', '', 0, ''),
(1182, 9, 219, 1, 'D6', '', 'SMB/DO-214AA 6mm pitch', 'ON SEMI ,HY,DIODE INC  ', '', '', 0, ''),
(1183, 9, 227, 1, 'F1', '', '(3.6mm*10mm) 4mm pitch', 'PROTECTRON', '', '', 0, ''),
(1184, 9, 327, 2, 'L1,L2', '5%', '(8*10)drum type 5mm pitch', 'SEMTRONICS', '', '', 0, ''),
(1185, 9, 429, 1, 'Q1', '', 'TO_251', 'FAIRCHILD,HY', '', '', 0, ''),
(1186, 9, 66, 2, 'R1,R2', '1%', '1/4W 10mm pitch', 'AVX,YAGEO', '', '', 0, ''),
(1187, 9, 56, 1, 'R7', '5%', 'R1206', 'AVX,YAGEO', '', '', 0, ''),
(1188, 9, 61, 1, 'R3', '5%', '1/2W 6mm pitch', 'AVX,YAGEO', '', '', 0, ''),
(1189, 9, 67, 1, 'R6', '5%', 'R1206', 'AVX,YAGEO', '', '', 0, ''),
(1190, 9, 63, 1, 'R11', '1%', 'R1206', 'AVX,YAGEO', '', '', 0, ''),
(1191, 9, 13, 1, 'R12', '1%', 'R1206', 'AVX,YAGEO', '', '', 0, ''),
(1192, 9, 69, 1, 'R5', '1%', 'R1206', 'AVX,YAGEO', '', '', 0, ''),
(1193, 9, 17, 1, 'R4', '5%', 'R1206', 'AVX,YAGEO', '', '', 0, ''),
(1194, 9, 86, 1, 'R8', '1%', 'R1206', 'AVX,YAGEO', '', '', 0, ''),
(1195, 9, 86, 1, 'R9', '1%', 'R1206', 'AVX,YAGEO', '', '', 0, ''),
(1197, 9, 324, 1, 'T1', '5%', 'MT- 15947', 'METRONICS', '', '', 0, ''),
(1198, 9, 594, 1, 'U1', '', 'SOP8', 'SEMTRONICS', '', '', 0, ''),
(1199, 9, 531, 0, '', '', '34mm*82mm', '', '', '', 0, ''),
(1200, 9, 427, 1, 'HS1', '', '', '', '', '', 0, ''),
(1201, 8, 206, 4, 'D1,D2,D3,D4', '10%', 'DO-41', 'DIODE/HY/VISHAY', '', '', 0, ''),
(1202, 8, 395, 2, 'C2,C10', '5%', '            (10mm pitch)', 'EPCOS', '', '', 0, ''),
(1203, 8, 351, 1, 'C3', '5%', 'DISC 5mm pitch', 'YAGEO,AVX,WALSIN', '', '', 0, ''),
(1204, 8, 356, 1, 'C8', '10%', '(5mm*11mm)TH 2.5MM', 'JACKCON/SAMHWA', '', '', 0, ''),
(1205, 8, 387, 1, 'C7', '5%', 'C1206 ', 'YAGEO,AVX,WALSIN', '', '', 0, ''),
(1206, 8, 362, 1, 'C6', '5%', '4.6mm*10mm (2.5mm pitch)', 'JACKCON/SAMHWA', '', '', 0, ''),
(1207, 8, 406, 1, 'C4', '10%', '(10mm*20mm) (4.6mm pitch)', 'JACKCON/SAMHWA', '', '', 0, ''),
(1208, 8, 441, 2, 'RV1,RV2', '', '14mm(TH) 7mm pitch', 'EPCOS,UCHI', '', '', 0, ''),
(1210, 8, 367, 1, 'C9', '', 'DISC 7.5mm pitch', '', '', '', 0, ''),
(1211, 8, 217, 1, 'D7', '', 'D0-41', 'DIODE INC,HY,MIC', '', '', 0, ''),
(1212, 8, 217, 1, 'D5', '', 'D0-41', 'DIODE INC,HY,MIC', '', '', 0, ''),
(1213, 8, 219, 1, 'D6', '', 'SMB/DO-214AA 6mm pitch', 'ON SEMI ,HY,DIODE INC  ', '', '', 0, ''),
(1214, 8, 227, 1, 'F1', '', '(3.6mm*10mm) 4mm pitch', 'PROTECTRON', '', '', 0, ''),
(1215, 8, 327, 2, 'L1,L2', '5%', '(8*10)drum type 5mm pitch', 'SEMTRONICS', '', '', 0, ''),
(1216, 8, 429, 1, 'Q1', '', 'TO_251', 'FAIRCHILD,HY', '', '', 0, ''),
(1217, 8, 66, 2, 'R1,R2', '1%', '1/4W 10mm pitch', 'AVX,YAGEO', '', '', 0, ''),
(1218, 8, 56, 1, 'R7', '5%', 'R1206', 'AVX,YAGEO', '', '', 0, ''),
(1219, 8, 61, 1, 'R3', '5%', '1/2W 6mm pitch', 'AVX,YAGEO', '', '', 0, ''),
(1220, 8, 67, 1, 'R6', '5%', 'R1206', 'AVX,YAGEO', '', '', 0, ''),
(1221, 8, 63, 1, 'R11', '1%', 'R1206', 'AVX,YAGEO', '', '', 0, ''),
(1222, 8, 13, 1, 'R12', '1%', 'R1206', 'AVX,YAGEO', '', '', 0, ''),
(1223, 8, 69, 1, 'R5', '1%', 'R1206', 'AVX,YAGEO', '', '', 0, ''),
(1224, 8, 17, 1, 'R4', '5%', 'R1206', 'AVX,YAGEO', '', '', 0, ''),
(1225, 8, 86, 1, 'R8', '1%', 'R1206', 'AVX,YAGEO', '', '', 0, ''),
(1226, 8, 86, 1, 'R9', '1%', 'R1206', 'AVX,YAGEO', '', '', 0, ''),
(1228, 8, 324, 1, 'T1', '5%', 'MT- 15947', 'METRONICS', '', '', 0, ''),
(1229, 8, 594, 1, 'U1', '', 'SOP8', 'SEMTRONICS', '', '', 0, ''),
(1230, 8, 531, 0, '', '', '34mm*82mm', '', '', '', 0, ''),
(1231, 8, 427, 1, 'HS1', '', '', '', '', '', 0, ''),
(1232, 49, 206, 4, 'D1,D2,D3,D4', '10%', 'DO-41', 'DIODE/HY/VISHAY/ GOOD ARC', '', '', 0, ''),
(1233, 44, 395, 2, 'C2,C10', '5%', '              (10 mm pitc', 'EPCOS', '', '', 0, ''),
(1234, 44, 406, 1, 'C4', '10%', '(10mm*20mm) (4.6mm pitch)', 'JACKCON/SAMHWA', '', '', 0, ''),
(1235, 44, 405, 1, 'C1', '10%', '(13mmL*4mmW*8.5mmH) 10mm ', 'HEL,EPCOS,ETR', '', '', 0, ''),
(1236, 43, 395, 2, 'C2,C10', '5%', '              (10 mm pitc', 'EPCOS', '', '', 0, ''),
(1237, 43, 406, 1, 'C4', '10%', '(10mm*20mm) (4.6mm pitch)', 'JACKCON/SAMHWA', '', '', 0, ''),
(1238, 35, 395, 2, 'C1,C2', '5%', '            (10mm pitch)', 'EPCOS', '', '', 0, ''),
(1239, 32, 395, 0, 'C2 Epcos ', '', '(13mmL*4mmW*8.5mmH) 10mm ', 'EPCOS', '', '', 0, ''),
(1240, 32, 395, 1, 'C1', '10%', '(13mmL*4mmW*8.5mmH) 10mm ', 'EPCOS', '', '', 0, ''),
(1241, 32, 217, 1, 'D2', '', 'DO-41', 'DIODE INC,HY,MIC, GOOD AR', '', '', 0, ''),
(1242, 33, 395, 2, 'C2,C10', '5%', '            (10mm pitch)', 'EPCOS', '', '', 0, ''),
(1243, 33, 77, 1, 'R9', '1%', 'R1206', 'AVX,YAGEO', '', '', 0, ''),
(1244, 30, 406, 1, 'C5', '10%', '(10mm*21mm) 5mm pitch', 'JACKCON/SAMHWA', '', '', 0, ''),
(1245, 26, 193, 1, 'R14', '', 'Galaxy,Rubycon,Samwha', '', '', '', 0, ''),
(1246, 24, 794, 1, 'T1', '5%', 'MT-12961', 'METRONICS', '', '', 0, ''),
(1247, 23, 406, 1, 'C5', '10%', '(10mm*21mm) 5mm pitch', 'JACKCON/SAMHWA', '', '', 0, ''),
(1248, 23, 398, 1, 'C1', '10%', '(13mmL*4mmW*8.5mmH) 10mm ', 'HEL,EPCOS,ETR', '', '', 0, ''),
(1249, 23, 77, 1, 'R9', '1%', 'R1206', 'AVX,YAGEO', '', '', 0, ''),
(1250, 22, 406, 2, 'C5,C4', '10%', '(10mm*21mm) 5mm pitch', 'JACKCON/SAMHWA', '', '', 0, ''),
(1251, 22, 795, 1, 'T1', '5%', 'AM-709', 'METRONICS', '', '', 0, '');

-- --------------------------------------------------------

--
-- Table structure for table `productbom_versioning`
--

CREATE TABLE IF NOT EXISTS `productbom_versioning` (
  `id` bigint(20) NOT NULL AUTO_INCREMENT,
  `productcode` int(20) NOT NULL,
  `quantity` bigint(20) NOT NULL,
  `reference` varchar(20) NOT NULL,
  `tolerance` varchar(11) NOT NULL,
  `package` varchar(11) NOT NULL,
  `make` varchar(11) NOT NULL,
  `comments` varchar(50) NOT NULL,
  `versions` bigint(20) NOT NULL,
  `type` varchar(300) NOT NULL,
  `name` varchar(300) NOT NULL,
  `MAX_FILE_SIZE` int(255) NOT NULL,
  `files` longtext NOT NULL,
  PRIMARY KEY (`id`),
  KEY `productcode` (`productcode`)
) ENGINE=InnoDB  DEFAULT CHARSET=latin1 AUTO_INCREMENT=1252 ;

--
-- Dumping data for table `productbom_versioning`
--

INSERT INTO `productbom_versioning` (`id`, `productcode`, `quantity`, `reference`, `tolerance`, `package`, `make`, `comments`, `versions`, `type`, `name`, `MAX_FILE_SIZE`, `files`) VALUES
(1, 49, 4, 'D1,D2,D3,D4', '10%', 'DO-41', 'DIODE/HY/VI', '', 1, '', '', 0, '0'),
(2, 49, 1, 'C2', '5%', '           ', 'EPCOS', '', 1, '', '', 0, ''),
(3, 49, 1, 'C10', '5%', '           ', 'EPCOS', '', 1, '', '', 0, ''),
(4, 49, 1, 'C3', '5%', 'DISC 5mm pi', 'YAGEO,AVX,W', '', 1, '', '', 0, ''),
(5, 49, 1, 'C7', '10%', '(5mm*11mm)T', 'JACKCON/SAM', '', 1, '', '', 0, ''),
(6, 49, 1, 'C8', '5%', 'C1206', 'YAGEO,AVX,W', '', 1, '', '', 0, ''),
(7, 49, 1, 'C6', '5%', '4.6mm*10mm ', 'JACKCON/SAM', '', 1, '', '', 0, ''),
(8, 49, 1, 'C5', '10%', '(10mm*21mm)', 'JACKCON/SAM', '', 1, '', '', 0, ''),
(9, 49, 2, 'RV1,RV2', '', '14mm(TH) 7m', 'EPCOS,UCHI', '', 1, '', '', 0, ''),
(10, 49, 1, 'C1', '10%', '(13mmL*4mmW', 'HEL,EPCOS,E', '', 1, '', '', 0, ''),
(11, 49, 0, 'C9', '', 'DISC 7.5mm ', '', '', 1, '', '', 0, ''),
(12, 49, 1, 'D7', '', 'D0-41', 'DIODE INC,H', '', 1, '', '', 0, ''),
(13, 49, 1, 'D5', '', 'D0-41', 'DIODE INC,H', '', 1, '', '', 0, ''),
(14, 49, 1, 'D6', '', 'DO-41', 'ON SEMI ,HY', '', 1, '', '', 0, ''),
(15, 49, 1, 'F1', '', 'Pigtail typ', 'PROTECTRON,', '', 1, '', '', 0, ''),
(16, 49, 2, 'L1,L2', '5%', '(8*10)drum ', 'SEMTRONICS', '', 1, '', '', 0, ''),
(17, 49, 1, 'Q1', '', 'TO_220', 'FAIRCHILD,H', '', 1, '', '', 0, ''),
(18, 49, 1, 'R1,', '5%', '1/4W', 'KELTRON,WAT', '', 1, '', '', 0, ''),
(19, 49, 1, 'R13', '1%', 'R1206', 'AVX,YAGEO', '', 1, '', '', 0, ''),
(20, 49, 1, 'R3', '5%', '1/2W', 'KELTRON,WAT', '', 1, '', '', 0, ''),
(21, 49, 1, 'R6', '1%', 'R1206', 'AVX,YAGEO', '', 1, '', '', 0, ''),
(22, 49, 1, 'R11', '1%', 'R1206', 'AVX,YAGEO', '', 1, '', '', 0, ''),
(23, 49, 1, 'R12', '1%', 'R1206', 'AVX,YAGEO', '', 1, '', '', 0, ''),
(24, 49, 1, 'R4', '1%', 'R1206', 'AVX,YAGEO', '', 1, '', '', 0, ''),
(25, 49, 1, 'R8', '1%', 'R1206', 'AVX,YAGEO', '', 1, '', '', 0, ''),
(26, 49, 1, 'R9', '1%', 'R1206', 'AVX,YAGEO', '', 1, '', '', 0, ''),
(27, 49, 1, 'R10', '1%', 'R1206', 'AVX,YAGEO', '', 1, '', '', 0, ''),
(28, 49, 1, 'T1', '5%', 'AM-11448', 'METRONICS', '', 1, '', '', 0, ''),
(29, 49, 1, 'U1', '', 'SOP8', 'SEMTRONICS', '', 1, '', '', 0, ''),
(31, 49, 1, '', '', 'Plastic', 'VANSH ', '', 1, '', '', 0, ''),
(32, 49, 4, '', '', 'Chrom plate', 'Any', '', 1, '', '', 0, ''),
(33, 49, 1, '', '', 'non erasabl', 'Any', '', 1, '', '', 0, ''),
(34, 49, 1, '', '', 'non erasabl', 'Any', '', 1, '', '', 0, ''),
(35, 48, 1, 'BD1', '', 'KBP', 'HY', '', 1, '', '', 0, ''),
(36, 48, 1, 'C6', '', '10mm pitch,', 'PIA', '', 1, '', '', 0, ''),
(37, 48, 1, 'C2', '', '12*5mm,3mm ', 'Jackon', '', 1, '', '', 0, ''),
(38, 48, 1, 'C3', '', '11.5*8mm, 5', 'Jackon', '', 1, '', '', 0, ''),
(39, 48, 1, 'D1', '', 'D0-41', 'DIODE INC,H', '', 1, '', '', 0, ''),
(40, 48, 1, 'D2', '', 'SMA', 'DIODE INC,H', '', 1, '', '', 0, ''),
(41, 48, 1, 'F1', '', '(3.6mm*10mm', 'PROTECTRON', '', 1, '', '', 0, ''),
(42, 48, 1, 'MOV1', '', '7mm(TH) 10m', 'UCHI', '', 1, '', '', 0, ''),
(43, 48, 1, 'R1', '1%', '1206', 'AVX,YAGEO', '', 1, '', '', 0, ''),
(44, 48, 1, 'R2', '1%', 'MFR ?', 'AVX,YAGEO', '', 1, '', '', 0, ''),
(45, 48, 1, 'R3', '1%', 'R1206', 'AVX,YAGEO', '', 1, '', '', 0, ''),
(46, 48, 1, 'R4', '1%', '1206', 'AVX,YAGEO', '', 1, '', '', 0, ''),
(47, 48, 1, 'T1', '5%', 'VERTICAL', 'AM Electron', '', 1, '', '', 0, ''),
(48, 48, 1, 'U1', '', 'SOP8', 'SEMTRONICS', '', 1, '', '', 0, ''),
(49, 48, 1, 'FR4 1.5mm thick', '', '43.mm*25mm', '', '', 1, '', '', 0, ''),
(50, 48, 2, 'C4,C5', '', '12*10mm, 5m', 'JACKON', '', 1, '', '', 0, ''),
(51, 48, 3, 'D3,D4,D5', '', 'SMA', 'DIODE INC', '', 1, '', '', 0, ''),
(52, 47, 1, 'BD1', '', 'KBP', 'HY', '', 1, '', '', 0, ''),
(53, 47, 1, 'C6', '', '10mm pitch,', 'PIA', '', 1, '', '', 0, ''),
(54, 47, 1, 'C2', '', '12*5mm,3mm ', 'Jackon', '', 1, '', '', 0, ''),
(55, 47, 1, 'C3', '', '11.5*8mm, 5', 'Jackon', '', 1, '', '', 0, ''),
(56, 47, 1, 'D1', '', 'D0-41', 'DIODE INC,H', '', 1, '', '', 0, ''),
(57, 47, 1, 'D2', '', 'SMA', 'DIODE INC,H', '', 1, '', '', 0, ''),
(58, 47, 1, 'F1', '', '(3.6mm*10mm', 'PROTECTRON', '', 1, '', '', 0, ''),
(59, 47, 1, 'MOV1', '', '7mm(TH) 10m', 'UCHI', '', 1, '', '', 0, ''),
(60, 47, 1, 'R1', '1%', '1206', 'AVX,YAGEO', '', 1, '', '', 0, ''),
(61, 47, 1, 'R2', '1%', 'MFR', 'AVX,YAGEO', '', 1, '', '', 0, ''),
(62, 47, 1, 'R3', '1%', 'R1206', 'AVX,YAGEO', '', 1, '', '', 0, ''),
(63, 47, 1, 'R4', '1%', '1206', 'AVX,YAGEO', '', 1, '', '', 0, ''),
(64, 47, 1, 'T1', '5%', 'VERTICAL', 'AM Electron', '', 1, '', '', 0, ''),
(65, 47, 1, 'U1', '', 'SOP8', 'SEMTRONICS', '', 1, '', '', 0, ''),
(66, 47, 1, 'FR4 1.5mm thick', '', '43.mm*25mm', '', '', 1, '', '', 0, ''),
(67, 47, 2, 'C4,C5', '', '12*10mm, 5m', 'JACKON', '', 1, '', '', 0, ''),
(68, 47, 3, 'D3,D4,D5', '', 'SMA', 'DIODE INC', '', 1, '', '', 0, ''),
(69, 46, 1, 'BD1', '10%', 'DO-41', 'DIODE/HY/VI', '', 1, '', '', 0, ''),
(70, 46, 1, 'C2', '5%', '           ', 'EPCOS', '', 1, '', '', 0, ''),
(71, 46, 1, 'C1', '5%', '           ', 'EPCOS', '', 1, '', '', 0, ''),
(72, 46, 1, 'C3', '5%', 'DISC 5mm pi', 'YAGEO,AVX,W', '', 1, '', '', 0, ''),
(73, 46, 1, 'C8', '10%', '(5mm*11mm)T', 'JACKCON/SAM', '', 1, '', '', 0, ''),
(74, 46, 1, 'C7', '5%', 'C1206', 'YAGEO,AVX,W', '', 1, '', '', 0, ''),
(75, 46, 1, 'C6', '5%', '4.6mm*10mm ', 'JACKCON/SAM', '', 1, '', '', 0, ''),
(76, 46, 2, 'C5,C4', '10%', '(10mm*21mm)', 'JACKCON/SAM', '', 1, '', '', 0, ''),
(77, 46, 2, 'RV1,RV2', '', '20mm(TH) 11', 'EPCOS,UCHI', '', 1, '', '', 0, ''),
(78, 46, 1, 'CX1', '10%', '(13mmL*4mmW', 'HEL,EPCOS,E', '', 1, '', '', 0, ''),
(79, 46, 0, 'CY1', '', 'DISC 7.5mm ', '', '', 1, '', '', 0, ''),
(80, 46, 1, 'D3', '', 'D0-41', 'DIODE INC,H', '', 1, '', '', 0, ''),
(81, 46, 1, 'D2', '', 'D0-41', 'DIODE INC,H', '', 1, '', '', 0, ''),
(82, 46, 1, 'D1', '', 'DO-201AD', 'ON SEMI ,HY', '', 1, '', '', 0, ''),
(83, 46, 1, 'F1', '', 'Pigtail typ', 'PROTECTRON,', '', 1, '', '', 0, ''),
(84, 46, 2, 'L1,L2', '5%', '(10*12)drum', 'SEMTRONICS', '', 1, '', '', 0, ''),
(85, 46, 1, 'Q1', '', 'TO_220', 'TOSHIBA', '', 1, '', '', 0, ''),
(86, 46, 2, 'R1,R4', '5%', '1/4W', 'KELTRON,WAT', '', 1, '', '', 0, ''),
(87, 46, 1, 'R7', '1%', 'R1206', 'AVX,YAGEO', '', 1, '', '', 0, ''),
(88, 46, 1, 'R2', '5%', '2W', 'KELTRON,WAT', '', 1, '', '', 0, ''),
(89, 46, 1, 'R5', '1%', 'R1206', 'AVX,YAGEO', '', 1, '', '', 0, ''),
(90, 46, 1, 'R6', '1%', 'R1206', 'AVX,YAGEO', '', 1, '', '', 0, ''),
(91, 46, 1, 'R9', '1%', 'R1206', 'AVX,YAGEO', '', 1, '', '', 0, ''),
(92, 46, 1, 'R8', '1%', 'R1206', 'AVX,YAGEO', '', 1, '', '', 0, ''),
(93, 46, 1, 'R3', '1%', 'R1206', 'AVX,YAGEO', '', 1, '', '', 0, ''),
(94, 46, 1, 'RCS1', '1%', 'R1206', 'AVX,YAGEO', '', 1, '', '', 0, ''),
(95, 46, 1, 'RCS2', '1%', 'R1206', 'AVX,YAGEO', '', 1, '', '', 0, ''),
(96, 46, 1, 'RCS3', '1%', 'R1206', 'AVX,YAGEO', '', 1, '', '', 0, ''),
(97, 46, 1, 'T1', '5%', 'AM-7017', 'METRONICS', '', 1, '', '', 0, ''),
(98, 46, 1, 'U1', '', 'SOP8', 'SEMTRONICS', '', 1, '', '', 0, ''),
(99, 46, 1, '', '', '46.3mm*130m', '', '', 1, '', '', 0, ''),
(100, 46, 1, '', '', 'PI-48 BIG', '', '', 1, '', '', 0, ''),
(101, 46, 1, '', '', '1206', '', '', 1, '', '', 0, ''),
(102, 46, 1, '', '', 'Plastic', 'VANSH ', '', 1, '', '', 0, ''),
(103, 46, 4, '', '', 'Chrom plate', 'Any', '', 1, '', '', 0, ''),
(104, 46, 1, '', '', 'non erasabl', 'Any', '', 1, '', '', 0, ''),
(105, 46, 1, '', '', 'non erasabl', 'Any', '', 1, '', '', 0, ''),
(106, 46, 3, '', '', '', '', '', 1, '', '', 0, ''),
(107, 46, 1, '', '', '', '', '', 1, '', '', 0, ''),
(108, 44, 4, 'D1,D2,D3,D4', '10%', 'DO-41', 'DIODE/HY/VI', '', 1, '', '', 0, ''),
(110, 44, 1, 'C3', '5%', 'DISC 5mm pi', 'YAGEO,AVX,W', '', 1, '', '', 0, ''),
(111, 44, 1, 'C8', '10%', '(5mm*11mm)T', 'JACKCON/SAM', '', 1, '', '', 0, ''),
(112, 44, 1, 'C7', '5%', 'C1206 ', 'YAGEO,AVX,W', '', 1, '', '', 0, ''),
(113, 44, 1, 'C6', '5%', '4.6mm*10mm ', 'JACKCON/SAM', '', 1, '', '', 0, ''),
(115, 44, 2, 'RV1,RV2', '', '14mm(TH) 7m', 'EPCOS,UCHI', '', 1, '', '', 0, ''),
(117, 44, 1, 'C9', '', 'DISC 7.5mm ', '', '', 1, '', '', 0, ''),
(118, 44, 1, 'D7', '', 'D0-41', 'DIODE INC,H', '', 1, '', '', 0, ''),
(119, 44, 1, 'D5', '', 'D0-41', 'DIODE INC,H', '', 1, '', '', 0, ''),
(120, 44, 1, 'D6', '', 'DO-201AD', 'ON SEMI ,HY', '', 1, '', '', 0, ''),
(121, 44, 1, 'F1', '', '(3.6mm*10mm', 'PROTECTRON,', '', 1, '', '', 0, ''),
(122, 44, 2, 'L1,L2', '5%', '(8*10)drum ', 'SEMTRONICS', '', 1, '', '', 0, ''),
(123, 44, 1, 'Q1', '', 'TO_251', 'FAIRCHILD,H', '', 1, '', '', 0, ''),
(124, 44, 2, 'R1,R2', '1%', '1/4W 10mm p', 'AVX,YAGEO', '', 1, '', '', 0, ''),
(125, 44, 1, 'R7', '5%', 'R1206', 'AVX,YAGEO', '', 1, '', '', 0, ''),
(126, 44, 1, 'R3', '5%', '1/2W 6mm pi', 'AVX,YAGEO', '', 1, '', '', 0, ''),
(127, 44, 1, 'R6', '5%', 'R1206', 'AVX,YAGEO', '', 1, '', '', 0, ''),
(128, 44, 1, 'R11', '1%', 'R1206', 'AVX,YAGEO', '', 1, '', '', 0, ''),
(129, 44, 1, 'R12', '1%', 'R1206', 'AVX,YAGEO', '', 1, '', '', 0, ''),
(130, 44, 1, 'R5', '1%', 'R1206', 'AVX,YAGEO', '', 1, '', '', 0, ''),
(131, 44, 1, 'R4', '5%', 'R1206', 'AVX,YAGEO', '', 1, '', '', 0, ''),
(132, 44, 1, 'R8', '1%', 'R1206', 'AVX,YAGEO', '', 1, '', '', 0, ''),
(133, 44, 1, 'R9', '1%', 'R1206', 'AVX,YAGEO', '', 1, '', '', 0, ''),
(135, 44, 1, 'T1', '5%', 'AM-11413', 'METRONICS', '', 1, '', '', 0, ''),
(136, 44, 1, 'U1', '', 'SOP8', 'SEMTRONICS', '', 1, '', '', 0, ''),
(137, 44, 0, '', '', '34mm*82mm', '', '', 1, '', '', 0, ''),
(138, 44, 1, 'HS1', '', '', '', '', 1, '', '', 0, ''),
(139, 44, 1, '', '', 'Plastic', 'VANSH ', '', 1, '', '', 0, ''),
(140, 44, 4, '', '', 'Chrom plate', 'Any', '', 1, '', '', 0, ''),
(141, 44, 1, '', '', 'non erasabl', 'Any', '', 1, '', '', 0, ''),
(142, 44, 1, '', '', 'non erasabl', 'Any', '', 1, '', '', 0, ''),
(143, 44, 3, '', '', '', '', '', 1, '', '', 0, ''),
(144, 44, 1, '', '', '', '', '', 1, '', '', 0, ''),
(145, 43, 4, 'D1,D2,D3,D4', '10%', 'DO-41', 'DIODE/HY/VI', '', 1, '', '', 0, ''),
(147, 43, 1, 'C3', '5%', 'DISC 5mm pi', 'YAGEO,AVX,W', '', 1, '', '', 0, ''),
(148, 43, 1, 'C8', '10%', '(5mm*11mm)T', 'JACKCON/SAM', '', 1, '', '', 0, ''),
(149, 43, 1, 'C7', '5%', 'C1206 ', 'YAGEO,AVX,W', '', 1, '', '', 0, ''),
(150, 43, 1, 'C6', '5%', '4.6mm*10mm ', 'JACKCON/SAM', '', 1, '', '', 0, ''),
(152, 43, 2, 'RV1,RV2', '', '14mm(TH) 7m', 'EPCOS,UCHI', '', 1, '', '', 0, ''),
(154, 43, 1, 'C9', '', 'DISC 7.5mm ', '', '', 1, '', '', 0, ''),
(155, 43, 1, 'D7', '', 'D0-41', 'DIODE INC,H', '', 1, '', '', 0, ''),
(156, 43, 1, 'D5', '', 'D0-41', 'DIODE INC,H', '', 1, '', '', 0, ''),
(157, 43, 1, 'D6', '', 'DO-201AD', 'ON SEMI ,HY', '', 1, '', '', 0, ''),
(158, 43, 1, 'F1', '', '(3.6mm*10mm', 'PROTECTRON,', '', 1, '', '', 0, ''),
(159, 43, 2, 'L1,L2', '5%', '(8*10)drum ', 'SEMTRONICS', '', 1, '', '', 0, ''),
(160, 43, 1, 'Q1', '', 'TO_251', 'FAIRCHILD,H', '', 1, '', '', 0, ''),
(161, 43, 2, 'R1,R2', '1%', '1/4W 10mm p', 'AVX,YAGEO', '', 1, '', '', 0, ''),
(162, 43, 1, 'R7', '5%', 'R1206', 'AVX,YAGEO', '', 1, '', '', 0, ''),
(163, 43, 1, 'R3', '5%', '1/2W 6mm pi', 'AVX,YAGEO', '', 1, '', '', 0, ''),
(164, 43, 1, 'R6', '5%', 'R1206', 'AVX,YAGEO', '', 1, '', '', 0, ''),
(165, 43, 1, 'R11', '1%', 'R1206', 'AVX,YAGEO', '', 1, '', '', 0, ''),
(166, 43, 1, 'R12', '1%', 'R1206', 'AVX,YAGEO', '', 1, '', '', 0, ''),
(167, 43, 1, 'R5', '1%', 'R1206', 'AVX,YAGEO', '', 1, '', '', 0, ''),
(168, 43, 1, 'R4', '5%', 'R1206', 'AVX,YAGEO', '', 1, '', '', 0, ''),
(169, 43, 1, 'R8', '1%', 'R1206', 'AVX,YAGEO', '', 1, '', '', 0, ''),
(170, 43, 1, 'R9', '1%', 'R1206', 'AVX,YAGEO', '', 1, '', '', 0, ''),
(172, 43, 1, 'T1', '5%', 'AM-11413', 'METRONICS', '', 1, '', '', 0, ''),
(173, 43, 1, 'U1', '', 'SOP8', 'SEMTRONICS', '', 1, '', '', 0, ''),
(174, 43, 0, '', '', '34mm*82mm', '', '', 1, '', '', 0, ''),
(175, 43, 1, 'HS1', '', '', '', '', 1, '', '', 0, ''),
(176, 43, 3, '', '', '', '', '', 1, '', '', 0, ''),
(177, 43, 1, '', '', '', '', '', 1, '', '', 0, ''),
(178, 43, 4, '', '', 'Chrom plate', 'Any', '', 1, '', '', 0, ''),
(179, 43, 1, '', '', 'non erasabl', 'Any', '', 1, '', '', 0, ''),
(180, 43, 1, '', '', 'non erasabl', 'Any', '', 1, '', '', 0, ''),
(181, 42, 1, 'BD1', '10%', 'DO-41', 'DIODE/HY/VI', '', 1, '', '', 0, ''),
(182, 42, 1, 'C2', '5%', '           ', 'EPCOS', '', 1, '', '', 0, ''),
(183, 42, 1, 'C10', '5%', '           ', 'EPCOS', '', 1, '', '', 0, ''),
(184, 42, 1, 'C3', '5%', 'DISC 5mm pi', 'YAGEO,AVX,W', '', 1, '', '', 0, ''),
(185, 42, 1, 'C8', '10%', '(5mm*11mm)T', 'JACKCON/SAM', '', 1, '', '', 0, ''),
(186, 42, 1, 'C7', '5%', 'C1206', 'YAGEO,AVX,W', '', 1, '', '', 0, ''),
(187, 42, 1, 'C6', '5%', '4.6mm*10mm ', 'JACKCON/SAM', '', 1, '', '', 0, ''),
(188, 42, 2, 'C5,C4', '10%', '(10mm*21mm)', 'JACKCON/SAM', '', 1, '', '', 0, ''),
(189, 42, 2, 'RV1,RV2', '', '14mm(TH) 7m', 'EPCOS,UCHI', '', 1, '', '', 0, ''),
(190, 42, 1, 'C1', '10%', '(13mmL*4mmW', 'HEL,EPCOS,E', '', 1, '', '', 0, ''),
(191, 42, 1, 'C9', '', 'DISC 7.5mm ', '', '', 1, '', '', 0, ''),
(192, 42, 1, 'D7', '', 'D0-41', 'DIODE INC,H', '', 1, '', '', 0, ''),
(193, 42, 1, 'D5', '', 'D0-41', 'DIODE INC,H', '', 1, '', '', 0, ''),
(194, 42, 1, 'D6', '', 'DO-201AD 6m', 'ON SEMI ,HY', '', 1, '', '', 0, ''),
(195, 42, 1, 'F1', '', 'Pigtail typ', 'PROTECTRON,', '', 1, '', '', 0, ''),
(196, 42, 2, 'L1,L2', '5%', '(10*12)drum', 'SEMTRONICS', '', 1, '', '', 0, ''),
(197, 42, 1, 'Q1', '', 'TO_220', 'FAIRCHILD,H', '', 1, '', '', 0, ''),
(198, 42, 2, 'R1,R2', '5%', '1/4W', 'KELTRON,WAT', '', 1, '', '', 0, ''),
(199, 42, 1, 'R7', '1%', 'R1206', 'AVX,YAGEO', '', 1, '', '', 0, ''),
(200, 42, 1, 'R3', '5%', '2W', 'KELTRON,WAT', '', 1, '', '', 0, ''),
(201, 42, 1, 'R6', '1%', 'R1206', 'AVX,YAGEO', '', 1, '', '', 0, ''),
(202, 42, 1, 'R11', '1%', 'R1206', 'AVX,YAGEO', '', 1, '', '', 0, ''),
(203, 42, 1, 'R12', '1%', 'R1206', 'AVX,YAGEO', '', 1, '', '', 0, ''),
(204, 42, 1, 'R5', '1%', 'R1206', 'AVX,YAGEO', '', 1, '', '', 0, ''),
(205, 42, 1, 'R4', '1%', 'R1206', 'AVX,YAGEO', '', 1, '', '', 0, ''),
(206, 42, 1, 'R8', '1%', 'R1206', 'AVX,YAGEO', '', 1, '', '', 0, ''),
(207, 42, 1, 'R9', '1%', 'R1206', 'AVX,YAGEO', '', 1, '', '', 0, ''),
(209, 42, 1, 'T1', '5%', 'AM-7119', 'METRONICS', '', 1, '', '', 0, ''),
(210, 42, 1, 'U1', '', 'SOP8', 'SEMTRONICS', '', 1, '', '', 0, ''),
(211, 42, 0, '', '', '46.3mm*130m', '', '', 1, '', '', 0, ''),
(212, 41, 4, 'D1,D2,D3,D4', '10%', 'DO-41', 'DIODE/HY/VI', '', 1, '', '', 0, ''),
(213, 41, 2, 'C2,C10', '5%', '           ', 'EPCOS', '', 1, '', '', 0, ''),
(214, 41, 1, 'C3', '5%', 'DISC 5mm pi', 'YAGEO,AVX,W', '', 1, '', '', 0, ''),
(215, 41, 1, 'C8', '10%', '(5mm*11mm)T', 'JACKCON/SAM', '', 1, '', '', 0, ''),
(216, 41, 1, 'C7', '5%', 'C1206', 'YAGEO,AVX,W', '', 1, '', '', 0, ''),
(217, 41, 1, 'C6', '5%', 'C0805', 'JACKCON/SAM', '', 1, '', '', 0, ''),
(218, 41, 2, 'C4', '10%', '(10mm*21mm)', 'JACKCON/SAM', '', 1, '', '', 0, ''),
(219, 41, 2, 'RV1,RV2', '', '14mm(TH) 7m', 'EPCOS,UCHI', '', 1, '', '', 0, ''),
(220, 41, 1, 'C1', '10%', '(13mmL*4mmW', 'HEL,EPCOS,E', '', 1, '', '', 0, ''),
(221, 41, 0, 'C9', '', 'DISC 7.5mm ', '', '', 1, '', '', 0, ''),
(222, 41, 1, 'D7', '', 'D0-41', 'DIODE INC,H', '', 1, '', '', 0, ''),
(223, 41, 1, 'D5', '', 'D0-41', 'DIODE INC,H', '', 1, '', '', 0, ''),
(224, 41, 1, 'D6', '', 'DO-201AD', 'ON SEMI ,HY', '', 1, '', '', 0, ''),
(225, 41, 1, 'F1', '', 'Pigtail typ', 'PROTECTRON,', '', 1, '', '', 0, ''),
(226, 41, 2, 'L1,L2', '5%', '(8*10)drum ', 'SEMTRONICS', '', 1, '', '', 0, ''),
(227, 41, 1, 'Q1', '', 'TO_220', 'FAIRCHILD,H', '', 1, '', '', 0, ''),
(228, 41, 2, 'R1,R2', '5%', '1/4W', 'KELTRON,WAT', '', 1, '', '', 0, ''),
(229, 41, 1, 'R7', '1%', 'R1206', 'AVX,YAGEO', '', 1, '', '', 0, ''),
(230, 41, 1, 'R3', '5%', '1/2W', 'KELTRON,WAT', '', 1, '', '', 0, ''),
(231, 41, 1, 'R6', '1%', 'R1206', 'AVX,YAGEO', '', 1, '', '', 0, ''),
(232, 41, 1, 'R11', '1%', 'R1206', 'AVX,YAGEO', '', 1, '', '', 0, ''),
(233, 41, 1, 'R12', '1%', 'R1206', 'AVX,YAGEO', '', 1, '', '', 0, ''),
(234, 41, 1, 'R5', '1%', 'R1206', 'AVX,YAGEO', '', 1, '', '', 0, ''),
(235, 41, 1, 'R4', '1%', 'R1206', 'AVX,YAGEO', '', 1, '', '', 0, ''),
(236, 41, 1, 'R8', '1%', 'R1206', 'AVX,YAGEO', '', 1, '', '', 0, ''),
(237, 41, 1, 'R9', '1%', 'R1206', 'AVX,YAGEO', '', 1, '', '', 0, ''),
(239, 41, 1, 'T1', '5%', 'MT-11025', 'METRONICS', '', 1, '', '', 0, ''),
(240, 41, 1, 'U1', '', 'SOP8', 'SEMTRONICS', '', 1, '', '', 0, ''),
(241, 41, 0, '', '', '34mm*82mm', '', '', 1, '', '', 0, ''),
(242, 41, 1, 'HS1', '', '', '', '', 1, '', '', 0, ''),
(243, 41, 1, '', '', 'CZ type M3*', '', '', 1, '', '', 0, ''),
(244, 41, 1, '', '', 'Plastic', 'VANSH ', '', 1, '', '', 0, ''),
(245, 41, 4, '', '', 'Chrom plate', 'Any', '', 1, '', '', 0, ''),
(246, 41, 1, '', '', 'non erasabl', 'Any', '', 1, '', '', 0, ''),
(247, 41, 1, '', '', 'non erasabl', 'Any', '', 1, '', '', 0, ''),
(248, 39, 4, 'D1,D2,D3,D4', '10%', 'DO-41', 'DIODE/HY/VI', '', 1, '', '', 0, ''),
(249, 39, 2, 'C2,C10', '5%', '           ', 'EPCOS', '', 1, '', '', 0, ''),
(250, 39, 1, 'C3', '5%', 'DISC 5mm pi', 'YAGEO,AVX,W', '', 1, '', '', 0, ''),
(251, 39, 1, 'C8', '10%', '(5mm*11mm)T', 'JACKCON/SAM', '', 1, '', '', 0, ''),
(252, 39, 1, 'C7', '5%', 'C1206', 'YAGEO,AVX,W', '', 1, '', '', 0, ''),
(253, 39, 1, 'C6', '5%', 'C0805', 'JACKCON/SAM', '', 1, '', '', 0, ''),
(254, 39, 2, 'C4', '10%', '(10mm*21mm)', 'JACKCON/SAM', '', 1, '', '', 0, ''),
(255, 39, 2, 'RV1,RV2', '', '14mm(TH) 7m', 'EPCOS,UCHI', '', 1, '', '', 0, ''),
(256, 39, 1, 'C1', '10%', '(13mmL*4mmW', 'HEL,EPCOS,E', '', 1, '', '', 0, ''),
(257, 39, 1, 'C9', '', 'DISC 7.5mm ', '', '', 1, '', '', 0, ''),
(258, 39, 1, 'D7', '', 'D0-41', 'DIODE INC,H', '', 1, '', '', 0, ''),
(259, 39, 1, 'D5', '', 'D0-41', 'DIODE INC,H', '', 1, '', '', 0, ''),
(260, 39, 1, 'D6', '', 'DO-201AD', 'ON SEMI ,HY', '', 1, '', '', 0, ''),
(261, 39, 1, 'F1', '', 'Pigtail typ', 'PROTECTRON,', '', 1, '', '', 0, ''),
(262, 39, 2, 'L1,L2', '5%', '(8*10)drum ', 'SEMTRONICS', '', 1, '', '', 0, ''),
(263, 39, 1, 'Q1', '', 'TO_220', 'FAIRCHILD,H', '', 1, '', '', 0, ''),
(264, 39, 2, 'R1,R2', '5%', '1/4W', 'KELTRON,WAT', '', 1, '', '', 0, ''),
(265, 39, 1, 'R7', '1%', 'R1206', 'AVX,YAGEO', '', 1, '', '', 0, ''),
(266, 39, 1, 'R3', '5%', '1/2W', 'KELTRON,WAT', '', 1, '', '', 0, ''),
(267, 39, 1, 'R6', '1%', 'R1206', 'AVX,YAGEO', '', 1, '', '', 0, ''),
(268, 39, 1, 'R11', '1%', 'R1206', 'AVX,YAGEO', '', 1, '', '', 0, ''),
(269, 39, 1, 'R12', '1%', 'R1206', 'AVX,YAGEO', '', 1, '', '', 0, ''),
(270, 39, 1, 'R5', '1%', 'R1206', 'AVX,YAGEO', '', 1, '', '', 0, ''),
(271, 39, 1, 'R4', '1%', 'R1206', 'AVX,YAGEO', '', 1, '', '', 0, ''),
(272, 39, 1, 'R8', '1%', 'R1206', 'AVX,YAGEO', '', 1, '', '', 0, ''),
(273, 39, 1, 'R9', '1%', 'R1206', 'AVX,YAGEO', '', 1, '', '', 0, ''),
(275, 39, 1, 'T1', '5%', 'MT-11025A', 'METRONICS', '', 1, '', '', 0, ''),
(276, 39, 1, 'U1', '', 'SOP8', 'SEMTRONICS', '', 1, '', '', 0, ''),
(277, 39, 0, '', '', '34mm*82mm', '', '', 1, '', '', 0, ''),
(278, 39, 1, 'HS1', '', '', '', '', 1, '', '', 0, ''),
(279, 39, 1, '', '', 'CZ type M3*', '', '', 1, '', '', 0, ''),
(280, 39, 1, '', '', 'Plastic', 'VANSH ', '', 1, '', '', 0, ''),
(281, 39, 4, '', '', 'Chrom plate', 'Any', '', 1, '', '', 0, ''),
(282, 39, 1, '', '', 'non erasabl', 'Any', '', 1, '', '', 0, ''),
(283, 39, 1, '', '', 'non erasabl', 'Any', '', 1, '', '', 0, ''),
(284, 38, 4, 'D1,D2,D3,D4', '10%', 'DO-41', 'DIODE/HY/VI', '', 1, '', '', 0, ''),
(285, 38, 1, 'C2', '5%', '           ', 'EPCOS', '', 1, '', '', 0, ''),
(286, 38, 1, '10', '', '           ', 'EPCOS', '', 1, '', '', 0, ''),
(287, 38, 1, 'C3', '5%', 'DISC 5mm pi', 'YAGEO,AVX,W', '', 1, '', '', 0, ''),
(288, 38, 1, 'C8', '10%', '(5mm*11mm)T', 'JACKCON/SAM', '', 1, '', '', 0, ''),
(289, 38, 1, 'C7', '5%', 'C1206', 'YAGEO,AVX,W', '', 1, '', '', 0, ''),
(290, 38, 1, 'C6', '5%', 'C0805', 'JACKCON/SAM', '', 1, '', '', 0, ''),
(291, 38, 1, 'C4', '10%', '(10mm*21mm)', 'JACKCON/SAM', '', 1, '', '', 0, ''),
(292, 38, 2, 'RV1,RV2', '', '14mm(TH) 7m', 'EPCOS,UCHI', '', 1, '', '', 0, ''),
(293, 38, 1, 'C1', '10%', '(13mmL*4mmW', 'HEL,EPCOS,E', '', 1, '', '', 0, ''),
(294, 38, 0, 'C9', '', 'DISC 7.5mm ', '', '', 1, '', '', 0, ''),
(295, 38, 1, 'D7', '', 'D0-41', 'DIODE INC,H', '', 1, '', '', 0, ''),
(296, 38, 1, 'D5', '', 'D0-41', 'DIODE INC,H', '', 1, '', '', 0, ''),
(297, 38, 1, 'D6', '', 'DO-201AD', 'ON SEMI ,HY', '', 1, '', '', 0, ''),
(298, 38, 1, 'F1', '', 'Pigtail typ', 'PROTECTRON,', '', 1, '', '', 0, ''),
(299, 38, 2, 'L1,L2', '5%', '(8*10)drum ', 'SEMTRONICS', '', 1, '', '', 0, ''),
(300, 38, 1, 'Q1', '', 'TO_220', 'FAIRCHILD,H', '', 1, '', '', 0, ''),
(301, 38, 2, 'R1,R2', '5%', '1/4W', 'KELTRON,WAT', '', 1, '', '', 0, ''),
(302, 38, 1, 'R7', '1%', 'R1206', 'AVX,YAGEO', '', 1, '', '', 0, ''),
(303, 38, 1, 'R3', '5%', '1/2W', 'KELTRON,WAT', '', 1, '', '', 0, ''),
(304, 38, 1, 'R6', '1%', 'R1206', 'AVX,YAGEO', '', 1, '', '', 0, ''),
(305, 38, 1, 'R11', '1%', 'R1206', 'AVX,YAGEO', '', 1, '', '', 0, ''),
(306, 38, 1, 'R12', '1%', 'R1206', 'AVX,YAGEO', '', 1, '', '', 0, ''),
(307, 38, 1, 'R5', '1%', 'R1206', 'AVX,YAGEO', '', 1, '', '', 0, ''),
(308, 38, 1, 'R4', '1%', 'R1206', 'AVX,YAGEO', '', 1, '', '', 0, ''),
(309, 38, 1, 'R8', '1%', 'R1206', 'AVX,YAGEO', '', 1, '', '', 0, ''),
(310, 38, 1, 'R9', '1%', 'R1206', 'AVX,YAGEO', '', 1, '', '', 0, ''),
(312, 38, 1, 'T1', '5%', 'MT-11448', 'METRONICS', '', 1, '', '', 0, ''),
(313, 38, 1, 'U1', '', 'SOP8', 'SEMTRONICS', '', 1, '', '', 0, ''),
(314, 38, 0, '', '', '34mm*82mm', '', '', 1, '', '', 0, ''),
(315, 38, 1, 'HS1', '', '', '', '', 1, '', '', 0, ''),
(316, 38, 1, '', '', 'CZ type M3*', '', '', 1, '', '', 0, ''),
(317, 38, 1, '', '', 'Plastic', 'VANSH ', '', 1, '', '', 0, ''),
(318, 38, 4, '', '', 'Chrom plate', 'Any', '', 1, '', '', 0, ''),
(319, 38, 1, '', '', 'non erasabl', 'Any', '', 1, '', '', 0, ''),
(320, 38, 1, '', '', 'non erasabl', 'Any', '', 1, '', '', 0, ''),
(321, 36, 1, 'BD1', '10%', 'DO-41', 'DIODE/HY/VI', '', 1, '', '', 0, ''),
(322, 36, 2, 'C1,C2', '5%', '           ', 'EPCOS', '', 1, '', '', 0, ''),
(323, 36, 1, 'C3', '5%', 'DISC 5mm pi', 'YAGEO,AVX,W', '', 1, '', '', 0, ''),
(324, 36, 1, 'C8', '10%', '(5mm*11mm)T', 'JACKCON/SAM', '', 1, '', '', 0, ''),
(325, 36, 1, 'C7', '5%', 'C1206', 'YAGEO,AVX,W', '', 1, '', '', 0, ''),
(326, 36, 1, 'C6', '5%', '4.6mm*10mm ', 'JACKCON/SAM', '', 1, '', '', 0, ''),
(327, 36, 2, 'C5,C4', '10%', '(10mm*21mm)', 'JACKCON/SAM', '', 1, '', '', 0, ''),
(328, 36, 2, 'RV1,RV2', '', '14mm(TH) 7m', 'EPCOS,UCHI', '', 1, '', '', 0, ''),
(329, 36, 1, 'CX1', '10%', '(13mmL*4mmW', 'HEL,EPCOS,E', '', 1, '', '', 0, ''),
(330, 36, 1, 'CY1', '', 'DISC 7.5mm ', '', '', 1, '', '', 0, ''),
(331, 36, 1, 'D2', '', 'D0-41', 'DIODE INC,H', '', 1, '', '', 0, ''),
(332, 36, 1, 'D3', '', 'D0-41', 'DIODE INC,H', '', 1, '', '', 0, ''),
(333, 36, 1, 'D1', '', 'TO_220', 'ON SEMI ,HY', '', 1, '', '', 0, ''),
(334, 36, 1, 'F1', '', 'Pigtail typ', 'PROTECTRON,', '', 1, '', '', 0, ''),
(335, 36, 2, 'L1,L2', '5%', '(10*12)drum', 'SEMTRONICS', '', 1, '', '', 0, ''),
(336, 36, 1, 'Q1', '', 'TO_220', 'TOSHIBA', '', 1, '', '', 0, ''),
(337, 36, 1, 'R4', '5%', '1/4W', 'KELTRON,WAT', '', 1, '', '', 0, ''),
(339, 36, 1, 'R7', '1%', 'R1206', 'AVX,YAGEO', '', 1, '', '', 0, ''),
(340, 36, 1, 'R2', '5%', '2W', 'KELTRON,WAT', '', 1, '', '', 0, ''),
(341, 36, 1, 'R5', '1%', 'R1206', 'AVX,YAGEO', '', 1, '', '', 0, ''),
(342, 36, 1, 'R6', '1%', 'R1206', 'AVX,YAGEO', '', 1, '', '', 0, ''),
(343, 36, 1, 'R9', '1%', 'R1206', 'AVX,YAGEO', '', 1, '', '', 0, ''),
(344, 36, 1, 'R8', '1%', 'R1206', 'AVX,YAGEO', '', 1, '', '', 0, ''),
(345, 36, 1, 'R3', '1%', 'R1206', 'AVX,YAGEO', '', 1, '', '', 0, ''),
(346, 36, 1, 'RCS1', '1%', 'R1206', 'AVX,YAGEO', '', 1, '', '', 0, ''),
(347, 36, 1, 'RCS2', '1%', 'R1206', 'AVX,YAGEO', '', 1, '', '', 0, ''),
(350, 36, 1, 'U1', '', 'SOP8', 'SEMTRONICS', '', 1, '', '', 0, ''),
(351, 36, 0, '', '', '46.3mm*130m', '', '', 1, '', '', 0, ''),
(352, 36, 1, '', '', 'PI-48', '', '', 1, '', '', 0, ''),
(353, 36, 1, '', '', 'PI-51', '', '', 1, '', '', 0, ''),
(354, 35, 1, 'BD1', '10%', 'DO-41', 'DIODE/HY/VI', '', 1, '', '', 0, ''),
(356, 35, 1, 'C3', '5%', 'DISC 5mm pi', 'YAGEO,AVX,W', '', 1, '', '', 0, ''),
(357, 35, 1, 'C8', '10%', '(5mm*11mm)T', 'JACKCON/SAM', '', 1, '', '', 0, ''),
(358, 35, 1, 'C7', '5%', 'C1206', 'YAGEO,AVX,W', '', 1, '', '', 0, ''),
(359, 35, 1, 'C6', '5%', '4.6mm*10mm ', 'JACKCON/SAM', '', 1, '', '', 0, ''),
(360, 35, 2, 'C5,C4', '10%', '(10mm*21mm)', 'JACKCON/SAM', '', 1, '', '', 0, ''),
(361, 35, 2, 'mov1,mov2', '', '14mm(TH) 7m', 'EPCOS,UCHI', '', 1, '', '', 0, ''),
(362, 35, 1, 'CX1', '10%', '(13mmL*4mmW', 'HEL,EPCOS,E', '', 1, '', '', 0, ''),
(363, 35, 1, 'CY1', '', 'DISC 7.5mm ', '', '', 1, '', '', 0, ''),
(364, 35, 1, 'D4', '', 'D0-41', 'DIODE INC,H', '', 1, '', '', 0, ''),
(365, 35, 2, 'D2,D3', '', 'D0-41', 'DIODE INC,H', '', 1, '', '', 0, ''),
(366, 35, 1, 'D1', '', 'TO_220', 'ON SEMI ,HY', '', 1, '', '', 0, ''),
(367, 35, 1, 'F1', '', 'Pigtail typ', 'PROTECTRON,', '', 1, '', '', 0, ''),
(368, 35, 2, 'L1,L2', '5%', '(10*12)drum', 'SEMTRONICS', '', 1, '', '', 0, ''),
(369, 35, 1, 'Q1', '', 'TO_220', 'FAIRCHILD,H', '', 1, '', '', 0, ''),
(370, 35, 2, 'R1,R4', '5%', '1/4W', 'KELTRON,WAT', '', 1, '', '', 0, ''),
(371, 35, 1, 'R7', '1%', 'R1206', 'AVX,YAGEO', '', 1, '', '', 0, ''),
(372, 35, 1, 'R2', '5%', '2W', 'KELTRON,WAT', '', 1, '', '', 0, ''),
(373, 35, 1, 'R5', '1%', 'R1206', 'AVX,YAGEO', '', 1, '', '', 0, ''),
(374, 35, 1, 'R6', '1%', 'R1206', 'AVX,YAGEO', '', 1, '', '', 0, ''),
(375, 35, 1, 'R9', '1%', 'R1206', 'AVX,YAGEO', '', 1, '', '', 0, ''),
(376, 35, 1, 'R8', '1%', 'R1206', 'AVX,YAGEO', '', 1, '', '', 0, ''),
(377, 35, 1, 'R3', '1%', 'R1206', 'AVX,YAGEO', '', 1, '', '', 0, ''),
(378, 35, 1, 'RCS1', '1%', 'R1206', 'AVX,YAGEO', '', 1, '', '', 0, ''),
(379, 35, 1, 'RCS2', '1%', 'R1206', 'AVX,YAGEO', '', 1, '', '', 0, ''),
(381, 35, 1, 'T1', '5%', 'AM-7034', 'AM Electron', '', 1, '', '', 0, ''),
(382, 35, 1, 'U1', '', 'SOP8', 'SEMTRONICS', '', 1, '', '', 0, ''),
(383, 35, 1, '', '', '46.3mm*130m', '', '', 1, '', '', 0, ''),
(384, 35, 1, 'HS1', '', 'PI-51 25mm ', '', '', 1, '', '', 0, ''),
(385, 35, 1, 'HS2', '', 'PI-48 6 fin', '', '', 1, '', '', 0, ''),
(386, 35, 5, '', '', 'M3 *10', '', '', 1, '', '', 0, ''),
(387, 35, 1, '', '', '', '', '', 1, '', '', 0, ''),
(388, 32, 1, 'BD1', '', 'MIL-STD-202', 'DIODE INC,H', '', 1, '', '', 0, ''),
(389, 32, 1, 'C3', '10%', '10mm pitch', 'YAGEO,AVX,W', '', 1, '', '', 0, ''),
(390, 32, 1, 'C8', '10%', '(5mm*11mm) ', 'JACKCON/SAM', '', 1, '', '', 0, ''),
(391, 32, 1, 'C7', '10%', 'C1206', 'YAGEO,AVX,W', '', 1, '', '', 0, ''),
(392, 32, 1, 'C6', '10%', '(5mm*11mm)2', 'JACKCON/SAM', '', 1, '', '', 0, ''),
(393, 32, 2, 'C4/C5', '10%', '(13.2mm*21m', 'JACKCON/SAM', '', 1, '', '', 0, ''),
(394, 32, 2, 'MOV1,MOV2', '', '20mm dia 10', 'EPCOS/UCHI', '', 1, '', '', 0, ''),
(396, 32, 1, 'CX1 Epcos', '10%', '(13mmL*4mmW', 'EPCOS', '', 1, '', '', 0, ''),
(398, 32, 1, 'CY1', '10%', 'DISC 7.5mm ', 'EPCOS', '', 1, '', '', 0, ''),
(399, 32, 1, 'D3', '', 'DO-41', 'DIODE INC,H', '', 1, '', '', 0, ''),
(400, 32, 1, 'D4', '', 'D0-15(D0-20', 'DIODE INC,H', '', 1, '', '', 0, ''),
(401, 32, 1, 'D1', '', 'JEDEC TO-22', 'DIODE INC,H', '', 1, '', '', 0, ''),
(402, 32, 1, 'F1', '', '(3.6mm*10mm', 'PROTECTRON,', '', 1, '', '', 0, ''),
(403, 32, 1, 'L1,L2', '', '(12mm*14mm)', 'METRONIX', '', 1, '', '', 0, ''),
(404, 32, 1, 'Q1', '', 'TO-220', 'TOSHIBA', '', 1, '', '', 0, ''),
(405, 32, 2, 'R1,R4', '1%', '1/4W CFR', 'KELTRON,WAT', '', 1, '', '', 0, ''),
(406, 32, 1, 'R7', '5%', 'R1206', 'AVX,YAGEO', '', 1, '', '', 0, ''),
(407, 32, 1, 'R2', '5%', '1W CFR', 'KELTRON,WAT', '', 1, '', '', 0, ''),
(408, 32, 1, 'R5', '5%', 'R1206', 'AVX,YAGEO', '', 1, '', '', 0, ''),
(409, 32, 1, 'R6', '1%', 'R1206', 'AVX,YAGEO', '', 1, '', '', 0, ''),
(410, 32, 1, 'R9', '1%', 'R1206', 'AVX,YAGEO', '', 1, '', '', 0, ''),
(411, 32, 1, 'R8', '1%', 'R1206', 'AVX,YAGEO', '', 1, '', '', 0, ''),
(412, 32, 1, 'R3', '5%', 'R1206', 'AVX,YAGEO', '', 1, '', '', 0, ''),
(413, 32, 1, 'RCS', '1%', 'R1206', 'AVX,YAGEO', '', 1, '', '', 0, ''),
(414, 32, 1, 'RCS1', '1%', 'R1206', 'AVX,YAGEO', '', 1, '', '', 0, ''),
(415, 32, 1, 'RCS2', '1%', 'R1206', 'AVX,YAGEO', '', 1, '', '', 0, ''),
(416, 32, 1, 'T1/MT-6124', '', 'TRAN_ISDN_2', 'METRONIX', '', 1, '', '', 0, ''),
(417, 32, 1, 'U1', '', 'IC_0', 'SEMTRONICS', '', 1, '', '', 0, ''),
(419, 32, 1, '', '', 'SSTXXB-VER ', '', '', 1, '', '', 0, ''),
(420, 32, 1, '', '', 'PI-51', 'PI-51', '', 1, '', '', 0, ''),
(421, 32, 1, '', '', '', '', '', 1, '', '', 0, ''),
(422, 32, 1, 'J1', '', 'PWR_CONN_3P', 'CON3', '', 1, '', '', 0, ''),
(423, 32, 1, 'J2', '', 'PWR_CONN_2P', 'CON2', '', 1, '', '', 0, ''),
(424, 34, 4, 'D1,D2,D3,D4', '10%', 'DO-41', 'DIODE/HY/VI', '', 1, '', '', 0, ''),
(425, 34, 2, 'C2,C10', '5%', '           ', 'EPCOS', '', 1, '', '', 0, ''),
(426, 34, 1, 'C3', '5%', 'DISC 5mm pi', 'YAGEO,AVX,W', '', 1, '', '', 0, ''),
(427, 34, 1, 'C8', '10%', '(5mm*11mm)T', 'JACKCON/SAM', '', 1, '', '', 0, ''),
(428, 34, 1, 'C7', '5%', 'C1206', 'YAGEO,AVX,W', '', 1, '', '', 0, ''),
(429, 34, 1, 'C6', '5%', 'C0805', 'JACKCON/SAM', '', 1, '', '', 0, ''),
(430, 34, 1, 'C4', '10%', '(10mm*21mm)', 'JACKCON/SAM', '', 1, '', '', 0, ''),
(431, 34, 2, 'RV1,RV2', '', '14mm(TH) 7m', 'EPCOS,UCHI', '', 1, '', '', 0, ''),
(432, 34, 1, 'C1', '10%', '(13mmL*4mmW', 'HEL,EPCOS,E', '', 1, '', '', 0, ''),
(433, 34, 0, 'C9', '', 'DISC 7.5mm ', '', '', 1, '', '', 0, ''),
(434, 34, 1, 'D7', '', 'D0-41', 'DIODE INC,H', '', 1, '', '', 0, ''),
(435, 34, 1, 'D5', '', 'D0-41', 'DIODE INC,H', '', 1, '', '', 0, ''),
(436, 34, 1, 'D6', '', 'DO-201AD', 'ON SEMI ,HY', '', 1, '', '', 0, ''),
(437, 34, 1, 'F1', '', 'Pigtail typ', 'PROTECTRON,', '', 1, '', '', 0, ''),
(438, 34, 2, 'L1,L2', '5%', '(8*10)drum ', 'SEMTRONICS', '', 1, '', '', 0, ''),
(439, 34, 1, 'Q1', '', 'TO_220', 'FAIRCHILD,H', '', 1, '', '', 0, ''),
(440, 34, 2, 'R1,R2', '5%', '1/4W', 'KELTRON,WAT', '', 1, '', '', 0, ''),
(441, 34, 1, 'R7', '1%', 'R1206', 'AVX,YAGEO', '', 1, '', '', 0, ''),
(442, 34, 1, 'R3', '5%', '1/2W', 'KELTRON,WAT', '', 1, '', '', 0, ''),
(443, 34, 1, 'R6', '1%', 'R1206', 'AVX,YAGEO', '', 1, '', '', 0, ''),
(444, 34, 1, 'R11', '1%', 'R1206', 'AVX,YAGEO', '', 1, '', '', 0, ''),
(445, 34, 1, 'R12', '1%', 'R1206', 'AVX,YAGEO', '', 1, '', '', 0, ''),
(446, 34, 1, 'R5', '1%', 'R1206', 'AVX,YAGEO', '', 1, '', '', 0, ''),
(447, 34, 1, 'R4', '1%', 'R1206', 'AVX,YAGEO', '', 1, '', '', 0, ''),
(448, 34, 1, 'R8', '1%', 'R1206', 'AVX,YAGEO', '', 1, '', '', 0, ''),
(449, 34, 1, 'R9', '1%', 'R1206', 'AVX,YAGEO', '', 1, '', '', 0, ''),
(451, 34, 1, 'T1', '5%', 'MT-11256', 'METRONICS', '', 1, '', '', 0, ''),
(452, 34, 1, 'U1', '', 'SOP8', 'SEMTRONICS', '', 1, '', '', 0, ''),
(453, 34, 0, '', '', '34mm*82mm', '', '', 1, '', '', 0, ''),
(454, 34, 1, 'HS1', '', '', '', '', 1, '', '', 0, ''),
(455, 34, 1, '', '', 'CZ type M3*', '', '', 1, '', '', 0, ''),
(456, 34, 1, '', '', 'Plastic', 'VANSH ', '', 1, '', '', 0, ''),
(457, 34, 4, '', '', 'Chrom plate', 'Any', '', 1, '', '', 0, ''),
(458, 34, 1, '', '', 'non erasabl', 'Any', '', 1, '', '', 0, ''),
(459, 34, 1, '', '', 'non erasabl', 'Any', '', 1, '', '', 0, ''),
(460, 33, 4, 'D1,D2,D3,D4', '10%', 'DO-41', 'DIODE/HY/VI', '', 1, '', '', 0, ''),
(462, 33, 1, 'C3', '5%', 'DISC 5mm pi', 'YAGEO,AVX,W', '', 1, '', '', 0, ''),
(463, 33, 1, 'C8', '10%', '(5mm*11mm)T', 'JACKCON/SAM', '', 1, '', '', 0, ''),
(464, 33, 1, 'C7', '5%', 'C1206', 'YAGEO,AVX,W', '', 1, '', '', 0, ''),
(465, 33, 1, 'C6', '5%', 'C0805', 'JACKCON/SAM', '', 1, '', '', 0, ''),
(466, 33, 1, 'C4', '10%', '(10mm*21mm)', 'JACKCON/SAM', '', 1, '', '', 0, ''),
(467, 33, 2, 'RV1,RV2', '', '14mm(TH) 7m', 'EPCOS,UCHI', '', 1, '', '', 0, ''),
(468, 33, 1, 'C1', '10%', '(13mmL*4mmW', 'HEL,EPCOS,E', '', 1, '', '', 0, ''),
(469, 33, 0, 'C9', '', 'DISC 7.5mm ', '', '', 1, '', '', 0, ''),
(470, 33, 1, 'D7', '', 'D0-41', 'DIODE INC,H', '', 1, '', '', 0, ''),
(471, 33, 1, 'D5', '', 'D0-41', 'DIODE INC,H', '', 1, '', '', 0, ''),
(472, 33, 1, 'D6', '', 'DO-201AD', 'ON SEMI ,HY', '', 1, '', '', 0, ''),
(473, 33, 1, 'F1', '', 'Pigtail typ', 'PROTECTRON,', '', 1, '', '', 0, ''),
(474, 33, 2, 'L1,L2', '5%', '(8*10)drum ', 'SEMTRONICS', '', 1, '', '', 0, ''),
(475, 33, 1, 'Q1', '', 'TO_220', 'FAIRCHILD,H', '', 1, '', '', 0, ''),
(476, 33, 2, 'R1,R2', '5%', '1/4W', 'KELTRON,WAT', '', 1, '', '', 0, ''),
(477, 33, 1, 'R7', '1%', 'R1206', 'AVX,YAGEO', '', 1, '', '', 0, ''),
(478, 33, 1, 'R3', '5%', '1/2W', 'KELTRON,WAT', '', 1, '', '', 0, ''),
(479, 33, 1, 'R6', '1%', 'R1206', 'AVX,YAGEO', '', 1, '', '', 0, ''),
(480, 33, 1, 'R11', '1%', 'R1206', 'AVX,YAGEO', '', 1, '', '', 0, ''),
(481, 33, 1, 'R12', '1%', 'R1206', 'AVX,YAGEO', '', 1, '', '', 0, ''),
(482, 33, 1, 'R5', '1%', 'R1206', 'AVX,YAGEO', '', 1, '', '', 0, ''),
(483, 33, 1, 'R4', '1%', 'R1206', 'AVX,YAGEO', '', 1, '', '', 0, ''),
(484, 33, 1, 'R8', '1%', 'R1206', 'AVX,YAGEO', '', 1, '', '', 0, ''),
(487, 33, 1, 'T1', '5%', 'MT-11256', 'METRONICS', '', 1, '', '', 0, ''),
(488, 33, 1, 'U1', '', 'SOP8', 'SEMTRONICS', '', 1, '', '', 0, ''),
(489, 33, 0, '', '', '34mm*82mm', '', '', 1, '', '', 0, ''),
(490, 33, 1, 'HS1', '', '', '', '', 1, '', '', 0, ''),
(491, 33, 1, '', '', 'CZ type M3*', '', '', 1, '', '', 0, ''),
(492, 33, 1, '', '', 'Plastic', 'VANSH ', '', 1, '', '', 0, ''),
(493, 33, 4, '', '', 'Chrom plate', 'Any', '', 1, '', '', 0, ''),
(494, 33, 1, '', '', 'non erasabl', 'Any', '', 1, '', '', 0, ''),
(495, 33, 1, '', '', 'non erasabl', 'Any', '', 1, '', '', 0, ''),
(496, 37, 1, 'BD1', '10%', 'DO-41', 'DIODE/HY/VI', '', 1, '', '', 0, ''),
(497, 37, 1, 'C2', '5%', '           ', 'EPCOS', '', 1, '', '', 0, ''),
(498, 37, 1, 'C10', '5%', '           ', 'EPCOS', '', 1, '', '', 0, ''),
(499, 37, 1, 'C3', '5%', 'DISC 5mm pi', 'YAGEO,AVX,W', '', 1, '', '', 0, ''),
(500, 37, 1, 'C8', '10%', '(5mm*11mm)T', 'JACKCON/SAM', '', 1, '', '', 0, ''),
(501, 37, 1, 'C7', '5%', 'C1206', 'YAGEO,AVX,W', '', 1, '', '', 0, ''),
(502, 37, 1, 'C6', '5%', '4.6mm*10mm ', 'JACKCON/SAM', '', 1, '', '', 0, ''),
(503, 37, 2, 'C5,C4', '10%', '(10mm*21mm)', 'JACKCON/SAM', '', 1, '', '', 0, ''),
(504, 37, 2, 'RV1,RV2', '', '14mm(TH) 7m', 'EPCOS,UCHI', '', 1, '', '', 0, ''),
(505, 37, 1, 'C1', '10%', '(13mmL*4mmW', 'HEL,EPCOS,E', '', 1, '', '', 0, ''),
(506, 37, 0, 'C9', '', 'DISC 7.5mm ', '', '', 1, '', '', 0, ''),
(507, 37, 1, 'D7', '', 'D0-41', 'DIODE INC,H', '', 1, '', '', 0, ''),
(508, 37, 1, 'D5', '', 'D0-41', 'DIODE INC,H', '', 1, '', '', 0, ''),
(509, 37, 1, 'D6', '', 'DO-201AD 6m', 'ON SEMI ,HY', '', 1, '', '', 0, ''),
(510, 37, 1, 'F1', '', 'Pigtail typ', 'PROTECTRON,', '', 1, '', '', 0, ''),
(511, 37, 2, 'L1,L2', '5%', '(10*12)drum', 'SEMTRONICS', '', 1, '', '', 0, ''),
(512, 37, 1, 'Q1', '', 'TO_220', 'FAIRCHILD,H', '', 1, '', '', 0, ''),
(513, 37, 2, 'R1,R2', '5%', '1/4W', 'KELTRON,WAT', '', 1, '', '', 0, ''),
(514, 37, 1, 'R7', '1%', 'R1206', 'AVX,YAGEO', '', 1, '', '', 0, ''),
(515, 37, 1, 'R3', '5%', '2W', 'KELTRON,WAT', '', 1, '', '', 0, ''),
(516, 37, 1, 'R6', '1%', 'R1206', 'AVX,YAGEO', '', 1, '', '', 0, ''),
(517, 37, 1, 'R11', '1%', 'R1206', 'AVX,YAGEO', '', 1, '', '', 0, ''),
(518, 37, 1, 'R12', '1%', 'R1206', 'AVX,YAGEO', '', 1, '', '', 0, ''),
(519, 37, 1, 'R5', '1%', 'R1206', 'AVX,YAGEO', '', 1, '', '', 0, ''),
(520, 37, 1, 'R4', '1%', 'R1206', 'AVX,YAGEO', '', 1, '', '', 0, ''),
(521, 37, 1, 'R8', '1%', 'R1206', 'AVX,YAGEO', '', 1, '', '', 0, ''),
(522, 37, 1, 'R9', '1%', 'R1206', 'AVX,YAGEO', '', 1, '', '', 0, ''),
(524, 37, 1, 'T1', '5%', 'AM-6314', 'METRONICS', '', 1, '', '', 0, ''),
(525, 37, 1, 'U1', '', 'SOP8', 'SEMTRONICS', '', 1, '', '', 0, ''),
(526, 37, 0, '', '', '46.3mm*130m', '', '', 1, '', '', 0, ''),
(527, 30, 4, 'D1,D2,D3,D4', '10%', 'DO-41', 'DIODE/HY/VI', '', 1, '', '', 0, ''),
(528, 30, 1, 'C2', '5%', '           ', 'EPCOS', '', 1, '', '', 0, ''),
(529, 30, 1, 'C10', '5%', '           ', 'EPCOS', '', 1, '', '', 0, ''),
(530, 30, 1, 'C3', '5%', 'DISC 5mm pi', 'YAGEO,AVX,W', '', 1, '', '', 0, ''),
(531, 30, 1, 'C8', '10%', '(5mm*11mm)T', 'JACKCON/SAM', '', 1, '', '', 0, ''),
(532, 30, 1, 'C7', '5%', 'C1206', 'YAGEO,AVX,W', '', 1, '', '', 0, ''),
(533, 30, 1, 'C6', '5%', '4.6mm*10mm ', 'JACKCON/SAM', '', 1, '', '', 0, ''),
(535, 30, 2, 'RV1,RV2', '', '14mm(TH) 7m', 'EPCOS,UCHI', '', 1, '', '', 0, ''),
(536, 30, 1, 'C1', '10%', '(13mmL*4mmW', 'HEL,EPCOS,E', '', 1, '', '', 0, ''),
(537, 30, 0, 'C9', '', 'DISC 7.5mm ', '', '', 1, '', '', 0, ''),
(538, 30, 1, 'D7', '', 'D0-41', 'DIODE INC,H', '', 1, '', '', 0, ''),
(539, 30, 1, 'D5', '', 'D0-41', 'DIODE INC,H', '', 1, '', '', 0, ''),
(540, 30, 1, 'D6', '', 'DO-201AD 6m', 'ON SEMI ,HY', '', 1, '', '', 0, ''),
(541, 30, 1, 'F1', '', 'Pigtail typ', 'PROTECTRON,', '', 1, '', '', 0, ''),
(542, 30, 2, 'L1,L2', '5%', '(8*10)drum ', 'SEMTRONICS', '', 1, '', '', 0, ''),
(543, 30, 1, 'Q1', '', 'TO_220', 'FAIRCHILD,H', '', 1, '', '', 0, ''),
(544, 30, 2, 'R1,R2', '5%', '1/4W', 'KELTRON,WAT', '', 1, '', '', 0, ''),
(545, 30, 1, 'R7', '1%', 'R1206', 'AVX,YAGEO', '', 1, '', '', 0, ''),
(546, 30, 1, 'R3', '5%', '1/2W', 'KELTRON,WAT', '', 1, '', '', 0, ''),
(547, 30, 1, 'R6', '1%', 'R1206', 'AVX,YAGEO', '', 1, '', '', 0, ''),
(548, 30, 1, 'R11', '1%', 'R1206', 'AVX,YAGEO', '', 1, '', '', 0, ''),
(549, 30, 1, 'R12', '1%', 'R1206', 'AVX,YAGEO', '', 1, '', '', 0, ''),
(550, 30, 1, 'R5', '1%', 'R1206', 'AVX,YAGEO', '', 1, '', '', 0, ''),
(551, 30, 1, 'R4', '1%', 'R1206', 'AVX,YAGEO', '', 1, '', '', 0, ''),
(552, 30, 1, 'R8', '1%', 'R1206', 'AVX,YAGEO', '', 1, '', '', 0, ''),
(553, 30, 1, 'R9', '1%', 'R1206', 'AVX,YAGEO', '', 1, '', '', 0, ''),
(555, 30, 1, 'T1', '5%', 'AM-11020', 'METRONICS', '', 1, '', '', 0, ''),
(556, 30, 1, 'U1', '', 'SOP8', 'SEMTRONICS', '', 1, '', '', 0, ''),
(557, 30, 0, '', '', '34mm*82mm', '', '', 1, '', '', 0, ''),
(558, 30, 1, '', '', 'Plastic', 'VANSH ', '', 1, '', '', 0, ''),
(559, 30, 4, '', '', 'Chrom plate', 'Any', '', 1, '', '', 0, ''),
(560, 30, 1, '', '', 'non erasabl', 'Any', '', 1, '', '', 0, ''),
(561, 30, 1, '', '', 'non erasabl', 'Any', '', 1, '', '', 0, ''),
(562, 29, 4, 'D1,D2,D3,D4', '10%', 'DO-41', 'DIODE/HY/VI', '', 1, '', '', 0, ''),
(563, 29, 1, 'C2', '5%', '           ', 'EPCOS', '', 1, '', '', 0, ''),
(564, 29, 1, '10', '', '           ', 'EPCOS', '', 1, '', '', 0, ''),
(565, 29, 1, 'C3', '5%', 'DISC 5mm pi', 'YAGEO,AVX,W', '', 1, '', '', 0, ''),
(566, 29, 1, 'C8', '10%', '(5mm*11mm)T', 'JACKCON/SAM', '', 1, '', '', 0, ''),
(567, 29, 1, 'C7', '5%', 'C1206', 'YAGEO,AVX,W', '', 1, '', '', 0, ''),
(568, 29, 1, 'C6', '5%', 'C0805', 'JACKCON/SAM', '', 1, '', '', 0, ''),
(569, 29, 2, 'C4,C5', '10%', '(10mm*21mm)', 'JACKCON/SAM', '', 1, '', '', 0, ''),
(570, 29, 2, 'RV1,RV2', '', '14mm(TH) 7m', 'EPCOS,UCHI', '', 1, '', '', 0, ''),
(571, 29, 1, 'C1', '10%', '(13mmL*4mmW', 'HEL,EPCOS,E', '', 1, '', '', 0, ''),
(572, 29, 1, 'C9', '', 'DISC 7.5mm ', '', '', 1, '', '', 0, ''),
(573, 29, 1, 'D7', '', 'D0-41', 'DIODE INC,H', '', 1, '', '', 0, ''),
(574, 29, 1, 'D5', '', 'D0-41', 'DIODE INC,H', '', 1, '', '', 0, ''),
(575, 29, 1, 'D6', '', 'DO-201AD', 'ON SEMI ,HY', '', 1, '', '', 0, ''),
(576, 29, 1, 'F1', '', 'Pigtail typ', 'PROTECTRON,', '', 1, '', '', 0, ''),
(577, 29, 2, 'L1,L2', '5%', '(8*10)drum ', 'SEMTRONICS', '', 1, '', '', 0, ''),
(578, 29, 1, 'Q1', '', 'TO_220', 'FAIRCHILD,H', '', 1, '', '', 0, ''),
(579, 29, 2, 'R1,R2', '5%', '1/4W', 'KELTRON,WAT', '', 1, '', '', 0, ''),
(580, 29, 1, 'R7', '1%', 'R1206', 'AVX,YAGEO', '', 1, '', '', 0, ''),
(581, 29, 1, 'R3', '5%', '1/2W', 'KELTRON,WAT', '', 1, '', '', 0, ''),
(582, 29, 1, 'R6', '1%', 'R1206', 'AVX,YAGEO', '', 1, '', '', 0, ''),
(583, 29, 1, 'R11', '1%', 'R1206', 'AVX,YAGEO', '', 1, '', '', 0, ''),
(584, 29, 1, 'R12', '1%', 'R1206', 'AVX,YAGEO', '', 1, '', '', 0, ''),
(585, 29, 1, 'R5', '1%', 'R1206', 'AVX,YAGEO', '', 1, '', '', 0, ''),
(586, 29, 1, 'R4', '1%', 'R1206', 'AVX,YAGEO', '', 1, '', '', 0, ''),
(587, 29, 1, 'R8', '1%', 'R1206', 'AVX,YAGEO', '', 1, '', '', 0, ''),
(588, 29, 1, 'R9', '1%', 'R1206', 'AVX,YAGEO', '', 1, '', '', 0, ''),
(590, 29, 1, 'T1', '5%', 'MT-11020', 'METRONICS', '', 1, '', '', 0, ''),
(591, 29, 1, 'U1', '', 'SOP8', 'SEMTRONICS', '', 1, '', '', 0, ''),
(592, 29, 0, '', '', '34mm*82mm', '', '', 1, '', '', 0, ''),
(593, 29, 1, 'HS1', '', '', '', '', 1, '', '', 0, ''),
(594, 29, 1, '', '', 'CZ type M3*', '', '', 1, '', '', 0, ''),
(595, 29, 1, '', '', 'Plastic', 'VANSH ', '', 1, '', '', 0, ''),
(596, 29, 4, '', '', 'Chrom plate', 'Any', '', 1, '', '', 0, ''),
(597, 29, 1, '', '', 'non erasabl', 'Any', '', 1, '', '', 0, ''),
(598, 29, 1, '', '', 'non erasabl', 'Any', '', 1, '', '', 0, ''),
(599, 28, 4, 'D1,D2,D3,D4', '10%', 'DO-41', 'DIODE/HY/VI', '', 1, '', '', 0, ''),
(600, 28, 1, 'C2', '5%', '           ', 'EPCOS', '', 1, '', '', 0, ''),
(601, 28, 1, '10', '', '           ', 'EPCOS', '', 1, '', '', 0, ''),
(602, 28, 1, 'C3', '5%', 'DISC 5mm pi', 'YAGEO,AVX,W', '', 1, '', '', 0, ''),
(603, 28, 1, 'C8', '10%', '(5mm*11mm)T', 'JACKCON/SAM', '', 1, '', '', 0, ''),
(604, 28, 1, 'C7', '5%', 'C1206', 'YAGEO,AVX,W', '', 1, '', '', 0, ''),
(605, 28, 1, 'C6', '5%', 'C0805', 'JACKCON/SAM', '', 1, '', '', 0, ''),
(606, 28, 1, 'C4', '10%', '(10mm*21mm)', 'JACKCON/SAM', '', 1, '', '', 0, ''),
(607, 28, 2, 'RV1,RV2', '', '14mm(TH) 7m', 'EPCOS,UCHI', '', 1, '', '', 0, ''),
(608, 28, 1, 'C1', '10%', '(13mmL*4mmW', 'HEL,EPCOS,E', '', 1, '', '', 0, ''),
(609, 28, 0, 'C9', '', 'DISC 7.5mm ', '', '', 1, '', '', 0, ''),
(610, 28, 1, 'D7', '', 'D0-41', 'DIODE INC,H', '', 1, '', '', 0, ''),
(611, 28, 1, 'D5', '', 'D0-41', 'DIODE INC,H', '', 1, '', '', 0, ''),
(612, 28, 1, 'D6', '', 'DO-201AD', 'ON SEMI ,HY', '', 1, '', '', 0, ''),
(613, 28, 1, 'F1', '', 'Pigtail typ', 'PROTECTRON,', '', 1, '', '', 0, ''),
(614, 28, 2, 'L1,L2', '5%', '(8*10)drum ', 'SEMTRONICS', '', 1, '', '', 0, ''),
(615, 28, 1, 'Q1', '', 'TO_220', 'FAIRCHILD,H', '', 1, '', '', 0, ''),
(616, 28, 2, 'R1,R2', '5%', '1/4W', 'KELTRON,WAT', '', 1, '', '', 0, ''),
(617, 28, 1, 'R7', '1%', 'R1206', 'AVX,YAGEO', '', 1, '', '', 0, ''),
(618, 28, 1, 'R3', '5%', '1/2W', 'KELTRON,WAT', '', 1, '', '', 0, ''),
(619, 28, 1, 'R6', '1%', 'R1206', 'AVX,YAGEO', '', 1, '', '', 0, ''),
(620, 28, 1, 'R11', '1%', 'R1206', 'AVX,YAGEO', '', 1, '', '', 0, ''),
(621, 28, 1, 'R12', '1%', 'R1206', 'AVX,YAGEO', '', 1, '', '', 0, ''),
(622, 28, 1, 'R5', '1%', 'R1206', 'AVX,YAGEO', '', 1, '', '', 0, ''),
(623, 28, 1, 'R4', '1%', 'R1206', 'AVX,YAGEO', '', 1, '', '', 0, ''),
(624, 28, 1, 'R8', '1%', 'R1206', 'AVX,YAGEO', '', 1, '', '', 0, ''),
(625, 28, 1, 'R9', '1%', 'R1206', 'AVX,YAGEO', '', 1, '', '', 0, ''),
(627, 28, 1, 'T1', '5%', 'MT-10031', 'METRONICS', '', 1, '', '', 0, ''),
(628, 28, 1, 'U1', '', 'SOP8', 'SEMTRONICS', '', 1, '', '', 0, ''),
(629, 28, 0, '', '', '34mm*82mm', '', '', 1, '', '', 0, ''),
(630, 28, 1, 'HS1', '', '', '', '', 1, '', '', 0, ''),
(631, 28, 1, '', '', 'CZ type M3*', '', '', 1, '', '', 0, ''),
(632, 28, 1, '', '', 'Plastic', 'VANSH ', '', 1, '', '', 0, ''),
(633, 28, 4, '', '', 'Chrom plate', 'Any', '', 1, '', '', 0, ''),
(634, 28, 1, '', '', 'non erasabl', 'Any', '', 1, '', '', 0, ''),
(635, 28, 1, '', '', 'non erasabl', 'Any', '', 1, '', '', 0, ''),
(636, 26, 1, 'BD1', '', 'Good Work,f', '', '', 1, '', '', 0, ''),
(637, 26, 1, 'C1', '', 'Epcos,Murat', '', '', 1, '', '', 0, ''),
(638, 26, 1, 'C3', '', 'Walsin,yage', '', '', 1, '', '', 0, ''),
(639, 26, 1, 'C4', '', 'Walsin,yage', '', '', 1, '', '', 0, ''),
(640, 26, 1, 'C5', '', 'Walsin,yage', '', '', 1, '', '', 0, ''),
(641, 26, 1, 'C6', '', 'Epcos,Murat', '', '', 1, '', '', 0, ''),
(642, 26, 1, 'C7', '', 'Epcos,Murat', '', '', 1, '', '', 0, ''),
(644, 26, 1, 'CP1', '', 'Galaxy,Ruby', '', '', 1, '', '', 0, ''),
(645, 26, 1, 'CP2', '', 'Galaxy,Ruby', '', '', 1, '', '', 0, ''),
(646, 26, 1, 'D1', '', 'Goodwork ', '', '', 1, '', '', 0, ''),
(647, 26, 1, 'D2', '', 'Good Work,f', '', '', 1, '', '', 0, ''),
(648, 26, 1, 'D3', '', 'Good Work,f', '', '', 1, '', '', 0, ''),
(649, 26, 1, 'D4', '', 'Good Work,f', '', '', 1, '', '', 0, ''),
(650, 26, 1, 'F1', '', 'protectron,', '', '', 1, '', '', 0, ''),
(651, 26, 1, 'L4', '', 'Metronix,Be', '', '', 1, '', '', 0, ''),
(652, 26, 1, 'L5', '', 'JMY', '', '', 1, '', '', 0, ''),
(654, 26, 1, 'L7', '', 'JMY', '', '', 1, '', '', 0, ''),
(655, 26, 1, 'MOV1', '', 'Uchi,Epcos', '', '', 1, '', '', 0, ''),
(656, 26, 1, 'Q1', '', 'Semtronics,', '', '', 1, '', '', 0, ''),
(657, 26, 1, 'R1', '', 'Galaxy,Ruby', '', '', 1, '', '', 0, ''),
(658, 26, 1, 'R2', '', 'Galaxy,Ruby', '', '', 1, '', '', 0, ''),
(659, 26, 1, 'R3', '', 'Galaxy,Ruby', '', '', 1, '', '', 0, ''),
(660, 26, 1, 'R4', '', 'Galaxy,Ruby', '', '', 1, '', '', 0, ''),
(661, 26, 1, 'R6', '', 'Galaxy,Ruby', '', '', 1, '', '', 0, ''),
(662, 26, 1, 'R7', '', 'Galaxy,Ruby', '', '', 1, '', '', 0, ''),
(663, 26, 1, 'R8', '', 'Galaxy,Ruby', '', '', 1, '', '', 0, ''),
(664, 26, 1, 'R10', '', 'Galaxy,Ruby', '', '', 1, '', '', 0, ''),
(665, 26, 1, 'R12', '', 'Galaxy,Ruby', '', '', 1, '', '', 0, ''),
(668, 26, 1, 'U1', '', 'semtronics ', '', '', 1, '', '', 0, ''),
(669, 26, 1, 'SEM VER TL 5.8', '', 'Universal C', '', '', 1, '', '', 0, ''),
(670, 25, 1, 'BD1', '', 'TO-269AA', 'GOODARC ,HY', '', 1, '', '', 0, ''),
(671, 25, 3, 'C1', '10%', 'CAP_DISC_20', 'HEL / JACKC', '', 1, '', '', 0, ''),
(672, 25, 1, 'C3', '5%', 'C0805', 'YAGEO,AVX, ', '', 1, '', '', 0, ''),
(673, 25, 1, 'C4', '5%', 'C0805', 'YAGEO,AVX, ', '', 1, '', '', 0, ''),
(674, 25, 1, 'C5', '5%', 'C0805', 'YAGEO,AVX, ', '', 1, '', '', 0, ''),
(675, 25, 0, 'C6', '10%', 'CAP_DISC_20', 'HEL / JACKC', '', 1, '', '', 0, ''),
(676, 25, 0, 'C7', '10%', 'CAP_DISC_20', 'HEL / JACKC', '', 1, '', '', 0, ''),
(677, 25, 1, 'C8', '10%', 'PEIR MYLAR ', 'PIA ', '', 1, '', '', 0, ''),
(678, 25, 2, 'CP1,CP2', '10%', '(10mm*20mm)', 'JACKCON,SAM', '', 1, '', '', 0, ''),
(679, 25, 1, 'D1', '', 'DO-201AD', 'GOODARC ,HY', '', 1, '', '', 0, ''),
(680, 25, 3, 'D2,D3,D4', '', 'SMA', 'GOODARC ,HY', '', 1, '', '', 0, ''),
(681, 25, 1, 'F1', '', '(3.6mm*10mm', 'PROTECTRON ', '', 1, '', '', 0, ''),
(682, 25, 1, 'L4', '5%', 'EE16 VERTIC', 'METRONIX  -', '', 1, '', '', 0, ''),
(683, 25, 1, 'MOV1', '', '10mm', 'EPCOS ,UCHI', '', 1, '', '', 0, ''),
(684, 25, 1, 'POT1', '5%', 'TRIMMER', '', '', 1, '', '', 0, ''),
(685, 25, 1, 'Q1', '', 'TO-220', 'FAIRCHILD ,', '', 1, '', '', 0, ''),
(686, 25, 1, 'R1', '1%', 'R0805', 'YAGEO, UNIO', '', 1, '', '', 0, ''),
(687, 25, 1, 'R2', '1%', 'R1206', 'YAGEO, UNIO', '', 1, '', '', 0, ''),
(688, 25, 1, 'R3', '1%', 'R1206', 'YAGEO, UNIO', '', 1, '', '', 0, ''),
(689, 25, 1, 'R4', '5%', 'R0603', 'YAGEO, UNIO', '', 1, '', '', 0, ''),
(691, 25, 1, 'R6', '1%', 'R0603', 'YAGEO, UNIO', '', 1, '', '', 0, ''),
(692, 25, 1, 'R7', '1%', 'R0603', 'YAGEO, UNIO', '', 1, '', '', 0, ''),
(693, 25, 1, 'R8', '1%', 'R0603', 'YAGEO, UNIO', '', 1, '', '', 0, ''),
(694, 25, 1, 'R10', '5%', 'R0603', 'YAGEO, UNIO', '', 1, '', '', 0, ''),
(695, 25, 1, 'R11', '5%', 'R0603', 'YAGEO, UNIO', '', 1, '', '', 0, ''),
(696, 25, 1, 'R12', '1%', 'R0603', 'YAGEO, UNIO', '', 1, '', '', 0, ''),
(698, 25, 1, 'U1', '', 'SO8', 'SEMTRONICS ', '', 1, '', '', 0, ''),
(699, 25, 1, '', '', '(17mm*150mm', 'UNIVERSAL', '', 1, '', '', 0, ''),
(700, 24, 4, 'D1,D2,D3,D4', '10%', 'DO-41', 'DIODE/HY/VI', '', 1, '', '', 0, ''),
(701, 24, 1, 'C2', '5%', '           ', 'EPCOS', '', 1, '', '', 0, ''),
(702, 24, 1, '10', '', '           ', 'EPCOS', '', 1, '', '', 0, ''),
(703, 24, 1, 'C3', '5%', 'DISC 5mm pi', 'YAGEO,AVX,W', '', 1, '', '', 0, ''),
(704, 24, 1, 'C8', '10%', '(5mm*11mm)T', 'JACKCON/SAM', '', 1, '', '', 0, ''),
(705, 24, 1, 'C7', '5%', 'C1206', 'YAGEO,AVX,W', '', 1, '', '', 0, ''),
(706, 24, 1, 'C6', '5%', 'C0805', 'JACKCON/SAM', '', 1, '', '', 0, ''),
(707, 24, 1, 'C4', '10%', '(10mm*21mm)', 'JACKCON/SAM', '', 1, '', '', 0, ''),
(708, 24, 2, 'RV1,RV2', '', '14mm(TH) 7m', 'EPCOS,UCHI', '', 1, '', '', 0, ''),
(709, 24, 1, 'C1', '10%', '(13mmL*4mmW', 'HEL,EPCOS,E', '', 1, '', '', 0, ''),
(710, 24, 0, 'C9', '', 'DISC 7.5mm ', '', '', 1, '', '', 0, ''),
(711, 24, 1, 'D7', '', 'D0-41', 'DIODE INC,H', '', 1, '', '', 0, ''),
(712, 24, 1, 'D5', '', 'D0-41', 'DIODE INC,H', '', 1, '', '', 0, ''),
(713, 24, 1, 'D6', '', 'SMA', 'ON SEMI ,HY', '', 1, '', '', 0, ''),
(714, 24, 1, 'F1', '', 'Pigtail typ', 'PROTECTRON,', '', 1, '', '', 0, ''),
(715, 24, 2, 'L1,L2', '5%', '(8*10)drum ', 'SEMTRONICS', '', 1, '', '', 0, ''),
(716, 24, 1, 'Q1', '', 'TO_220', 'FAIRCHILD,H', '', 1, '', '', 0, ''),
(717, 24, 2, 'R1,R2', '5%', '1/4W', 'KELTRON,WAT', '', 1, '', '', 0, ''),
(718, 24, 1, 'R7', '1%', 'R1206', 'AVX,YAGEO', '', 1, '', '', 0, ''),
(719, 24, 1, 'R3', '5%', '1/2W', 'KELTRON,WAT', '', 1, '', '', 0, ''),
(720, 24, 1, 'R6', '1%', 'R1206', 'AVX,YAGEO', '', 1, '', '', 0, ''),
(721, 24, 1, 'R11', '1%', 'R1206', 'AVX,YAGEO', '', 1, '', '', 0, ''),
(722, 24, 1, 'R12', '1%', 'R1206', 'AVX,YAGEO', '', 1, '', '', 0, ''),
(723, 24, 1, 'R5', '1%', 'R1206', 'AVX,YAGEO', '', 1, '', '', 0, ''),
(724, 24, 1, 'R4', '1%', 'R1206', 'AVX,YAGEO', '', 1, '', '', 0, ''),
(725, 24, 1, 'R8', '1%', 'R1206', 'AVX,YAGEO', '', 1, '', '', 0, ''),
(726, 24, 1, 'R9', '1%', 'R1206', 'AVX,YAGEO', '', 1, '', '', 0, ''),
(729, 24, 1, 'U1', '', 'SOP8', 'SEMTRONICS', '', 1, '', '', 0, ''),
(730, 24, 0, '', '', '34mm*82mm', '', '', 1, '', '', 0, ''),
(731, 24, 1, 'HS1', '', '', '', '', 1, '', '', 0, ''),
(732, 24, 1, '', '', 'CZ type M3*', '', '', 1, '', '', 0, ''),
(733, 24, 1, '', '', 'Plastic', 'VANSH ', '', 1, '', '', 0, ''),
(734, 24, 4, '', '', 'Chrom plate', 'Any', '', 1, '', '', 0, ''),
(735, 24, 1, '', '', 'non erasabl', 'Any', '', 1, '', '', 0, ''),
(736, 24, 1, '', '', 'non erasabl', 'Any', '', 1, '', '', 0, ''),
(737, 23, 4, 'D1,D2,D3,D4', '10%', 'DO-41', 'DIODE/HY/VI', '', 1, '', '', 0, ''),
(738, 23, 2, 'C2,C10', '5%', '           ', 'EPCOS', '', 1, '', '', 0, ''),
(739, 23, 1, 'C3', '5%', 'DISC 5mm pi', 'YAGEO,AVX,W', '', 1, '', '', 0, ''),
(740, 23, 1, 'C8', '10%', '(5mm*11mm)T', 'JACKCON/SAM', '', 1, '', '', 0, ''),
(741, 23, 1, 'C7', '5%', 'C1206', 'YAGEO,AVX,W', '', 1, '', '', 0, ''),
(742, 23, 1, 'C6', '5%', '4.6mm*10mm ', 'JACKCON/SAM', '', 1, '', '', 0, ''),
(744, 23, 2, 'RV1,RV2', '', '14mm(TH) 7m', 'EPCOS,UCHI', '', 1, '', '', 0, ''),
(746, 23, 0, 'C9', '', 'DISC 7.5mm ', '', '', 1, '', '', 0, ''),
(747, 23, 1, 'D7', '', 'D0-41', 'DIODE INC,H', '', 1, '', '', 0, ''),
(748, 23, 1, 'D5', '', 'D0-41', 'DIODE INC,H', '', 1, '', '', 0, ''),
(749, 23, 1, 'D6', '', 'DO-201AD 6m', 'ON SEMI ,HY', '', 1, '', '', 0, ''),
(750, 23, 1, 'F1', '', 'Pigtail typ', 'PROTECTRON,', '', 1, '', '', 0, ''),
(751, 23, 2, 'L1,L2', '5%', '(8*10)drum ', 'SEMTRONICS', '', 1, '', '', 0, ''),
(752, 23, 1, 'Q1', '', 'TO_220', 'FAIRCHILD,H', '', 1, '', '', 0, ''),
(753, 23, 2, 'R1,R2', '5%', '1/4W', 'KELTRON,WAT', '', 1, '', '', 0, ''),
(754, 23, 1, 'R7', '1%', 'R1206', 'AVX,YAGEO', '', 1, '', '', 0, ''),
(755, 23, 1, 'R3', '5%', '1/2W', 'KELTRON,WAT', '', 1, '', '', 0, ''),
(756, 23, 1, 'R6', '1%', 'R1206', 'AVX,YAGEO', '', 1, '', '', 0, ''),
(757, 23, 1, 'R11', '1%', 'R1206', 'AVX,YAGEO', '', 1, '', '', 0, ''),
(758, 23, 1, 'R12', '1%', 'R1206', 'AVX,YAGEO', '', 1, '', '', 0, ''),
(759, 23, 1, 'R5', '1%', 'R1206', 'AVX,YAGEO', '', 1, '', '', 0, ''),
(760, 23, 1, 'R4', '1%', 'R1206', 'AVX,YAGEO', '', 1, '', '', 0, ''),
(764, 23, 1, 'T1', '5%', 'MT-10808', 'METRONICS', '', 1, '', '', 0, '');
INSERT INTO `productbom_versioning` (`id`, `productcode`, `quantity`, `reference`, `tolerance`, `package`, `make`, `comments`, `versions`, `type`, `name`, `MAX_FILE_SIZE`, `files`) VALUES
(765, 23, 1, 'U1', '', 'SOP8', 'SEMTRONICS', '', 1, '', '', 0, ''),
(766, 23, 0, '', '', '34mm*82mm', '', '', 1, '', '', 0, ''),
(767, 23, 1, '', '', 'Plastic', 'VANSH ', '', 1, '', '', 0, ''),
(768, 23, 4, '', '', 'Chrom plate', 'Any', '', 1, '', '', 0, ''),
(769, 23, 1, '', '', 'non erasabl', 'Any', '', 1, '', '', 0, ''),
(770, 23, 1, '', '', 'non erasabl', 'Any', '', 1, '', '', 0, ''),
(771, 22, 1, 'BD1', '10%', 'DO-41', 'DIODE/HY/VI', '', 1, '', '', 0, ''),
(772, 22, 1, 'C2', '5%', '           ', 'EPCOS', '', 1, '', '', 0, ''),
(773, 22, 1, 'C10', '5%', '           ', 'EPCOS', '', 1, '', '', 0, ''),
(774, 22, 1, 'C3', '5%', 'DISC 5mm pi', 'YAGEO,AVX,W', '', 1, '', '', 0, ''),
(775, 22, 1, 'C8', '10%', '(5mm*11mm)T', 'JACKCON/SAM', '', 1, '', '', 0, ''),
(776, 22, 1, 'C7', '5%', 'C1206', 'YAGEO,AVX,W', '', 1, '', '', 0, ''),
(777, 22, 1, 'C6', '5%', '4.6mm*10mm ', 'JACKCON/SAM', '', 1, '', '', 0, ''),
(779, 22, 2, 'RV1,RV2', '', '14mm(TH) 7m', 'EPCOS,UCHI', '', 1, '', '', 0, ''),
(780, 22, 1, 'C1', '10%', '(13mmL*4mmW', 'HEL,EPCOS,E', '', 1, '', '', 0, ''),
(781, 22, 0, 'C9', '', 'DISC 7.5mm ', '', '', 1, '', '', 0, ''),
(782, 22, 1, 'D7', '', 'D0-41', 'DIODE INC,H', '', 1, '', '', 0, ''),
(783, 22, 1, 'D5', '', 'D0-41', 'DIODE INC,H', '', 1, '', '', 0, ''),
(784, 22, 1, 'D6', '', 'DO-201AD 6m', 'ON SEMI ,HY', '', 1, '', '', 0, ''),
(785, 22, 1, 'F1', '', 'Pigtail typ', 'PROTECTRON,', '', 1, '', '', 0, ''),
(786, 22, 2, 'L1,L2', '5%', '(10*12)drum', 'SEMTRONICS', '', 1, '', '', 0, ''),
(787, 22, 1, 'Q1', '', 'TO_220', 'FAIRCHILD,H', '', 1, '', '', 0, ''),
(788, 22, 2, 'R1,R2', '5%', '1/4W', 'KELTRON,WAT', '', 1, '', '', 0, ''),
(789, 22, 1, 'R7', '1%', 'R1206', 'AVX,YAGEO', '', 1, '', '', 0, ''),
(790, 22, 1, 'R3', '5%', '2W', 'KELTRON,WAT', '', 1, '', '', 0, ''),
(791, 22, 1, 'R6', '1%', 'R1206', 'AVX,YAGEO', '', 1, '', '', 0, ''),
(792, 22, 1, 'R11', '1%', 'R1206', 'AVX,YAGEO', '', 1, '', '', 0, ''),
(793, 22, 1, 'R12', '1%', 'R1206', 'AVX,YAGEO', '', 1, '', '', 0, ''),
(794, 22, 1, 'R5', '1%', 'R1206', 'AVX,YAGEO', '', 1, '', '', 0, ''),
(795, 22, 1, 'R4', '1%', 'R1206', 'AVX,YAGEO', '', 1, '', '', 0, ''),
(796, 22, 1, 'R8', '1%', 'R1206', 'AVX,YAGEO', '', 1, '', '', 0, ''),
(797, 22, 1, 'R9', '1%', 'R1206', 'AVX,YAGEO', '', 1, '', '', 0, ''),
(800, 22, 1, 'U1', '', 'SOP8', 'SEMTRONICS', '', 1, '', '', 0, ''),
(801, 22, 0, '', '', '46.3mm*130m', '', '', 1, '', '', 0, ''),
(802, 22, 1, '', '', 'PI-51', 'PI-51', '', 1, '', '', 0, ''),
(803, 22, 1, '', '', '', '', '', 1, '', '', 0, ''),
(804, 22, 1, 'J1', '', 'PWR_CONN_3P', 'CON3', '', 1, '', '', 0, ''),
(805, 22, 1, 'J2', '', 'PWR_CONN_2P', 'CON2', '', 1, '', '', 0, ''),
(806, 21, 1, 'BD1', '10%', 'DO-41', 'DIODE/HY/VI', '', 1, '', '', 0, ''),
(807, 21, 2, 'C2,C10', '5%', '           ', 'EPCOS', '', 1, '', '', 0, ''),
(808, 21, 1, 'C3', '5%', 'DISC 5mm pi', 'YAGEO,AVX,W', '', 1, '', '', 0, ''),
(809, 21, 1, 'C8', '10%', '(5mm*11mm)T', 'JACKCON/SAM', '', 1, '', '', 0, ''),
(810, 21, 1, 'C7', '5%', 'C1206', 'YAGEO,AVX,W', '', 1, '', '', 0, ''),
(811, 21, 1, 'C6', '5%', 'C0805', 'JACKCON/SAM', '', 1, '', '', 0, ''),
(812, 21, 2, 'C4,C5', '10%', '(10mm*21mm)', 'JACKCON/SAM', '', 1, '', '', 0, ''),
(813, 21, 2, 'RV1,RV2', '', '14mm(TH) 7m', 'EPCOS,UCHI', '', 1, '', '', 0, ''),
(814, 21, 1, 'C1', '10%', '(13mmL*4mmW', 'HEL,EPCOS,E', '', 1, '', '', 0, ''),
(815, 21, 0, 'C9', '', 'DISC 7.5mm ', '', '', 1, '', '', 0, ''),
(816, 21, 1, 'D7', '', 'D0-41', 'DIODE INC,H', '', 1, '', '', 0, ''),
(817, 21, 1, 'D5', '', 'D0-41', 'DIODE INC,H', '', 1, '', '', 0, ''),
(818, 21, 1, 'D6', '', 'TO_220', 'ON SEMI ,HY', '', 1, '', '', 0, ''),
(819, 21, 1, 'F1', '', 'Pigtail typ', 'PROTECTRON,', '', 1, '', '', 0, ''),
(820, 21, 2, 'L1,L2', '5%', '(10*12)drum', 'SEMTRONICS', '', 1, '', '', 0, ''),
(821, 21, 1, 'Q1', '', 'TO_220', 'FAIRCHILD,H', '', 1, '', '', 0, ''),
(822, 21, 2, 'R1,R2', '5%', '1/4W', 'KELTRON,WAT', '', 1, '', '', 0, ''),
(823, 21, 1, 'R7', '1%', 'R1206', 'AVX,YAGEO', '', 1, '', '', 0, ''),
(824, 21, 1, 'R3', '5%', '2W', 'KELTRON,WAT', '', 1, '', '', 0, ''),
(825, 21, 1, 'R6', '1%', 'R1206', 'AVX,YAGEO', '', 1, '', '', 0, ''),
(826, 21, 1, 'R11', '1%', 'R1206', 'AVX,YAGEO', '', 1, '', '', 0, ''),
(827, 21, 1, 'R12', '1%', 'R1206', 'AVX,YAGEO', '', 1, '', '', 0, ''),
(828, 21, 1, 'R5', '1%', 'R1206', 'AVX,YAGEO', '', 1, '', '', 0, ''),
(829, 21, 1, 'R4', '1%', 'R1206', 'AVX,YAGEO', '', 1, '', '', 0, ''),
(830, 21, 1, 'R8', '1%', 'R1206', 'AVX,YAGEO', '', 1, '', '', 0, ''),
(831, 21, 1, 'R9', '1%', 'R1206', 'AVX,YAGEO', '', 1, '', '', 0, ''),
(833, 21, 1, 'T1', '5%', 'AM-7119', 'METRONICS', '', 1, '', '', 0, ''),
(834, 21, 1, 'U1', '', 'SOP8', 'SEMTRONICS', '', 1, '', '', 0, ''),
(835, 21, 0, '', '', '46mm*130mm', '', '', 1, '', '', 0, ''),
(836, 21, 1, 'HS1', '', '', '', '', 1, '', '', 0, ''),
(837, 21, 1, '', '', 'CZ type M3*', '', '', 1, '', '', 0, ''),
(838, 21, 4, '', '', 'Chrom plate', 'Any', '', 1, '', '', 0, ''),
(839, 21, 1, '', '', 'non erasabl', 'Any', '', 1, '', '', 0, ''),
(840, 21, 1, '', '', 'non erasabl', 'Any', '', 1, '', '', 0, ''),
(841, 21, 1, 'BD1', '', 'MIL-STD-202', 'DIODE INC,H', '', 1, '', '', 0, ''),
(842, 20, 1, 'C7', '10%', 'CG-CBB21-22', 'YAGEO,AVX,W', '', 1, '', '', 0, ''),
(843, 20, 1, 'C14', '10%', 'C1206', 'YAGEO,AVX,W', '', 1, '', '', 0, ''),
(844, 20, 1, 'C15', '10%', '(5mm*11mm)2', 'JACKCON/SAM', '', 1, '', '', 0, ''),
(845, 20, 1, 'C16', '10%', 'DISC 7.5mm ', 'YAGEO,AVX,W', '', 1, '', '', 0, ''),
(846, 20, 1, 'C17', '10%', '(5mm*11mm)2', 'JACKCON/SAM', '', 1, '', '', 0, ''),
(847, 20, 2, 'C18/C19', '10%', '(13.2mm*21m', 'JACKCON/SAM', '', 1, '', '', 0, ''),
(848, 20, 1, 'MOV1,MOV2', '', '14mm dia 7m', 'EPCOS/UCHI', '', 1, '', '', 0, ''),
(849, 20, 751, 'CX1 Epcos ', '', '(13mmL*4mmW', 'EPCOS', '', 1, '', '', 0, ''),
(850, 20, 1, 'CX2,CX3 Epcos', '10%', '(13mmL*4mmW', 'EPCOS', '', 1, '', '', 0, ''),
(851, 20, 1, 'CY1', '10%', 'DISC 7.5mm ', 'EPCOS', '', 1, '', '', 0, ''),
(852, 20, 1, 'D1', '', 'SMA', 'DIODE INC,H', '', 1, '', '', 0, ''),
(853, 20, 1, 'D7', '', 'SMA', 'DIODE INC,H', '', 1, '', '', 0, ''),
(854, 20, 1, 'D8', '', 'D0-15(D0-20', 'DIODE INC,H', '', 1, '', '', 0, ''),
(855, 20, 1, 'D5', '', 'SMA', 'DIODE INC,H', '', 1, '', '', 0, ''),
(856, 20, 1, 'D6', '', 'JEDEC TO-22', 'DIODE INC,H', '', 1, '', '', 0, ''),
(857, 20, 1, 'F1', '', '(3.6mm*10mm', 'PROTECTRON,', '', 1, '', '', 0, ''),
(858, 20, 0, 'L13', '', '', 'METRONIX', '', 1, '', '', 0, ''),
(859, 20, 1, 'L3,L4', '', '(11mm*13.5m', 'METRONIX', '', 1, '', '', 0, ''),
(860, 20, 1, 'L2', '', '(11mm*13.5m', 'METRONIX', '', 1, '', '', 0, ''),
(861, 20, 1, 'Q1', '', 'TO-220', 'FAIRCHILD,H', '', 1, '', '', 0, ''),
(862, 20, 1, 'R5', '1%', '1/4W CFR', 'KELTRON,WAT', '', 1, '', '', 0, ''),
(863, 20, 1, 'R6', '1%', '1/4W CFR', 'KELTRON,WAT', '', 1, '', '', 0, ''),
(864, 20, 1, 'R11', '5%', 'R1206', 'AVX,YAGEO', '', 1, '', '', 0, ''),
(865, 20, 1, 'R19,R26', '5%', '1W CFR', 'KELTRON,WAT', '', 1, '', '', 0, ''),
(866, 20, 1, 'R20', '5%', 'R1206', 'AVX,YAGEO', '', 1, '', '', 0, ''),
(867, 20, 1, 'R21', '1%', 'R1206', 'AVX,YAGEO', '', 1, '', '', 0, ''),
(868, 20, 1, 'R22', '1%', 'R1206', 'AVX,YAGEO', '', 1, '', '', 0, ''),
(869, 20, 1, 'R24', '1%', 'R1206', 'AVX,YAGEO', '', 1, '', '', 0, ''),
(870, 20, 1, 'R25', '5%', 'R1206', 'AVX,YAGEO', '', 1, '', '', 0, ''),
(871, 20, 1, 'RCS', '1%', 'R1206', 'AVX,YAGEO', '', 1, '', '', 0, ''),
(872, 20, 1, 'RCS1', '1%', 'R1206', 'AVX,YAGEO', '', 1, '', '', 0, ''),
(873, 20, 1, 'RCS1', '1%', 'R1206', 'AVX,YAGEO', '', 1, '', '', 0, ''),
(874, 20, 1, 'T1/MT-6124', '', 'TRAN_ISDN_2', 'METRONIX', '', 1, '', '', 0, ''),
(875, 20, 1, 'U1', '', 'IC_0', 'SEMTRONICS', '', 1, '', '', 0, ''),
(876, 20, 1, 'C20', '', '(10mm*17mm)', 'JACKCON/SAM', '', 1, '', '', 0, ''),
(877, 20, 1, 'R23', '5%', 'R1206', 'AVX,YAGEO', '', 1, '', '', 0, ''),
(878, 20, 1, 'D10', '', 'SMA', 'DIODE INC,H', '', 1, '', '', 0, ''),
(879, 20, 1, '', '', 'SM-STL-VER ', '', '', 1, '', '', 0, ''),
(880, 20, 1, 'HS1,HS2', '', 'PI-51', 'PI-51', '', 1, '', '', 0, ''),
(881, 20, 1, 'J1', '', 'PWR_CONN_3P', 'CON3', '', 1, '', '', 0, ''),
(882, 20, 1, 'J2', '', 'PWR_CONN_2P', 'CON2', '', 1, '', '', 0, ''),
(884, 20, 1, 'C4', '', '(10mm*23mm)', 'JACKCON/SAM', '', 1, '', '', 0, ''),
(885, 17, 4, 'D1,D2,D3,D4', '10%', 'DO-41', 'DIODE/HY/VI', '', 1, '', '', 0, ''),
(886, 17, 2, 'C2,C10', '5%', '           ', 'EPCOS', '', 1, '', '', 0, ''),
(887, 17, 1, 'C3', '5%', 'DISC 5mm pi', 'YAGEO,AVX,W', '', 1, '', '', 0, ''),
(888, 17, 1, 'C8', '10%', '(5mm*11mm)T', 'JACKCON/SAM', '', 1, '', '', 0, ''),
(889, 17, 1, 'C7', '5%', 'C1206', 'YAGEO,AVX,W', '', 1, '', '', 0, ''),
(890, 17, 1, 'C6', '5%', '4.6mm*10mm ', 'JACKCON/SAM', '', 1, '', '', 0, ''),
(891, 17, 2, 'C5,C4', '10%', '(10mm*21mm)', 'JACKCON/SAM', '', 1, '', '', 0, ''),
(892, 17, 2, 'RV1,RV2', '', '14mm(TH) 7m', 'EPCOS,UCHI', '', 1, '', '', 0, ''),
(893, 17, 1, 'C1', '10%', '(13mmL*4mmW', 'HEL,EPCOS,E', '', 1, '', '', 0, ''),
(894, 17, 0, 'C9', '', 'DISC 7.5mm ', '', '', 1, '', '', 0, ''),
(895, 17, 1, 'D7', '', 'D0-41', 'DIODE INC,H', '', 1, '', '', 0, ''),
(896, 17, 1, 'D5', '', 'D0-41', 'DIODE INC,H', '', 1, '', '', 0, ''),
(897, 17, 1, 'D6', '', 'DO-201AD 6m', 'ON SEMI ,HY', '', 1, '', '', 0, ''),
(898, 17, 1, 'F1', '', 'Pigtail typ', 'PROTECTRON,', '', 1, '', '', 0, ''),
(899, 17, 2, 'L1,L2', '5%', '(8*10)drum ', 'SEMTRONICS', '', 1, '', '', 0, ''),
(900, 17, 1, 'Q1', '', 'TO_220', 'FAIRCHILD,H', '', 1, '', '', 0, ''),
(901, 17, 2, 'R1,R2', '5%', '1/4W', 'KELTRON,WAT', '', 1, '', '', 0, ''),
(902, 17, 1, 'R7', '1%', 'R1206', 'AVX,YAGEO', '', 1, '', '', 0, ''),
(903, 17, 1, 'R3', '5%', '1/2W', 'KELTRON,WAT', '', 1, '', '', 0, ''),
(904, 17, 1, 'R6', '1%', 'R1206', 'AVX,YAGEO', '', 1, '', '', 0, ''),
(905, 17, 1, 'R11', '1%', 'R1206', 'AVX,YAGEO', '', 1, '', '', 0, ''),
(906, 17, 1, 'R12', '1%', 'R1206', 'AVX,YAGEO', '', 1, '', '', 0, ''),
(907, 17, 1, 'R5', '1%', 'R1206', 'AVX,YAGEO', '', 1, '', '', 0, ''),
(908, 17, 1, 'R4', '1%', 'R1206', 'AVX,YAGEO', '', 1, '', '', 0, ''),
(909, 17, 1, 'R8', '1%', 'R1206', 'AVX,YAGEO', '', 1, '', '', 0, ''),
(910, 17, 1, 'R9', '1%', 'R1206', 'AVX,YAGEO', '', 1, '', '', 0, ''),
(912, 17, 1, 'T1', '5%', 'AM-11020', 'METRONICS', '', 1, '', '', 0, ''),
(913, 17, 1, 'U1', '', 'SOP8', 'SEMTRONICS', '', 1, '', '', 0, ''),
(914, 17, 0, '', '', '34mm*82mm', '', '', 1, '', '', 0, ''),
(915, 17, 1, '', '', 'Plastic', 'VANSH ', '', 1, '', '', 0, ''),
(916, 17, 4, '', '', 'Chrom plate', 'Any', '', 1, '', '', 0, ''),
(917, 17, 1, '', '', 'non erasabl', 'Any', '', 1, '', '', 0, ''),
(918, 17, 1, '', '', 'non erasabl', 'Any', '', 1, '', '', 0, ''),
(919, 16, 4, 'D1,D2,D3,D4', '10%', 'DO-41', 'DIODE/HY/VI', '', 1, '', '', 0, ''),
(920, 16, 2, 'C2,C10', '5%', '           ', 'EPCOS', '', 1, '', '', 0, ''),
(921, 16, 1, 'C3', '5%', 'DISC 5mm pi', 'YAGEO,AVX,W', '', 1, '', '', 0, ''),
(922, 16, 1, 'C8', '10%', '(5mm*11mm)T', 'JACKCON/SAM', '', 1, '', '', 0, ''),
(923, 16, 1, 'C7', '5%', 'C1206', 'YAGEO,AVX,W', '', 1, '', '', 0, ''),
(924, 16, 1, 'C6', '5%', '4.6mm*10mm ', 'JACKCON/SAM', '', 1, '', '', 0, ''),
(925, 16, 2, 'C4,C5', '10%', '(10mm*21mm)', 'JACKCON/SAM', '', 1, '', '', 0, ''),
(926, 16, 2, 'RV1,RV2', '', '14mm(TH) 7m', 'EPCOS,UCHI', '', 1, '', '', 0, ''),
(927, 16, 1, 'C1', '10%', '(13mmL*4mmW', 'HEL,EPCOS,E', '', 1, '', '', 0, ''),
(928, 16, 0, 'C9', '', 'DISC 7.5mm ', '', '', 1, '', '', 0, ''),
(929, 16, 1, 'D7', '', 'D0-41', 'DIODE INC,H', '', 1, '', '', 0, ''),
(930, 16, 1, 'D5', '', 'D0-41', 'DIODE INC,H', '', 1, '', '', 0, ''),
(931, 16, 1, 'D6', '', 'DO-201AD', 'ON SEMI ,HY', '', 1, '', '', 0, ''),
(932, 16, 1, 'F1', '', 'Pigtail typ', 'PROTECTRON,', '', 1, '', '', 0, ''),
(933, 16, 2, 'L1,L2', '5%', '(8*10)drum ', 'SEMTRONICS', '', 1, '', '', 0, ''),
(934, 16, 1, 'Q1', '', 'TO_220', 'FAIRCHILD,H', '', 1, '', '', 0, ''),
(935, 16, 2, 'R1,R2', '5%', '1/4W', 'KELTRON,WAT', '', 1, '', '', 0, ''),
(936, 16, 1, 'R7', '1%', 'R1206', 'AVX,YAGEO', '', 1, '', '', 0, ''),
(937, 16, 1, 'R3', '5%', '1/2W', 'KELTRON,WAT', '', 1, '', '', 0, ''),
(938, 16, 1, 'R6', '1%', 'R1206', 'AVX,YAGEO', '', 1, '', '', 0, ''),
(939, 16, 1, 'R11', '1%', 'R1206', 'AVX,YAGEO', '', 1, '', '', 0, ''),
(940, 16, 1, 'R12', '1%', 'R1206', 'AVX,YAGEO', '', 1, '', '', 0, ''),
(941, 16, 1, 'R5', '1%', 'R1206', 'AVX,YAGEO', '', 1, '', '', 0, ''),
(942, 16, 1, 'R4', '1%', 'R1206', 'AVX,YAGEO', '', 1, '', '', 0, ''),
(943, 16, 1, 'R8', '1%', 'R1206', 'AVX,YAGEO', '', 1, '', '', 0, ''),
(944, 16, 1, 'R9', '1%', 'R1206', 'AVX,YAGEO', '', 1, '', '', 0, ''),
(946, 16, 1, 'T1', '5%', 'MT-11025', 'METRONICS', '', 1, '', '', 0, ''),
(947, 16, 1, 'U1', '', 'SOP8', 'SEMTRONICS', '', 1, '', '', 0, ''),
(948, 16, 0, '', '', '34mm*82mm', '', '', 1, '', '', 0, ''),
(949, 16, 1, 'HS1', '', '', '', '', 1, '', '', 0, ''),
(950, 16, 1, '', '', 'CZ type M3*', '', '', 1, '', '', 0, ''),
(951, 16, 1, '', '', 'Plastic', 'VANSH ', '', 1, '', '', 0, ''),
(952, 16, 4, '', '', 'Chrom plate', 'Any', '', 1, '', '', 0, ''),
(953, 16, 1, '', '', 'non erasabl', 'Any', '', 1, '', '', 0, ''),
(954, 16, 1, '', '', 'non erasabl', 'Any', '', 1, '', '', 0, ''),
(955, 15, 4, 'D1,D2,D3,D4', '10%', 'DO-41', 'DIODE/HY/VI', '', 1, '', '', 0, ''),
(956, 15, 2, 'C2,C10', '5%', '           ', 'EPCOS', '', 1, '', '', 0, ''),
(957, 15, 1, 'C3', '5%', 'DISC 5mm pi', 'YAGEO,AVX,W', '', 1, '', '', 0, ''),
(958, 15, 1, 'C8', '10%', '(5mm*11mm)T', 'JACKCON/SAM', '', 1, '', '', 0, ''),
(959, 15, 1, 'C7', '5%', 'C1206', 'YAGEO,AVX,W', '', 1, '', '', 0, ''),
(960, 15, 1, 'C6', '5%', '4.6mm*10mm ', 'JACKCON/SAM', '', 1, '', '', 0, ''),
(961, 15, 2, 'C4', '10%', '(10mm*21mm)', 'JACKCON/SAM', '', 1, '', '', 0, ''),
(962, 15, 2, 'RV1,RV2', '', '14mm(TH) 7m', 'EPCOS,UCHI', '', 1, '', '', 0, ''),
(963, 15, 1, 'C1', '10%', '(13mmL*4mmW', 'HEL,EPCOS,E', '', 1, '', '', 0, ''),
(964, 15, 0, 'C9', '', 'DISC 7.5mm ', '', '', 1, '', '', 0, ''),
(965, 15, 1, 'D7', '', 'D0-41', 'DIODE INC,H', '', 1, '', '', 0, ''),
(966, 15, 1, 'D5', '', 'D0-41', 'DIODE INC,H', '', 1, '', '', 0, ''),
(967, 15, 1, 'D6', '', 'SMA', 'ON SEMI ,HY', '', 1, '', '', 0, ''),
(968, 15, 1, 'F1', '', 'Pigtail typ', 'PROTECTRON,', '', 1, '', '', 0, ''),
(969, 15, 2, 'L1,L2', '5%', '(8*10)drum ', 'SEMTRONICS', '', 1, '', '', 0, ''),
(970, 15, 1, 'Q1', '', 'TO_220', 'FAIRCHILD,H', '', 1, '', '', 0, ''),
(971, 15, 2, 'R1,R2', '5%', '1/4W', 'KELTRON,WAT', '', 1, '', '', 0, ''),
(972, 15, 1, 'R7', '1%', 'R1206', 'AVX,YAGEO', '', 1, '', '', 0, ''),
(973, 15, 1, 'R3', '5%', '1/2W', 'KELTRON,WAT', '', 1, '', '', 0, ''),
(974, 15, 1, 'R6', '1%', 'R1206', 'AVX,YAGEO', '', 1, '', '', 0, ''),
(975, 15, 1, 'R11', '1%', 'R1206', 'AVX,YAGEO', '', 1, '', '', 0, ''),
(976, 15, 1, 'R12', '1%', 'R1206', 'AVX,YAGEO', '', 1, '', '', 0, ''),
(977, 15, 1, 'R5', '1%', 'R1206', 'AVX,YAGEO', '', 1, '', '', 0, ''),
(978, 15, 1, 'R4', '1%', 'R1206', 'AVX,YAGEO', '', 1, '', '', 0, ''),
(979, 15, 1, 'R8', '1%', 'R1206', 'AVX,YAGEO', '', 1, '', '', 0, ''),
(980, 15, 1, 'R9', '1%', 'R1206', 'AVX,YAGEO', '', 1, '', '', 0, ''),
(982, 15, 1, 'T1', '5%', 'MT-15225', 'METRONICS', '', 1, '', '', 0, ''),
(983, 15, 1, 'U1', '', 'SOP8', 'SEMTRONICS', '', 1, '', '', 0, ''),
(984, 15, 0, '', '', '34mm*82mm', '', '', 1, '', '', 0, ''),
(985, 15, 1, '', '', 'Plastic', 'VANSH ', '', 1, '', '', 0, ''),
(986, 15, 4, '', '', 'r1206', 'Any', '', 1, '', '', 0, ''),
(987, 15, 1, '', '', 'non erasabl', 'Any', '', 1, '', '', 0, ''),
(988, 15, 1, '', '', 'non erasabl', 'Any', '', 1, '', '', 0, ''),
(989, 14, 4, 'D1,D2,D3,D4', '10%', 'DO-41', 'DIODE/HY/VI', '', 1, '', '', 0, ''),
(990, 14, 2, 'C2,C10', '5%', '           ', 'EPCOS', '', 1, '', '', 0, ''),
(991, 14, 1, 'C3', '5%', 'DISC 5mm pi', 'YAGEO,AVX,W', '', 1, '', '', 0, ''),
(992, 14, 1, 'C8', '10%', '(5mm*11mm)T', 'JACKCON/SAM', '', 1, '', '', 0, ''),
(993, 14, 1, 'C7', '5%', 'C1206', 'YAGEO,AVX,W', '', 1, '', '', 0, ''),
(994, 14, 1, 'C6', '5%', '4.6mm*10mm ', 'JACKCON/SAM', '', 1, '', '', 0, ''),
(995, 14, 1, 'C5', '10%', '(10mm*21mm)', 'JACKCON/SAM', '', 1, '', '', 0, ''),
(996, 14, 2, 'RV1,RV2', '', '14mm(TH) 7m', 'EPCOS,UCHI', '', 1, '', '', 0, ''),
(997, 14, 1, 'C1', '10%', '(13mmL*4mmW', 'HEL,EPCOS,E', '', 1, '', '', 0, ''),
(998, 14, 0, 'C9', '', 'DISC 7.5mm ', '', '', 1, '', '', 0, ''),
(999, 14, 1, 'D7', '', 'D0-41', 'DIODE INC,H', '', 1, '', '', 0, ''),
(1000, 14, 1, 'D5', '', 'D0-41', 'DIODE INC,H', '', 1, '', '', 0, ''),
(1001, 14, 1, 'D6', '', 'DO-201AD', 'ON SEMI ,HY', '', 1, '', '', 0, ''),
(1002, 14, 1, 'F1', '', 'Pigtail typ', 'PROTOCON,UC', '', 1, '', '', 0, ''),
(1003, 14, 2, 'L1,L2', '5%', '(8*10)drum ', 'SEMTRONICS', '', 1, '', '', 0, ''),
(1004, 14, 1, 'Q1', '', 'TO_220', 'FAIRCHILD,H', '', 1, '', '', 0, ''),
(1005, 14, 2, 'R1,R2', '', '1/4W', 'KELTRON,WAT', '', 1, '', '', 0, ''),
(1006, 14, 1, 'R7', '1%', 'R1206', 'AVX,YAGEO', '', 1, '', '', 0, ''),
(1007, 14, 1, 'R3', '5%', '1/2W', 'KELTRON,WAT', '', 1, '', '', 0, ''),
(1008, 14, 1, 'R6', '1%', 'R1206', 'AVX,YAGEO', '', 1, '', '', 0, ''),
(1009, 14, 1, 'R11', '1%', 'R1206', 'AVX,YAGEO', '', 1, '', '', 0, ''),
(1010, 14, 1, 'R12', '1%', 'R1206', 'AVX,YAGEO', '', 1, '', '', 0, ''),
(1011, 14, 1, 'R5', '1%', 'R1206', 'AVX,YAGEO', '', 1, '', '', 0, ''),
(1012, 14, 1, 'R4', '1%', 'R1206', 'AVX,YAGEO', '', 1, '', '', 0, ''),
(1013, 14, 1, 'R8', '1%', 'R1206', 'AVX,YAGEO', '', 1, '', '', 0, ''),
(1014, 14, 1, 'R9', '1%', 'R1206', 'AVX,YAGEO', '', 1, '', '', 0, ''),
(1016, 14, 1, 'T1', '5%', 'MT-11448', 'METRONICS', '', 1, '', '', 0, ''),
(1017, 14, 1, 'U1', '', 'SOP8', 'SEMTRONICS', '', 1, '', '', 0, ''),
(1018, 14, 0, '', '', '34mm*82mm', '', '', 1, '', '', 0, ''),
(1019, 14, 1, 'HS1', '', '', '', '', 1, '', '', 0, ''),
(1020, 14, 1, '', '', 'CZ type M3*', '', '', 1, '', '', 0, ''),
(1021, 14, 1, '', '', 'Plastic', 'VANSH ', '', 1, '', '', 0, ''),
(1022, 14, 4, '', '', 'Chrom plate', 'Any', '', 1, '', '', 0, ''),
(1023, 14, 1, '', '', 'non erasabl', 'Any', '', 1, '', '', 0, ''),
(1024, 14, 1, '', '', 'non erasabl', 'Any', '', 1, '', '', 0, ''),
(1025, 13, 4, 'D1,D2,D3,D4', '10%', 'DO-41', 'DIODE/HY/VI', '', 1, '', '', 0, ''),
(1026, 13, 2, 'C2,C10', '5%', '           ', 'EPCOS', '', 1, '', '', 0, ''),
(1027, 13, 1, 'C3', '5%', 'DISC 5mm pi', 'YAGEO,AVX,W', '', 1, '', '', 0, ''),
(1028, 13, 1, 'C8', '10%', '(5mm*11mm)T', 'JACKCON/SAM', '', 1, '', '', 0, ''),
(1029, 13, 1, 'C7', '5%', 'C1206', 'YAGEO,AVX,W', '', 1, '', '', 0, ''),
(1030, 13, 1, 'C6', '5%', '4.6mm*10mm ', 'JACKCON/SAM', '', 1, '', '', 0, ''),
(1031, 13, 1, 'C5', '10%', '(10mm*21mm)', 'JACKCON/SAM', '', 1, '', '', 0, ''),
(1032, 13, 2, 'RV1,RV2', '', '14mm(TH) 7m', 'EPCOS,UCHI', '', 1, '', '', 0, ''),
(1033, 13, 1, 'C1', '10%', '(13mmL*4mmW', 'HEL,EPCOS,E', '', 1, '', '', 0, ''),
(1034, 13, 0, 'C9', '', 'DISC 7.5mm ', '', '', 1, '', '', 0, ''),
(1035, 13, 1, 'D7', '', 'D0-41', 'DIODE INC,H', '', 1, '', '', 0, ''),
(1036, 13, 1, 'D5', '', 'D0-41', 'DIODE INC,H', '', 1, '', '', 0, ''),
(1037, 13, 1, 'D6', '', 'DO-201AD', 'ON SEMI ,HY', '', 1, '', '', 0, ''),
(1038, 13, 1, 'F1', '', 'pigtail typ', 'PROTOCON,UC', '', 1, '', '', 0, ''),
(1039, 13, 2, 'L1,L2', '5%', '(8*10)drum ', 'SEMTRONICS', '', 1, '', '', 0, ''),
(1040, 13, 1, 'Q1', '', 'TO_220', 'FAIRCHILD,H', '', 1, '', '', 0, ''),
(1041, 13, 2, 'R1,R2', '', '1/4W', 'KELTRON,WAT', '', 1, '', '', 0, ''),
(1042, 13, 1, 'R7', '1%', 'R1206', 'AVX,YAGEO', '', 1, '', '', 0, ''),
(1043, 13, 1, 'R3', '5%', '1/2W', 'KELTRON,WAT', '', 1, '', '', 0, ''),
(1044, 13, 1, 'R6', '1%', 'R1206', 'AVX,YAGEO', '', 1, '', '', 0, ''),
(1045, 13, 1, 'R11', '1%', 'R1206', 'AVX,YAGEO', '', 1, '', '', 0, ''),
(1046, 13, 1, 'R12', '1%', 'R1206', 'AVX,YAGEO', '', 1, '', '', 0, ''),
(1047, 13, 1, 'R5', '1%', 'R1206', 'AVX,YAGEO', '', 1, '', '', 0, ''),
(1048, 13, 1, 'R4', '1%', 'R1206', 'AVX,YAGEO', '', 1, '', '', 0, ''),
(1049, 13, 1, 'R8', '1%', 'R1206', 'AVX,YAGEO', '', 1, '', '', 0, ''),
(1050, 13, 1, 'R9', '1%', 'R1206', 'AVX,YAGEO', '', 1, '', '', 0, ''),
(1052, 13, 1, 'T1', '5%', 'MT-11448', 'METRONICS', '', 1, '', '', 0, ''),
(1053, 13, 1, 'U1', '', 'SOP8', 'SEMTRONICS', '', 1, '', '', 0, ''),
(1054, 13, 0, '', '', '34mm*82mm', '', '', 1, '', '', 0, ''),
(1055, 13, 1, 'HS1', '', '', '', '', 1, '', '', 0, ''),
(1056, 13, 1, '', '', 'CZ type M3*', '', '', 1, '', '', 0, ''),
(1057, 13, 1, '', '', 'Plastic', 'VANSH ', '', 1, '', '', 0, ''),
(1058, 13, 4, '', '', 'Chrom plate', 'Any', '', 1, '', '', 0, ''),
(1059, 13, 1, '', '', 'non erasabl', 'Any', '', 1, '', '', 0, ''),
(1060, 13, 1, '', '', 'non erasabl', 'Any', '', 1, '', '', 0, ''),
(1061, 12, 4, 'D1,D2,D3,D4', '10%', 'DO-41', 'DIODE/HY/VI', '', 1, '', '', 0, ''),
(1062, 12, 2, 'C2,C10', '5%', '           ', 'EPCOS', '', 1, '', '', 0, ''),
(1063, 12, 1, 'C3', '5%', 'DISC 5mm pi', 'YAGEO,AVX,W', '', 1, '', '', 0, ''),
(1064, 12, 1, 'C8', '10%', '(5mm*11mm)T', 'JACKCON/SAM', '', 1, '', '', 0, ''),
(1065, 12, 1, 'C7', '5%', 'C1206', 'YAGEO,AVX,W', '', 1, '', '', 0, ''),
(1066, 12, 1, 'C6', '5%', '4.6mm*10mm ', 'JACKCON/SAM', '', 1, '', '', 0, ''),
(1067, 12, 1, 'C5', '10%', '(10mm*17mm)', 'JACKCON/SAM', '', 1, '', '', 0, ''),
(1068, 12, 2, 'RV1,RV2', '', '14mm(TH) 7m', 'EPCOS,UCHI', '', 1, '', '', 0, ''),
(1069, 12, 405, 'C1', '10%', '(13mmL*4mmW', 'HEL,EPCOS,E', '', 1, '', '', 0, ''),
(1070, 12, 0, 'C9', '', 'DISC 7.5mm ', '', '', 1, '', '', 0, ''),
(1071, 12, 1, 'D7', '', 'D0-41', 'DIODE INC,H', '', 1, '', '', 0, ''),
(1072, 12, 1, 'D5', '', 'D0-41', 'DIODE INC,H', '', 1, '', '', 0, ''),
(1073, 12, 1, 'D6', '', 'DO-201AD', 'ON SEMI ,HY', '', 1, '', '', 0, ''),
(1074, 12, 1, 'F1', '', 'Pigtail typ', 'PROTECTRON,', '', 1, '', '', 0, ''),
(1075, 12, 2, 'L1,L2', '5%', '(8*10)drum ', 'METRONICS', '', 1, '', '', 0, ''),
(1076, 12, 1, 'Q1', '', 'TO_220', 'FAIRCHILD,H', '', 1, '', '', 0, ''),
(1077, 12, 2, 'R1,R2', '5%', '1/4W', 'KELTRON,WAT', '', 1, '', '', 0, ''),
(1078, 12, 1, 'R7', '1%', 'R1206', 'AVX,YAGEO', '', 1, '', '', 0, ''),
(1079, 12, 1, 'R3', '5%', '1/2W', 'KELTRON,WAT', '', 1, '', '', 0, ''),
(1080, 12, 1, 'R6', '1%', 'R1206', 'AVX,YAGEO', '', 1, '', '', 0, ''),
(1081, 12, 1, 'R11', '1%', 'R1206', 'AVX,YAGEO', '', 1, '', '', 0, ''),
(1082, 12, 1, 'R12', '1%', 'R1206', 'AVX,YAGEO', '', 1, '', '', 0, ''),
(1083, 12, 1, 'R5', '1%', 'R1206', 'AVX,YAGEO', '', 1, '', '', 0, ''),
(1084, 12, 1, 'R4', '1%', 'R1206', 'AVX,YAGEO', '', 1, '', '', 0, ''),
(1085, 12, 1, 'R8', '1%', 'R1206', 'AVX,YAGEO', '', 1, '', '', 0, ''),
(1086, 12, 1, 'R9', '1%', 'R1206', 'AVX,YAGEO', '', 1, '', '', 0, ''),
(1088, 12, 1, 'T1', '5%', 'MT-11448', 'METRONICS', '', 1, '', '', 0, ''),
(1089, 12, 1, 'U1', '', 'SOP8', 'SEMTRONICS', '', 1, '', '', 0, ''),
(1090, 12, 0, '', '', '34mm*82mm S', '', '', 1, '', '', 0, ''),
(1091, 12, 1, 'HS1', '', '', '', '', 1, '', '', 0, ''),
(1092, 12, 1, '', '', 'CZ type M3*', '', '', 1, '', '', 0, ''),
(1093, 12, 1, '', '', 'Plastic', 'VANSH ', '', 1, '', '', 0, ''),
(1094, 12, 4, '', '', 'Chrom plate', 'Any', '', 1, '', '', 0, ''),
(1095, 12, 1, '', '', 'non erasabl', 'Any', '', 1, '', '', 0, ''),
(1096, 12, 1, '', '', 'non erasabl', 'Any', '', 1, '', '', 0, ''),
(1097, 11, 4, 'D1,D2,D3,D4', '10%', 'DO-41', 'DIODE/HY/VI', '', 1, '', '', 0, ''),
(1098, 11, 2, 'C2,C10', '5%', '           ', 'EPCOS', '', 1, '', '', 0, ''),
(1099, 11, 1, 'C3', '5%', 'DISC 5mm pi', 'YAGEO,AVX,W', '', 1, '', '', 0, ''),
(1100, 11, 1, 'C8', '10%', '(5mm*11mm)T', 'JACKCON/SAM', '', 1, '', '', 0, ''),
(1101, 11, 1, 'C7', '5%', 'C1206', 'YAGEO,AVX,W', '', 1, '', '', 0, ''),
(1102, 11, 1, 'C6', '5%', '4.6mm*10mm ', 'JACKCON/SAM', '', 1, '', '', 0, ''),
(1103, 11, 1, 'C5', '10%', '(10mm*17mm)', 'JACKCON/SAM', '', 1, '', '', 0, ''),
(1104, 11, 2, 'RV1,RV2', '', '14mm(TH) 7m', 'EPCOS,UCHI', '', 1, '', '', 0, ''),
(1105, 11, 405, 'C1', '10%', '(13mmL*4mmW', 'HEL,EPCOS,E', '', 1, '', '', 0, ''),
(1106, 11, 1, 'C9', '', 'DISC 7.5mm ', '', '', 1, '', '', 0, ''),
(1107, 11, 1, 'D7', '', 'D0-41', 'DIODE INC,H', '', 1, '', '', 0, ''),
(1108, 11, 1, 'D5', '', 'D0-41', 'DIODE INC,H', '', 1, '', '', 0, ''),
(1109, 11, 1, 'D6', '', 'DO-201AD', 'ON SEMI ,HY', '', 1, '', '', 0, ''),
(1110, 11, 1, 'F1', '', 'Pigtail typ', 'PROTECTRON,', '', 1, '', '', 0, ''),
(1111, 11, 2, 'L1,L2', '5%', '(8*10)drum ', 'METRONICS', '', 1, '', '', 0, ''),
(1112, 11, 1, 'Q1', '', 'TO_220', 'FAIRCHILD,H', '', 1, '', '', 0, ''),
(1113, 11, 2, 'R1,R2', '5%', '1/4W', 'KELTRON,WAT', '', 1, '', '', 0, ''),
(1114, 11, 1, 'R7', '1%', 'R1206', 'AVX,YAGEO', '', 1, '', '', 0, ''),
(1115, 11, 1, 'R3', '5%', '1/2W', 'KELTRON,WAT', '', 1, '', '', 0, ''),
(1116, 11, 1, 'R6', '1%', 'R1206', 'AVX,YAGEO', '', 1, '', '', 0, ''),
(1117, 11, 1, 'R11', '1%', 'R1206', 'AVX,YAGEO', '', 1, '', '', 0, ''),
(1118, 11, 1, 'R12', '1%', 'R1206', 'AVX,YAGEO', '', 1, '', '', 0, ''),
(1119, 11, 1, 'R5', '1%', 'R1206', 'AVX,YAGEO', '', 1, '', '', 0, ''),
(1120, 11, 1, 'R4', '1%', 'R1206', 'AVX,YAGEO', '', 1, '', '', 0, ''),
(1121, 11, 1, 'R8', '1%', 'R1206', 'AVX,YAGEO', '', 1, '', '', 0, ''),
(1122, 11, 1, 'R9', '1%', 'R1206', 'AVX,YAGEO', '', 1, '', '', 0, ''),
(1124, 11, 1, 'T1', '5%', 'MT-11448', 'METRONICS', '', 1, '', '', 0, ''),
(1125, 11, 1, 'U1', '', 'SOP8', 'SEMTRONICS', '', 1, '', '', 0, ''),
(1126, 11, 0, '', '', '34mm*82mm S', '', '', 1, '', '', 0, ''),
(1127, 11, 1, 'HS1', '', '', '', '', 1, '', '', 0, ''),
(1128, 11, 1, '', '', 'CZ type M3*', '', '', 1, '', '', 0, ''),
(1129, 11, 1, '', '', 'Plastic', 'VANSH ', '', 1, '', '', 0, ''),
(1130, 11, 4, '', '', 'Chrom plate', 'Any', '', 1, '', '', 0, ''),
(1131, 11, 1, '', '', 'non erasabl', 'Any', '', 1, '', '', 0, ''),
(1132, 11, 1, '', '', 'non erasabl', 'Any', '', 1, '', '', 0, ''),
(1133, 10, 4, 'D1,D2,D3,D4', '10%', 'DO-41', 'DIODE/HY/VI', '', 1, '', '', 0, ''),
(1134, 10, 1, 'C2', '5%', '           ', 'EPCOS', '', 1, '', '', 0, ''),
(1135, 10, 1, '10', '', '           ', 'EPCOS', '', 1, '', '', 0, ''),
(1136, 10, 1, 'C3', '5%', 'DISC 5mm pi', 'YAGEO,AVX,W', '', 1, '', '', 0, ''),
(1137, 10, 1, 'C8', '10%', '(5mm*11mm)T', 'JACKCON/SAM', '', 1, '', '', 0, ''),
(1138, 10, 1, 'C7', '5%', 'C1206', 'YAGEO,AVX,W', '', 1, '', '', 0, ''),
(1139, 10, 1, 'C6', '5%', '(5mm*11mm)T', 'JACKCON/SAM', '', 1, '', '', 0, ''),
(1140, 10, 406, 'C4', '10%', '(10mm*21mm)', 'JACKCON/SAM', '', 1, '', '', 0, ''),
(1141, 10, 2, 'RV1,RV2', '', '14mm(TH) 7m', 'EPCOS,UCHI', '', 1, '', '', 0, ''),
(1142, 10, 1, 'C1', '10%', '(13mmL*4mmW', 'HEL,EPCOS,E', '', 1, '', '', 0, ''),
(1143, 10, 0, 'C9', '', 'DISC 7.5mm ', '', '', 1, '', '', 0, ''),
(1144, 10, 1, 'D7', '', 'D0-41', 'DIODE INC,H', '', 1, '', '', 0, ''),
(1145, 10, 1, 'D5', '', 'D0-41', 'DIODE INC,H', '', 1, '', '', 0, ''),
(1146, 10, 1, 'D6', '', 'SMA', 'ON SEMI ,HY', '', 1, '', '', 0, ''),
(1147, 10, 1, 'F1', '', 'Pigtail typ', 'PROTECTRON,', '', 1, '', '', 0, ''),
(1148, 10, 2, 'L1,L2', '5%', '(8*10)drum ', 'SEMTRONICS', '', 1, '', '', 0, ''),
(1149, 10, 1, 'Q1', '', 'TO_220', 'FAIRCHILD,H', '', 1, '', '', 0, ''),
(1150, 10, 2, 'R1,R2', '5%', '1/4W', 'KELTRON,WAT', '', 1, '', '', 0, ''),
(1151, 10, 1, 'R7', '1%', 'R1206', 'AVX,YAGEO', '', 1, '', '', 0, ''),
(1152, 10, 1, 'R3', '5%', '1/2W', 'KELTRON,WAT', '', 1, '', '', 0, ''),
(1153, 10, 1, 'R6', '1%', 'R1206', 'AVX,YAGEO', '', 1, '', '', 0, ''),
(1154, 10, 1, 'R11', '1%', 'R1206', 'AVX,YAGEO', '', 1, '', '', 0, ''),
(1155, 10, 1, 'R12', '1%', 'R1206', 'AVX,YAGEO', '', 1, '', '', 0, ''),
(1156, 10, 1, 'R5', '1%', 'R1206', 'AVX,YAGEO', '', 1, '', '', 0, ''),
(1157, 10, 1, 'R4', '1%', 'R1206', 'AVX,YAGEO', '', 1, '', '', 0, ''),
(1158, 10, 65, 'R8', '1%', 'R1206', 'AVX,YAGEO', '', 1, '', '', 0, ''),
(1159, 10, 65, 'R9', '1%', 'R1206', 'AVX,YAGEO', '', 1, '', '', 0, ''),
(1161, 10, 1, 'T1', '5%', 'MT-15947', 'METRONICS', '', 1, '', '', 0, ''),
(1162, 10, 1, 'U1', '', 'SOP8', 'SEMTRONICS', '', 1, '', '', 0, ''),
(1163, 10, 0, '', '', '34mm*82mm', '', '', 1, '', '', 0, ''),
(1164, 10, 1, 'HS1', '', '', '', '', 1, '', '', 0, ''),
(1165, 10, 1, '', '', 'CZ type M3*', '', '', 1, '', '', 0, ''),
(1166, 10, 1, '', '', 'Plastic', 'VANSH ', '', 1, '', '', 0, ''),
(1167, 10, 4, '', '', 'Chrom plate', 'Any', '', 1, '', '', 0, ''),
(1168, 10, 1, '', '', 'non erasabl', 'Any', '', 1, '', '', 0, ''),
(1169, 10, 1, '', '', 'non erasabl', 'Any', '', 1, '', '', 0, ''),
(1170, 9, 4, 'D1,D2,D3,D4', '10%', 'DO-41', 'DIODE/HY/VI', '', 1, '', '', 0, ''),
(1171, 9, 2, 'C2,C10', '5%', '           ', 'EPCOS', '', 1, '', '', 0, ''),
(1172, 9, 1, 'C3', '5%', 'DISC 5mm pi', 'YAGEO,AVX,W', '', 1, '', '', 0, ''),
(1173, 9, 1, 'C8', '10%', '(5mm*11mm)T', 'JACKCON/SAM', '', 1, '', '', 0, ''),
(1174, 9, 1, 'C7', '5%', 'C1206 ', 'YAGEO,AVX,W', '', 1, '', '', 0, ''),
(1175, 9, 1, 'C6', '5%', '4.6mm*10mm ', 'JACKCON/SAM', '', 1, '', '', 0, ''),
(1176, 9, 1, 'C4', '10%', '(10mm*20mm)', 'JACKCON/SAM', '', 1, '', '', 0, ''),
(1177, 9, 2, 'RV1,RV2', '', '14mm(TH) 7m', 'EPCOS,UCHI', '', 1, '', '', 0, ''),
(1178, 9, 1, 'C1', '10%', '(13mmL*4mmW', 'HEL,EPCOS,E', '', 1, '', '', 0, ''),
(1179, 9, 1, 'C9', '', 'DISC 7.5mm ', '', '', 1, '', '', 0, ''),
(1180, 9, 1, 'D7', '', 'D0-41', 'DIODE INC,H', '', 1, '', '', 0, ''),
(1181, 9, 1, 'D5', '', 'D0-41', 'DIODE INC,H', '', 1, '', '', 0, ''),
(1182, 9, 1, 'D6', '', 'SMB/DO-214A', 'ON SEMI ,HY', '', 1, '', '', 0, ''),
(1183, 9, 1, 'F1', '', '(3.6mm*10mm', 'PROTECTRON', '', 1, '', '', 0, ''),
(1184, 9, 2, 'L1,L2', '5%', '(8*10)drum ', 'SEMTRONICS', '', 1, '', '', 0, ''),
(1185, 9, 1, 'Q1', '', 'TO_251', 'FAIRCHILD,H', '', 1, '', '', 0, ''),
(1186, 9, 2, 'R1,R2', '1%', '1/4W 10mm p', 'AVX,YAGEO', '', 1, '', '', 0, ''),
(1187, 9, 1, 'R7', '5%', 'R1206', 'AVX,YAGEO', '', 1, '', '', 0, ''),
(1188, 9, 1, 'R3', '5%', '1/2W 6mm pi', 'AVX,YAGEO', '', 1, '', '', 0, ''),
(1189, 9, 1, 'R6', '5%', 'R1206', 'AVX,YAGEO', '', 1, '', '', 0, ''),
(1190, 9, 1, 'R11', '1%', 'R1206', 'AVX,YAGEO', '', 1, '', '', 0, ''),
(1191, 9, 1, 'R12', '1%', 'R1206', 'AVX,YAGEO', '', 1, '', '', 0, ''),
(1192, 9, 1, 'R5', '1%', 'R1206', 'AVX,YAGEO', '', 1, '', '', 0, ''),
(1193, 9, 1, 'R4', '5%', 'R1206', 'AVX,YAGEO', '', 1, '', '', 0, ''),
(1194, 9, 1, 'R8', '1%', 'R1206', 'AVX,YAGEO', '', 1, '', '', 0, ''),
(1195, 9, 1, 'R9', '1%', 'R1206', 'AVX,YAGEO', '', 1, '', '', 0, ''),
(1197, 9, 1, 'T1', '5%', 'MT- 15947', 'METRONICS', '', 1, '', '', 0, ''),
(1198, 9, 1, 'U1', '', 'SOP8', 'SEMTRONICS', '', 1, '', '', 0, ''),
(1199, 9, 0, '', '', '34mm*82mm', '', '', 1, '', '', 0, ''),
(1200, 9, 1, 'HS1', '', '', '', '', 1, '', '', 0, ''),
(1201, 8, 4, 'D1,D2,D3,D4', '10%', 'DO-41', 'DIODE/HY/VI', '', 1, '', '', 0, ''),
(1202, 8, 2, 'C2,C10', '5%', '           ', 'EPCOS', '', 1, '', '', 0, ''),
(1203, 8, 1, 'C3', '5%', 'DISC 5mm pi', 'YAGEO,AVX,W', '', 1, '', '', 0, ''),
(1204, 8, 1, 'C8', '10%', '(5mm*11mm)T', 'JACKCON/SAM', '', 1, '', '', 0, ''),
(1205, 8, 1, 'C7', '5%', 'C1206 ', 'YAGEO,AVX,W', '', 1, '', '', 0, ''),
(1206, 8, 1, 'C6', '5%', '4.6mm*10mm ', 'JACKCON/SAM', '', 1, '', '', 0, ''),
(1207, 8, 406, 'C4', '10%', '(10mm*20mm)', 'JACKCON/SAM', '', 1, '', '', 0, ''),
(1208, 8, 2, 'RV1,RV2', '', '14mm(TH) 7m', 'EPCOS,UCHI', '', 1, '', '', 0, ''),
(1210, 8, 1, 'C9', '', 'DISC 7.5mm ', '', '', 1, '', '', 0, ''),
(1211, 8, 1, 'D7', '', 'D0-41', 'DIODE INC,H', '', 1, '', '', 0, ''),
(1212, 8, 1, 'D5', '', 'D0-41', 'DIODE INC,H', '', 1, '', '', 0, ''),
(1213, 8, 1, 'D6', '', 'SMB/DO-214A', 'ON SEMI ,HY', '', 1, '', '', 0, ''),
(1214, 8, 1, 'F1', '', '(3.6mm*10mm', 'PROTECTRON', '', 1, '', '', 0, ''),
(1215, 8, 2, 'L1,L2', '5%', '(8*10)drum ', 'SEMTRONICS', '', 1, '', '', 0, ''),
(1216, 8, 1, 'Q1', '', 'TO_251', 'FAIRCHILD,H', '', 1, '', '', 0, ''),
(1217, 8, 2, 'R1,R2', '1%', '1/4W 10mm p', 'AVX,YAGEO', '', 1, '', '', 0, ''),
(1218, 8, 1, 'R7', '5%', 'R1206', 'AVX,YAGEO', '', 1, '', '', 0, ''),
(1219, 8, 1, 'R3', '5%', '1/2W 6mm pi', 'AVX,YAGEO', '', 1, '', '', 0, ''),
(1220, 8, 1, 'R6', '5%', 'R1206', 'AVX,YAGEO', '', 1, '', '', 0, ''),
(1221, 8, 1, 'R11', '1%', 'R1206', 'AVX,YAGEO', '', 1, '', '', 0, ''),
(1222, 8, 1, 'R12', '1%', 'R1206', 'AVX,YAGEO', '', 1, '', '', 0, ''),
(1223, 8, 1, 'R5', '1%', 'R1206', 'AVX,YAGEO', '', 1, '', '', 0, ''),
(1224, 8, 1, 'R4', '5%', 'R1206', 'AVX,YAGEO', '', 1, '', '', 0, ''),
(1225, 8, 1, 'R8', '1%', 'R1206', 'AVX,YAGEO', '', 1, '', '', 0, ''),
(1226, 8, 1, 'R9', '1%', 'R1206', 'AVX,YAGEO', '', 1, '', '', 0, ''),
(1228, 8, 1, 'T1', '5%', 'MT- 15947', 'METRONICS', '', 1, '', '', 0, ''),
(1229, 8, 1, 'U1', '', 'SOP8', 'SEMTRONICS', '', 1, '', '', 0, ''),
(1230, 8, 0, '', '', '34mm*82mm', '', '', 1, '', '', 0, ''),
(1231, 8, 1, 'HS1', '', '', '', '', 1, '', '', 0, ''),
(1232, 49, 206, 'D1,D2,D3,D4', '10%', 'DO-41', 'DIODE/HY/VI', '', 1, '', '', 0, ''),
(1233, 44, 395, 'C2,C10', '5%', '           ', 'EPCOS', '', 1, '', '', 0, ''),
(1234, 44, 406, 'C4', '10%', '(10mm*20mm)', 'JACKCON/SAM', '', 1, '', '', 0, ''),
(1235, 44, 405, 'C1', '10%', '(13mmL*4mmW', 'HEL,EPCOS,E', '', 1, '', '', 0, ''),
(1236, 43, 395, 'C2,C10', '5%', '           ', 'EPCOS', '', 1, '', '', 0, ''),
(1237, 43, 406, 'C4', '10%', '(10mm*20mm)', 'JACKCON/SAM', '', 1, '', '', 0, ''),
(1238, 35, 395, 'C1,C2', '5%', '           ', 'EPCOS', '', 1, '', '', 0, ''),
(1239, 32, 395, 'C2 Epcos ', '', '(13mmL*4mmW', 'EPCOS', '', 1, '', '', 0, ''),
(1240, 32, 395, 'C1', '10%', '(13mmL*4mmW', 'EPCOS', '', 1, '', '', 0, ''),
(1241, 32, 217, 'D2', '', 'DO-41', 'DIODE INC,H', '', 1, '', '', 0, ''),
(1242, 33, 395, 'C2,C10', '5%', '           ', 'EPCOS', '', 1, '', '', 0, ''),
(1243, 33, 77, 'R9', '1%', 'R1206', 'AVX,YAGEO', '', 1, '', '', 0, ''),
(1244, 30, 406, 'C5', '10%', '(10mm*21mm)', 'JACKCON/SAM', '', 1, '', '', 0, ''),
(1245, 26, 193, 'R14', '', 'Galaxy,Ruby', '', '', 1, '', '', 0, ''),
(1246, 24, 794, 'T1', '5%', 'MT-12961', 'METRONICS', '', 1, '', '', 0, ''),
(1247, 23, 406, 'C5', '10%', '(10mm*21mm)', 'JACKCON/SAM', '', 1, '', '', 0, ''),
(1248, 23, 398, 'C1', '10%', '(13mmL*4mmW', 'HEL,EPCOS,E', '', 1, '', '', 0, ''),
(1249, 23, 77, 'R9', '1%', 'R1206', 'AVX,YAGEO', '', 1, '', '', 0, ''),
(1250, 22, 406, 'C5,C4', '10%', '(10mm*21mm)', 'JACKCON/SAM', '', 1, '', '', 0, ''),
(1251, 22, 795, 'T1', '5%', 'AM-709', 'METRONICS', '', 1, '', '', 0, '');

-- --------------------------------------------------------

--
-- Table structure for table `products`
--

CREATE TABLE IF NOT EXISTS `products` (
  `id` int(30) NOT NULL AUTO_INCREMENT,
  `productcode` varchar(50) NOT NULL,
  `ranges` int(30) NOT NULL,
  PRIMARY KEY (`id`)
) ENGINE=InnoDB  DEFAULT CHARSET=latin1 AUTO_INCREMENT=68 ;

--
-- Dumping data for table `products`
--

INSERT INTO `products` (`id`, `productcode`, `ranges`) VALUES
(1, 'SBAA11', 101),
(2, 'SBAD13', 300),
(6, 'SBED13', 300),
(7, 'SBEE13', 300),
(8, 'SBEE23', 300),
(9, 'SDGF23', 300),
(10, 'SDGF23A', 350),
(11, 'SDGF33', 300),
(12, 'SDGF33A', 350),
(13, 'SDGF43', 300),
(14, 'SDGF43A', 350),
(15, 'SDGF34', 450),
(16, 'SDGF44', 480),
(17, 'SDGF46', 600),
(20, 'SSGF87', 700),
(21, 'SSGF67', 700),
(22, 'SDGF411', 1200),
(23, 'SDGF27', 700),
(24, 'SDGF32', 240),
(25, 'STBA42', 240),
(26, 'STBA44', 480),
(27, 'SSGF210', 1000),
(28, 'SDGF34A', 425),
(29, 'SDGF35', 510),
(30, 'SDGF36', 600),
(31, 'SDGF67', 700),
(32, 'SSGF107', 700),
(33, 'SDGF42', 240),
(34, 'SDGF42A', 250),
(35, 'SDGF53', 300),
(36, 'SSGF69', 900),
(37, 'SSGF710', 1000),
(38, 'SDGF32A', 280),
(39, 'SDGF44A', 415),
(41, 'SDGF44B', 450),
(42, 'SDGF46A', 640),
(43, 'SDGF26', 630),
(44, 'SDGF36A', 630),
(45, 'SDGF46B', 630),
(46, 'SDGF56', 630),
(47, 'SBFE13', 300),
(48, 'SBFE23', 300),
(49, 'SDGG43', 350),
(50, 'SDGG23', 300),
(51, 'SDGG33', 350),
(52, 'SBCB22', 210),
(53, 'STCB43', 320),
(54, 'STCB42', 220),
(55, 'SDCB43', 350),
(56, 'SDCB33', 350),
(57, 'SDCB23', 300),
(58, 'SDCB23-A', 350),
(59, 'SBGG33', 350),
(60, 'SBCC11', 20),
(61, 'SBCC21', 20),
(62, 'STCB43-A', 370),
(63, 'STGF43', 330),
(64, 'STGF44', 410),
(65, 'SSGF33', 350),
(66, 'SSGF43', 300),
(67, 'SSGF1010', 1050);

-- --------------------------------------------------------

--
-- Table structure for table `product_categories`
--

CREATE TABLE IF NOT EXISTS `product_categories` (
  `id` int(11) NOT NULL AUTO_INCREMENT,
  `productcategory` varchar(20) NOT NULL,
  PRIMARY KEY (`id`)
) ENGINE=InnoDB DEFAULT CHARSET=latin1 AUTO_INCREMENT=1 ;

-- --------------------------------------------------------

--
-- Table structure for table `product_category`
--

CREATE TABLE IF NOT EXISTS `product_category` (
  `id` int(11) NOT NULL AUTO_INCREMENT,
  `name` varchar(20) NOT NULL,
  PRIMARY KEY (`id`)
) ENGINE=InnoDB  DEFAULT CHARSET=latin1 AUTO_INCREMENT=4 ;

--
-- Dumping data for table `product_category`
--

INSERT INTO `product_category` (`id`, `name`) VALUES
(1, 'DRIVERS'),
(2, 'LUMINOUS'),
(3, 'Testa');

-- --------------------------------------------------------

--
-- Table structure for table `product_subcategory`
--

CREATE TABLE IF NOT EXISTS `product_subcategory` (
  `id` int(11) NOT NULL AUTO_INCREMENT,
  `category_id` int(11) NOT NULL,
  `name` varchar(20) NOT NULL,
  `prefix` varchar(10) NOT NULL,
  PRIMARY KEY (`id`),
  KEY `category_id` (`category_id`)
) ENGINE=InnoDB  DEFAULT CHARSET=latin1 AUTO_INCREMENT=10 ;

--
-- Dumping data for table `product_subcategory`
--

INSERT INTO `product_subcategory` (`id`, `category_id`, `name`, `prefix`) VALUES
(1, 1, 'AC NON ISO', '300'),
(2, 1, 'AC ISO', '310'),
(3, 1, 'DC DRIVER', '320'),
(4, 1, 'PROTECTION DEVICE', '330'),
(5, 2, 'BULBS', '100'),
(6, 2, 'SPOTLIGHT', '131'),
(7, 2, 'DOWNLIGHT', '130'),
(8, 2, 'TUBELIGHT', '120'),
(9, 2, 'BATTENS', '121');

-- --------------------------------------------------------

--
-- Table structure for table `rawmaterial`
--

CREATE TABLE IF NOT EXISTS `rawmaterial` (
  `id` bigint(20) NOT NULL AUTO_INCREMENT,
  `materialcode` varchar(20) NOT NULL,
  `categorynumber` varchar(10) NOT NULL,
  `categoryid` int(11) NOT NULL,
  `partnumber` varchar(20) NOT NULL,
  `description` text NOT NULL,
  `tax` varchar(25) NOT NULL,
  `minquantity` bigint(20) NOT NULL,
  `bom_category` int(11) NOT NULL,
  PRIMARY KEY (`id`),
  KEY `categoryid` (`categoryid`),
  KEY `bom_category` (`bom_category`)
) ENGINE=InnoDB  DEFAULT CHARSET=latin1 AUTO_INCREMENT=960 ;

--
-- Dumping data for table `rawmaterial`
--

INSERT INTO `rawmaterial` (`id`, `materialcode`, `categorynumber`, `categoryid`, `partnumber`, `description`, `tax`, `minquantity`, `bom_category`) VALUES
(1, 'RS01001', 'VN0089RS01', 1, '33K/0603/5%', '33K/0603/5%  SMD RESISTER', '2', 100, 1),
(2, 'RS01003', 'VN0089RS01', 1, '432E/0603/1%', '432E/0603/1% SMD RESISTER', '2', 100, 1),
(3, 'RS01004', 'VN0089RS01', 1, '200K/0603/1%', ' 200K/0603/1% SMD RESISTER', '2', 100, 1),
(4, 'RS01005', 'VN0089RS01', 1, '10E/0603/1%', '10E/0603/1% SMD RESISTER', '2', 100, 1),
(5, 'RS01007', 'VN0089RS01', 1, '100K/0603/1%', '100K/0603/1% SMD RESISTER', '2', 100, 1),
(6, 'RS01009', 'VN0089RS01', 1, '0E/0805 / ', '0E/0805 / \r\nSMD RESISTER', '2', 100, 1),
(7, 'RS01010', 'VN0089RS01', 1, '1E/1206/1%', '1E/1206/1%\r\n SMD RESISTER', '2', 100, 1),
(8, 'RS01011', 'VN0089RS01', 1, '330E/1206/1%', '330E/1206/1% SMD RESISTER', '2', 100, 1),
(9, 'RS01013', 'VN0089RS01', 1, '9.53K/0805/1%', '9.53K/0805/1% SMD RESISTER', '2', 100, 1),
(10, 'RS01014', 'VN0089RS01', 1, '68.1K/0805/1%', '68.1K/0805/1% SMD RESISTER', '2', 100, 1),
(11, 'RS01015', 'VN0089RS01', 1, '15K/1206/1%', ' 15K/1206/1% SMD RESISTER', '2', 100, 1),
(12, 'RS01017', 'VN0089RS01', 1, '332K/1206/1%', '332K/1206/1% SMD RESISTER', '2', 100, 1),
(13, 'RS01018', 'VN0089RS01', 1, '7.5K/1206/1%', '7.5K/1206/1% SMD RESISTER', '2', 100, 1),
(14, 'RS01022', 'VN0089RS01', 1, '100R/0805/1%', '100R/0805/1%  SMD RESISTER', '2', 100, 1),
(15, 'RS01023', 'VN0089RS01', 1, '10K/0603/1%', '10K/0603/1 % SMD RESISTOR', '2', 100, 1),
(16, 'RS01024', 'VN0089RS01', 1, '1M/0805/1%', '1M/0805/1%\r\nSMD RESISTOR', '2', 100, 1),
(17, 'RS01026', 'VN0089RS01', 1, '10K/1206/1%', '10K/1206/1%\r\nSMD RESISTOR', '2', 100, 1),
(18, 'RS01027', 'VN0089RS01', 1, '49.9K/0603/1%', '49.9K/0603/1% SMD RESISTORE', '2', 100, 1),
(19, 'RS01028', 'VN0089RS01', 1, '390E/0603/1%', '390E/0603/1% SMD RESISTORE', '2', 100, 1),
(20, 'RS01029', 'VN0089RS01', 1, '150R/1206/1%', '150R/1206/1% SMD RESISTORE', '2', 100, 1),
(21, 'RS01030', 'VN0089RS01', 1, '430R/0603/1%', '430R/0603/1%\r\nSMD RESISTOR', '2', 100, 1),
(22, 'RS01031', 'VN0089RS01', 1, '510K/0603/1%', '510K/0603/1% SMD RESISTORE', '2', 100, 1),
(23, 'RS01032', 'VN0089RS01', 1, '1.5K/0805/1%', '1.5K/0805/1% SMD RESISTORE', '2', 100, 1),
(24, 'RS01033', 'VN0089RS01', 1, '100K/0805/1%', '100K/0805/1%\r\n SMD RESISTORE', '2', 100, 1),
(25, 'RS01036', 'VN0089RS01', 1, '1.8MEG/0805/1%', '1.8MEG/0805/1% SMD RESISTORE', '2', 100, 1),
(26, 'RS01037', 'VN0089RS01', 1, '0R/0603/1%', '0R/0603/1%\r\nSMD RESISTOR', '2', 100, 1),
(27, 'RS01038', 'VN0089RS01', 1, '3K/1206/1%', '3K/1206/1%\r\nSMD RESISTOR', '2', 100, 1),
(28, 'RS01040', 'VN0089RS01', 1, '68.1K/1206/1%', '68.1K/1206/1%\r\n SMD RESISTORE', '2', 100, 1),
(29, 'RS01041', 'VN0089RS01', 1, '150K/0603/1%', '150K/0603/1%\r\n SMD RESISTORE', '2', 100, 1),
(30, 'RS01044', 'VN0089RS01', 1, '240K/0805/1%', '240K/0805/1%\r\n SMD RESISTORE', '2', 100, 1),
(31, 'RS01052', 'VN0089RS01', 1, '1UF/0805/20% 50V', '1UF/0805/20% 50 V\r\n SMD RESISTORE', '2', 100, 1),
(32, 'RS01088', 'VN0089RS01', 1, '10R/0603/1%', '10R/0603/1%\r\n SMD RESISTORE', '2', 100, 1),
(33, 'RS01092', 'VN0089RS01', 1, '430E/0603/1%', '430E/0603/1%\r\n SMD RESISTOR', '2', 100, 1),
(34, 'RS01094', 'VN0009RS01', 1, '100PF/0805/5%', '100PF/0805/5%\r\nSMD RESISTORE', '2', 100, 1),
(35, 'RS01104', 'VN0089RS01', 1, '1UF/0805/25v', '1UF/0805/25v\r\nSMD RESISTORE', '2', 100, 1),
(36, 'RS01117', 'VN0089RS01', 1, '100E/0805/1%', '100E/0805/1%\r\n RESISTOR', '2', 100, 1),
(37, 'RS01128', 'VN0089RS01', 1, '1.8MEG/0805/1%', '1.8MEG/0805/1% RESISTOR', '2', 100, 1),
(38, 'RS01147', 'VN0089RS01', 1, '40K2/0603/1%', '40K2/0603/1% RESISTORS', '2', 100, 1),
(39, 'RS01148', 'VN0089RS01', 1, '3K09/0603/1%', '3K09/0603/1% RESISTORS', '2', 100, 1),
(40, 'RS01149', 'VN0089RS01', 1, '2K/0603/1%', '2K/0603/1% RESISTORS', '2', 100, 1),
(41, 'RS01150', 'VN0089RS01', 1, '22E/0805/1%', '22E/0805/1% RESISTORS', '2', 100, 1),
(42, 'RS01151', 'VN0089RS01', 1, '169K/0603/1%', '169K/0603/1% RESISTORS', '2', 100, 1),
(43, 'RS01152', 'VN0089RS01', 1, '200K/2512/5%', '200K/2512/5% RESISTORS', '2', 100, 1),
(44, 'RS01154', 'VN0089RS01', 1, '16.9K/0603/1%', '16.9K/0603/1% RESISTORS', '2', 100, 1),
(45, 'RS01161', 'VN0089RS01', 1, 'CERMET PRESET 10K', 'CERMET PRESET 10K\r\nPRESET', '2', 100, 1),
(46, 'RS01162', 'VN0089RS01', 1, '100E/25W WIRE WOUND', '100E/25W WIRE WOUND RESISTOR \r\n', '2', 100, 1),
(47, 'RS01163', 'VN0089RS01', 1, '350E/50W WIRE WOUND', '350E/50W WIRE WOUND RESISTOR \r\n', '2', 100, 1),
(48, 'RS01166', 'VN0089RS01', 1, '39K/0805/1%', '39K/0805/1% RESISTOR', '2', 100, 1),
(49, 'RS01167', 'VN0089RS01', 1, '182K/0805/1%', '182K/0805/1%\r\nRESISTOR', '2', 100, 1),
(50, 'RS01168', 'VN0089RS01', 1, '62.5K/0805/1%', '62.5K/0805/1%\r\nRESISTOR', '2', 100, 1),
(51, 'RS01169', 'VN0089RS01', 1, '154K/0805/1%', '154K/0805/1%\r\nRESISTOR', '2', 100, 1),
(52, 'RS01171', 'VN0089RS01', 1, '82K/ 2W 5% CFR', '82K/ 2W 5% CFR\r\nRESISTOR', '2', 100, 1),
(53, 'RS01172', 'VN0089RS01', 1, 'OE/1206/5%', 'OE/1206/5%\r\nRESISTOR', '2', 100, 1),
(54, 'RS01174', 'VN0089RS01', 1, '49.9K/1206/1%', '49.9K/1206/1% (50K)RESISTOR', '2', 100, 1),
(55, 'RS01175', 'VN0089RS01', 1, '510K/1206/1%', '510K/1206/1%\r\nRESISTOR', '2', 100, 1),
(56, 'RS01176', 'VN0089RS01', 1, '10E/1206/1%', '10E/1206/1%\r\nRESISTOR', '2', 100, 1),
(57, 'RS01177', 'VN0089RS01', 1, '174K/1206/1%', '174K/1206/1%\r\nRESISTOR', '2', 100, 1),
(58, 'RS01178', 'VN0089RS01', 1, '430E/1206/1%', '430E/1206/1%\r\nRESISTOR', '2', 100, 1),
(59, 'RS01179', 'VN0089RS01', 1, '1E/1/2 W Metal Oxide', '1E/1/2 W Metal Oxide\r\nRESISTOR', '2', 100, 1),
(60, 'RS01180', 'VN0089RS01', 1, '15E/0805/1%', '15E/0805/1%\r\nRESISTOR', '2', 100, 1),
(61, 'RS01181', 'VN0089RS01', 1, '150K/1/2 W/5%  CF', '150K/1/2 Wt/5%  CFR\r\nRESISTOR', '2', 100, 1),
(62, 'RS01182', 'VN0089RS01', 1, '120K/1206/1%', '120K/1206/1%\r\nRESISTOR', '2', 100, 1),
(63, 'RS01183', 'VN0089RS01', 1, '56K/1206/1%', '56K/1206/1%\r\nRESISTOR', '2', 100, 1),
(64, 'RS01184', 'VN0089RS01', 1, '1R4/1206/1%', '1R4/1206/1%\r\nRESISTOR', '2', 100, 1),
(65, 'RS01185', 'VN0089RS01', 1, '1R69/1206/1%', '1R69/1206/1%\r\nRESISTOR', '2', 100, 1),
(66, 'RS01187', 'VN0089RS01', 1, '2M/1/4 W/5% CFR', '2M/1/4 W/5% CFR\r\nRESISTOR', '2', 100, 1),
(67, 'RS01188', 'VN0089RS01', 1, '68E/1206/1%', '68E/1206/1% RESISTOR', '2', 100, 1),
(68, 'RS01189', 'VN0089RS01', 1, '51K/1206/1%', '51K/1206/1%\r\nRESISTOR', '2', 100, 1),
(69, 'RS01190', 'VN0089RS01', 1, '150K/1206/1%', '150K/1206/1%\r\nRESISTOR', '2', 100, 1),
(70, 'RS01191', 'VN0089RS01', 1, '1M/1206/1%', '1M/1206/1%\r\nRESISTOR', '2', 100, 1),
(71, 'RS01192', 'VN0089RS01', 1, '20K/0805/1%', '20K/0805/1%\r\nRESISTOR', '2', 100, 1),
(72, 'RS01193', 'VN0089RS01', 1, '12E/0805/1%', '12E/0805/1%\r\nRESISTOR', '2', 100, 1),
(73, 'RS01194', 'VN0089RS01', 1, '82K/1206/1%', '82K/1206/1%\r\nRESISTOR', '2', 100, 1),
(74, 'RS01195', 'VN0089RS01', 1, '68K/1206/1%', '68K/1206/1%\r\nRESISTOR', '2', 100, 1),
(75, 'RS01196', 'VN0089RS01', 1, '47E/10W  Wire Wound', '47E/10W  Wire Wound\r\nResistor', '2', 100, 1),
(76, 'RS01197', 'VN0089RS01', 1, '20E/0603/1%', '20E/0603/1%\r\nRESISTOR', '2', 100, 1),
(77, 'RS01198', 'VN0089RS01', 1, '1.6E/1206/1%', '1.6E/1206/1%\r\nRESISTOR', '2', 100, 1),
(78, 'RS01199', 'VN0089RS01', 1, '120K/1/2 W/5% CFR', '120K/1/2 W/5% CFR\r\nRESISTOR', '2', 100, 1),
(79, 'RS01200', 'VN0089RS01', 1, '62K/1206/1%', '62K/1206/1%\r\nRESISTOR', '2', 100, 1),
(80, 'RS01201', 'VN0089RS01', 1, '2E/0805/1%', '2E/0805/1%\r\nRESISTOR', '2', 100, 1),
(81, 'RS01202', 'VN0089RS01', 1, '1E/0805/1%', '1E/0805/1%\r\nRESISTOR', '2', 100, 1),
(82, 'RS01203', 'VN0089RS01', 1, '390K/1/4 W/1% MFR', '390K/1/4 W/1% MFR\r\nRESISTOR', '2', 100, 1),
(83, 'RS01204', 'VN0089RS01', 1, '1M/1/4 W/5% CFR', '1M/1/4 W/5% CFR\r\nRESISTOR', '2', 100, 1),
(84, 'RS01205', 'VN0089RS01', 1, '2M2/0.25W MFR 1%', '2M2/0.25W MFR 1%\r\nRESISTOR', '2', 100, 1),
(85, 'RS01206', 'VN0089RS01', 1, '150K/1W/5%', '150K/1W/5%\r\nRESISTOR', '2', 100, 1),
(86, 'RS01207', 'VN0089RS01', 1, '1.91E/1206/1%', '1.91E/1206/1%\r\nRESISTOR', '2', 100, 1),
(87, 'RS01208', 'VN0089RS01', 1, '43K/1206/1%', '43K/1206/1%\r\nRESISTOR', '2', 100, 1),
(88, 'RS01209', 'VN0089RS01', 1, '49.9K/1206/1%', '49.9K/1206/1%\r\nRESISTOR', '2', 100, 1),
(89, 'RS01210', 'VN0089RS01', 1, '1.2E/1206/1%', '1.2E/1206/1%\r\nRESISTOR', '2', 100, 1),
(90, 'RS01211', 'VN0089RS01', 1, '1R2 /1206 /1%', '1R2 /1206 /1%\r\nRESISTOR', '2', 100, 1),
(91, 'RS01212', 'VN0089RS01', 1, '82.5K/1206/1%', '82.5K/1206/1%\r\nRESISTOR', '2', 100, 1),
(92, 'RS01213', 'VN0089RS01', 1, '27E/1206/1%', '27E/1206/1%\r\nRESISTOR', '2', 100, 1),
(93, 'RS01214', 'VN0089RS01', 1, '0.56E/1206/1%', '0.56E/1206/1%\r\nRESISTOR', '2', 100, 1),
(94, 'RS01215', 'VN0089RS01', 1, '2.2E/0805/1%', '2.2E/0805/1%\r\nRESISTOR', '2', 100, 1),
(95, 'RS01217', 'VN0089RS01', 1, '2.15E/0805/1%', '2.15E/0805/1%\r\nRESISTOR', '2', 100, 1),
(96, 'RS01218', 'VN0089RS01', 1, '2.49E/0805/1%', '2.49E/0805/1%\r\nRESISTOR', '2', 100, 1),
(97, 'RS01219', 'VN0089RS01', 1, '3.3E/0805/1%', '3.3E/0805/1%\r\nRESISTOR', '2', 100, 1),
(98, 'RS01220', 'VN0089RS01', 1, '3.9E/0805/1%', '3.9E/0805/1%\r\nRESISTOR', '2', 100, 1),
(99, 'RS01221', 'VN0089RS01', 1, '3.6E/0805/1%', '3.6E/0805/1%\r\nRESISTOR', '2', 100, 1),
(100, 'RS01222', 'VN0089RS01', 1, '3.16E/0805/1%', '3.16E/0805/1%\r\nRESISTOR', '2', 100, 1),
(101, 'RS01223', 'VN0089RS01', 1, '4.3E/0805/1%', '4.3E/0805/1%\r\nRESISTOR', '2', 100, 1),
(102, 'RS01224', 'VN0089RS01', 1, '4.7E/0805/1%', '4.7E/0805/1%\r\nRESISTOR', '2', 100, 1),
(103, 'RS01225', 'VN0089RS01', 1, '4.64/0805/1%', '4.64/0805/1%\r\nRESISTOR', '2', 100, 1),
(104, 'RS01226', 'VN0089RS01', 1, '4.99E/0805/1%', '4.99E/0805/1%\r\nRESISTOR', '2', 100, 1),
(105, 'RS01227', 'VN0089RS01', 1, '5.6E/0805/1%', '5.6E/0805/1%\r\nRESISTOR', '2', 100, 1),
(106, 'RS01228', 'VN0089RS01', 1, '5.1E/0805/1%', '5.1E/0805/1%\r\nRESISTOR', '2', 100, 1),
(107, 'RS01229', 'VN0089RS01', 1, '5.11E/0805/1%', '5.11E/0805/1%\r\nRESISTOR', '2', 100, 1),
(108, 'RS01230', 'VN0089RS01', 1, '5.49E/0805/1%', '5.49E/0805/1%\r\nRESISTOR', '2', 100, 1),
(109, 'RS01231', 'VN0089RS01', 1, '6.2E/0805/1%', '6.2E/0805/1%\r\nRESISTOR', '2', 100, 1),
(110, 'RS01232', 'VN0089RS01', 1, '6.8E/0805/1%', '6.8E/0805/1%\r\nRESISTOR', '2', 100, 1),
(111, 'RS01233', 'VN0089RS01', 1, '6.19E/0805/1%', '6.19E/0805/1%\r\nRESISTOR', '2', 100, 1),
(112, 'RS01234', 'VN0089RS01', 1, '7.5E/0805/1%', '7.5E/0805/1%\r\nRESISTOR', '2', 100, 1),
(113, 'RS01235', 'VN0089RS01', 1, '8.2E/0805/1%', '8.2E/0805/1%\r\nRESISTOR', '2', 100, 1),
(114, 'RS01236', 'VN0089RS01', 1, '8.6E/0805/1%', '8.6E/0805/1%\r\nRESISTOR', '2', 100, 1),
(115, 'RS01237', 'VN0089RS01', 1, '8.45E/0805/1%', '8.45E/0805/1%\r\nRESISTOR', '2', 100, 1),
(116, 'RS01238', 'VN0089RS01', 1, '9.1E/0805/1%', '9.1E/0805/1%  RESISTOR', '2', 100, 1),
(117, 'RS01239', 'VN0089RS01', 1, '470K/1/4W/1% MFR', '470K/1/4W/1% MFR\r\nRESISTOR', '2', 100, 1),
(118, 'RS01240', 'VN0089RS01', 1, '27K/1/4W/5% CFR ', '27K/1/4W/5% CFR \r\nRESISTOR', '2', 100, 1),
(119, 'RS01241', 'VN0089RS01', 1, '560K/1/4W/1% MFR', '560K/1/4W/1% MFR\r\nRESISTOR', '2', 100, 1),
(120, 'RS01242', 'VN0089RS01', 1, '1K/1206/1%', '1K/1206/1%\r\nRESISTOR', '2', 100, 1),
(121, 'RS01243', 'VN0089RS01', 1, '47.5K/1206/1%', '47.5K/1206/1%\r\nRESISTOR', '2', 100, 1),
(122, 'RS01244', 'VN0089RS01', 1, '2E/1206/1%', '2E/1206/1%\r\nRESISTOR', '2', 100, 1),
(123, 'RS01245', 'VN0089RS01', 1, '100K/2W/5% CFR', '100K/2W/5% CFR\r\nRESISTOR', '2', 100, 1),
(124, 'RS01246', 'VN0089RS01', 1, '390K/1206/1%', '390K/1206/1%\r\nRESISTOR', '2', 100, 1),
(125, 'RS01247', 'VN0089RS01', 1, '20k/1206/1%', '20k/1206/1%\r\nRESISTOR', '2', 100, 1),
(126, 'RS01248', 'VN0089RS01', 1, '47K/1206/1%', '47K/1206/1% RESISTOR', '2', 100, 1),
(127, 'RS01249', 'VN0089RS01', 1, '2.4E/1206/1%', '2.4E/1206/1%\r\nRESISTOR', '2', 100, 1),
(128, 'RS01250', 'VN0089RS01', 1, '332K/0603/1%', '332K/0603/1%\r\nRESISTOR', '2', 100, 1),
(129, 'RS01251', 'VN0089RS01', 1, '680E/1206/1%', '680E/1206/1%\r\nRESISTOR', '2', 100, 1),
(130, 'RS01252', 'VN0089RS01', 1, '1.8E/0805/1%', '1.8E/0805/1%\r\nRESISTOR', '2', 100, 1),
(131, 'RS01253', 'VN0089RS01', 1, '10E/1W/5% CFR ', '10E/1W/5% CFR \r\nRESISTOR', '2', 100, 1),
(132, 'RS01254', 'VN0089RS01', 1, '100K/1206/1%', '100K/1206/1%\r\nRESISTOR', '2', 100, 1),
(133, 'RS01255', 'VN0089RS01', 1, '120E/25W MSRW', '120E/25W MSRW\r\nMEGA WIREWOUND RESISTORS', '2', 100, 1),
(134, 'RS01256', 'VN0089RS01', 1, '166E/25W MSRW ', '166E/25W MSRW \r\nMEGA WIREWOUND RESISTORS', '2', 100, 1),
(135, 'RS01257', 'VN0089RS01', 1, '400E/20W MSRW ', '400E/20W MSRW \r\nMEGA WIREWOUND RESISTORS', '2', 100, 1),
(136, 'RS01258', 'VN0089RS01', 1, '390E/30W MSRW', '390E/30W MSRW\r\nMEGA WIREWOUND RESISTORS', '2', 100, 1),
(137, 'RS01259', 'VN0089RS01', 1, '94E/20W MSRW', '94E/20W MSRW\r\nMEGA WIREWOUND RESISTORS', '2', 100, 1),
(138, 'RS01260', 'VN0089RS01', 1, '142E/20W MSRW', '142E/20W MSRW\r\nMEGA WIREWOUND RESISTORS', '2', 100, 1),
(139, 'RS01261', 'VN0089RS01', 1, '185E/20W MSRW', '185E/20W MSRW\r\nMEGA WIREWOUND RESISTORS', '2', 100, 1),
(140, 'RS01262', 'VN0089RS01', 1, '67E/20W MSRW', '67E/20W MSRW\r\nMEGA WIREWOUND RESISTORS', '2', 100, 1),
(141, 'RS01263', 'VN0089RS01', 1, '80E/20W MSRW ', '80E/20W MSRW \r\nMEGA WIREWOUND RESISTORS', '2', 100, 1),
(142, 'RS01264', 'VN0089RS01', 1, '62E/20W MSRW', '62E/20W MSRW\r\nMEGA WIREWOUND RESISTORS', '2', 100, 1),
(143, 'RS01265', 'VN0089RS01', 1, '114E/20W MSRW', '114E/20W MSRW\r\nMEGA WIREWOUND RESISTORS', '2', 100, 1),
(144, 'RS01266', 'VN0089RS01', 1, '27E/10W MSRW', '27E/10W MSRW\r\nMEGA WIREWOUND RESISTORS', '2', 100, 1),
(145, 'RS01267', 'VN0089RS01', 1, '400E/120W MSRW', '400E/120W MSRW\r\nMEGA WIREWOUND RESISTORS', '2', 100, 1),
(146, 'RS01268', 'VN0089RS01', 1, '65E/30W MSRW', '65E/30W MSRW\r\nMEGA WIREWOUND RESISTORS', '2', 100, 1),
(147, 'RS01269', 'VN0089RS01', 1, '200E/25W MSRW', '200E/25W MSRW\r\nMEGA WIREWOUND RESISTORS', '2', 100, 1),
(148, 'RS01270', 'VN0089RS01', 1, '510K/0805/1%', '510K/0805/1%\r\nSMD RESISTOR', '2', 100, 1),
(149, 'RS01271', 'VN0089RS01', 1, '24.9K/1206/1%', '24.9K/1206/1%\r\nSMD RESISTOR', '2', 100, 1),
(150, 'RS01272', 'VN0089RS01', 1, '20E/1206/1%', '20E/1206/1%\r\nSMD RESISTOR', '2', 100, 1),
(151, 'RS01273', 'VN0089RS01', 1, '330E/0805/1%', '330E/0805/1%\r\nSMD RESISTOR', '2', 100, 1),
(152, 'RS01274', 'VN0089RS01', 1, '20E/0805/1%', '20E/0805/1%\r\nSMD RESISTOR', '2', 100, 1),
(153, 'RS01275', 'VN0089RS01', 1, '1.5E/1206/1%', '1.5E/1206/1%\r\nSMD RESISTOR', '2', 100, 1),
(154, 'RS01276', 'VN0089RS01', 1, '332K/0805/1%', '332K/0805/1%\r\nSMD RESISTOR', '2', 100, 1),
(155, 'RS01277', 'VN0089RS01', 1, '50K/0805/1%', '50K/0805/1%\r\nSMD RESISTOR', '2', 100, 1),
(156, 'RS01278', 'VN0089RS01', 1, '680K/0603/1%', '680K/0603/1%\r\nSMD RESISTOR', '2', 100, 1),
(157, 'RS01279', 'VN0009RS01', 1, '174K/0603/1%(170K)', '174K/0603/1%(170K)\r\nSMD RESISTOR', '2', 100, 1),
(158, 'RS01280', 'VN0089RS01', 1, '1K/0603/1%', '1K/0603/1%\r\nSMD RESISTOR', '2', 100, 1),
(159, 'RS01281', 'VN0009RS01', 1, '0.68E/1206/1%', '0.68E/1206/1%\r\nSMD RESISTOR', '2', 100, 1),
(160, 'RS01282', 'VN0089RS01', 1, '680K/1206/ 1%', '680K/1206/ 1%\r\nSMD RESISTOR', '2', 100, 1),
(161, 'RS01283', 'VN0089RS01', 1, '110K/1206/1%', '110K/1206/1%\r\nSMD RESISTOR', '2', 100, 1),
(162, 'RS01284', 'VN0089RS01', 1, '68E/0805 /1%', '68E/0805 /1%\r\nSMD RESISTOR', '2', 100, 1),
(163, 'RS01285', 'VN0089RS01', 1, '82.5K/0805/1%', '82.5K/0805/1%\r\nSMD RESISTOR', '2', 100, 1),
(164, 'RS01286', 'VN0089RS01', 1, '6.8K/0805/1%', '6.8K/0805/1%\r\nSMD RESISTOR', '2', 100, 1),
(165, 'RS01287', 'VN0089RS01', 1, '130K/0805/1%', '130K/0805/1%\r\nSMD RESISTOR', '2', 100, 1),
(166, 'RS01288', 'VN0089RS01', 1, '10K/0805/1%', '10K/0805/1%\r\nSMD RESISTOR', '2', 100, 1),
(167, 'RS01289', 'VN0089RS01', 1, '1.6E/0805/1%', '1.6E/0805/1%\r\nSMD RESISTOR', '2', 100, 1),
(168, 'RS01290', 'VN0089RS01', 1, '2.7E/0805/1%', '2.7E/0805/1%\r\nSMD RESISTOR', '2', 100, 1),
(169, 'RS01291', 'VN0089RS01', 1, '1.1E/1206/1%', '1.1E/1206/1%\r\n', '2', 100, 1),
(170, 'RS01292', 'VN0089RS01', 1, '7.5K/1/4W/1% MFR', '7.5K/1/4W/1% MFR\r\nRESISTOR', '2', 100, 1),
(171, 'RS01293', 'VN0089RS01', 1, '0.22E/1W/5% CFR', '0.22E/1W/5% CFR\r\nRESISTOR', '2', 100, 1),
(172, 'RS01294', 'VN0089RS01', 1, '270K/1206 /1%', '270K/1206 /1%\r\nRESISTOR', '2', 100, 1),
(173, 'RS01295', 'VN0089RS01', 1, '1.2K/1206/1%', '1.2K/1206/1%\r\nRESISTOR', '2', 100, 1),
(174, 'RS01296', 'VN0089RS01', 1, '4.7K/1206/1%', '4.7K/1206/1%\r\nRESISTOR', '2', 100, 1),
(175, 'RS01297', 'VN0089RS01', 1, '27E/0805 /1%', '27E/0805 /1%\r\nRESISTOR', '2', 100, 1),
(176, 'RS01298', 'VN0089RS01', 1, '49.9K/0805/1%', '49.9K/0805/1%\r\nRESISTOR', '2', 100, 1),
(177, 'RS01299', 'VN0089RS01', 1, '7.5K/0805/1%', '7.5K/0805/1%\r\nRESISTOR', '2', 100, 1),
(178, 'RS01300', 'VN0089RS01', 1, '150K/0805/1%', '150K/0805/1%\r\nRESISTOR', '2', 100, 1),
(179, 'RS01301', 'VN0089RS01', 1, '330K/1206/1%', '330K/1206/1%\r\nRESISTOR', '2', 100, 1),
(180, 'RS01302', 'VN0089RS01', 1, '8.2K/0805/1%', '8.2K/0805/1%\r\nRESISTOR', '2', 100, 1),
(181, 'RS01303', 'VN0089RS01', 1, '1.5E/0805/1%', '1.5E/0805/1%\r\nRESISTOR', '2', 100, 1),
(182, 'RS01304', 'VN0089RS01', 1, '47.5K/0805/1%', '47.5K/0805/1%\r\nRESISTOR', '2', 100, 1),
(183, 'RS01305', 'VN0089RS01', 1, '3E/0805/1%', '3E/0805/1%\r\nRESISTOR', '2', 100, 1),
(184, 'RS01306', 'VN0089RS01', 1, '2M/1206/1%', '2M/1206/1%\r\nRESISTOR', '2', 100, 1),
(185, 'RS01307', 'VN0089RS01', 1, '47E/0805/1%', '47E/0805/1%\r\nRESISTOR', '2', 100, 1),
(186, 'RS01308', 'VN0089RS01', 1, '62K/0805/1%', '62K/0805/1%\r\nRESISTOR', '2', 100, 1),
(187, 'RS01309', 'VN0089RS01', 1, '1.8E/0805 /1%', '1.8E/0805 /1%\r\nRESISTOR', '2', 100, 1),
(188, 'RS01310', 'VN0089RS01', 1, '110K/0805/1%', '110K/0805/1%\r\nRESISTOR', '2', 100, 1),
(189, 'RS01311', 'VN0089RS01', 1, '169K/1206/1%', '169K/1206/1%\r\nRESISTOR', '2', 100, 1),
(190, 'RS01312', 'VN0089RS01', 1, '0.82E/1206/1%', '0.82E/1206/1% RESISTOR', '2', 100, 1),
(191, 'RS01313', 'VN0089RS01', 1, '1.3E/1206/1%', '1.3E/1206/1%\r\nRESISTOR', '2', 100, 1),
(192, 'RS01314', 'VN0089RS01', 1, '10E/0805/1%', '10E/0805/1%\r\nRESISTOR', '2', 100, 1),
(193, 'RS01315', 'VN0089RS01', 1, '1E/1W/5% CFR', '1E/1W/5% CFR\r\nRESISTOR', '2', 100, 1),
(194, 'RS01316', 'VN0089RS01', 1, '7.5K/0603/1%', '7.5K/0603/1%\r\nRESISTOR', '2', 100, 1),
(195, 'RS01317', 'VN0089RS01', 1, '51K/0805/1%', '51K/0805/1%\r\nRESISTORS', '2', 100, 1),
(196, 'RS01318', 'VN0089RS01', 1, '174K/0805/1%', '174K/0805/1%\r\nRESISTORS', '2', 100, 1),
(197, 'RS01319', 'VN0089RS01', 1, '680K/0805/1%', '680K/0805/1%\r\nRESISTORS', '2', 100, 1),
(198, 'RS01320', 'VN0089RS01', 1, '15K/0805/1%', '15K/0805/1%\r\nRESISTORS', '2', 100, 1),
(199, 'RS01321', 'VN0089RS01', 1, '4.32K/0603/1%', '4.32K/0603/1%\r\nRESISTORS', '2', 100, 1),
(200, 'RS01322', 'VN0089RS01', 1, '499K/1206/1%', '499K/1206/1%\r\nRESISTORS', '2', 100, 1),
(201, 'RS01323', 'VN0089RS01', 1, '249K/1206/1%', '249K/1206/1%\r\nRESISTORS', '2', 100, 1),
(202, 'RS01324', 'VN0089RS01', 1, '470K/0603/1%', '470K/0603/1%\r\nRESISTORS', '2', 100, 1),
(203, 'DE05001', 'VN0089DE05', 2, 'MB10S', 'MB10S BRIDGE DIODE', '2', 100, 1),
(204, 'DE05006', 'VN0089DE05', 2, 'M7', 'M7 BRIDGE DIODE', '2', 100, 1),
(205, 'DE05007', 'VN0101DE05', 2, 'SR3100', 'SR3100 DIODE', '2', 100, 1),
(206, 'DE05008', 'VN0101DE05', 2, 'IN4007', 'IN4007 DIODE', '2', 100, 1),
(207, 'DE05011', 'VN0064DE05', 2, 'ES2G', 'ES2G Diode', '2', 100, 1),
(208, 'DE05012', 'VN0101DE05', 2, '39V/S0D-80', '39V/S0D-80 ZENER DIODE', '2', 100, 1),
(209, 'DE05013', 'VN0082DE05', 2, 'MUR460', 'MUR460 DIODE', '2', 100, 1),
(210, 'DE05015', 'VN0089DE05', 2, '1N4148', '1N4148 DIODE', '2', 100, 1),
(211, 'DE05018', 'VN0009DE05', 2, '1N5819', '1N5819 DIODE', '2', 100, 1),
(212, 'DE05019', 'VN0009DE05', 2, 'USIM/HSIM', 'USIM/HSIM DIODE', '2', 100, 1),
(213, 'DE05020', 'VN0009DE05', 2, 'UF4003', 'UF4003 DIODE', '2', 100, 1),
(214, 'DE05021', 'VN0009DE05', 2, 'KBP210G', 'KBP210G DIODE', '2', 100, 1),
(215, 'DE05022', 'VN0009DE05', 2, 'P6KE200A', 'P6KE200A DIODE', '2', 100, 1),
(216, 'DE05023', 'VN0009DE05', 2, 'MUR860', 'MUR860 DIODE', '2', 100, 1),
(217, 'DE05024', 'VN0009DE05', 2, 'UF4007', 'UF4007 DIODE', '2', 100, 1),
(218, 'DE05025', 'VN0009DE05', 2, 'US1D/HS1D/', 'US1D/HS1D/ DIODE', '2', 100, 1),
(219, 'DE05030', 'VN0009DE05', 2, 'ES2J', 'ES2J DIODE', '2', 100, 1),
(220, 'DE05033', 'VN0009DE05', 2, 'SB5BO', 'SB5BO DIODE', '2', 100, 1),
(221, 'CR18002', 'VN0031CR18', 3, '2 Pin CPU + PIN MALE', '2 Pin CPU + PIN MALE CONNECTOR', '2', 100, 1),
(222, 'CR18003', 'VN0031CR18', 3, ' 2 Pin CPU + PIN FEM', ' 2 Pin CPU + PIN FEMALE CONNECTOR', '2', 100, 1),
(223, 'CR18004', 'VN0031CR18', 3, '5 Pin Ac  ', '5 Pin Ac  CONNECTOR', '2', 100, 1),
(224, 'CR18005', 'VN0031CR18', 3, '2 PIN PBT ', '2 PIN PBT  CONNECTOR', '2', 100, 1),
(225, 'CR18006', 'VN0031CR18', 3, '3 PIN PBT ', '3 PIN PBT  CONNECTOR', '2', 100, 1),
(226, 'CR18007', 'VN0031CR18', 3, '1A, 250V Sl Bl', '1A, 250V Slow Blow\r\nFUSE', '2', 100, 1),
(227, 'CR18008', 'VN0031CR18', 3, '3.15A,250V', '3.15A,250V Slow Blow BlFUSE', '2', 100, 1),
(228, 'CR18009', 'VN0031CR18', 3, '3 PIN R/M', '3 PIN R/M CONNECTOR', '2', 100, 1),
(229, 'CR18010', 'VN0031CR18', 3, '3 PIN R/M (R/A)', '3 PIN R/M (R/A) CONNECTOR', '2', 100, 1),
(230, 'CR18011', 'VN0031CR18', 3, '2 PIN R/M', '2 PIN R/M CONNECTOR', '2', 100, 1),
(231, 'CR18012', 'VN0031CR18', 3, 'BRASS TERMINAL ', 'BRASS TERMINAL ', '2', 100, 1),
(232, 'CR18013', 'VN0031CR18', 3, 'END CAP TERMINAL PIN', 'END CAP  TERMINAL PIN', '2', 100, 1),
(233, 'CR18014', 'VN0031CR18', 3, '5A/250V', '5A/250V AXIAL FUSE', '2', 100, 1),
(234, 'CR18015', 'VN0031CR18', 3, '2 PIN 2517 M/F 150MM', '2 PIN 2517 M/F 150MM WIRE Assembly', '2', 100, 1),
(235, 'CR18016', 'VN0031CR18', 3, 'EW-DL-01', 'LOCKABLE ASST MOLD (EW-DL-01)\r\n', '2', 100, 1),
(236, 'LD00001', 'SMLW56LD00', 4, 'SMLW56RGB,1W ', 'SMLW56RGB,1W \r\nLED', '2', 100, 1),
(237, 'LD00002', 'VN0094LD00', 4, 'EW3528D-0201-XBXC-05', 'EW3528D-0201-XBXC-0558\r\nLED', '2', 100, 1),
(238, 'LD00003', 'VN0110LD00', 4, 'WU2180-07 ,3WATT', 'WU2180-07 ,3WATT LED\r\n', '2', 100, 1),
(239, 'LD00004', 'VN0094LD00', 4, 'FM-5630WLS-460W-R80(', 'FM-5630WLS-460W-R80(WW) LED', '2', 100, 1),
(240, 'LD00005', 'VN0094LD00', 4, 'FM-5630WNS-460W-R80 ', 'FM-5630WNS-460W-R80 (MW) LED', '2', 100, 1),
(241, 'LD00006', 'VN0094LD00', 4, 'FM-T3528WNS-460R', 'FM-T3528WNS-460R\r\nLED', '2', 100, 1),
(242, 'LD00007', 'VN0108LD00', 4, 'PM2B-1LWE', 'PM2B-1LWE\r\nLEDS', '2', 100, 1),
(243, 'LD00008', 'VN0109LD00', 4, 'NICHIA 0.5W MW', 'NICHIA 0.5W MW\r\nLEDS', '2', 100, 1),
(244, 'LD00013', 'VN0094LD00', 4, 'FM-P3528WNS-460W -R8', 'LED FM-P3528WNS-460W -R80-150mA (MW)\r\nLED', '2', 100, 1),
(245, 'LD00014', 'VN0094LD00', 4, 'LED 5630 1CHIP 38LUM', 'LED 5630 1CHIP 38LUM@100mA SEOUL LED', '2', 100, 1),
(246, 'LD00015', 'VN0094LD00', 4, 'FM-T3528WLS-460R(20m', 'FM-T3528WLS-460R(20mA)\r\nLED', '2', 100, 1),
(247, 'LD00016', 'VN0094LD00', 4, 'FM-3014WNS-460R', 'FM-3014WNS-460R\r\nLED', '2', 100, 1),
(248, 'LD00017', 'VN0094LD00', 4, 'FM-3014WLS-460R-R70', 'FM-3014WLS-460R-R70\r\nLED', '2', 100, 1),
(249, 'LD00018', 'VN0094LD00', 4, 'FM-P3528WLS-460W(150', 'FM-P3528WLS-460W(150mA)\r\nLED', '2', 100, 1),
(250, 'LD00021', 'VN0094LD00', 4, 'FM-P3528WNS-460Q(60m', 'FM-P3528WNS-460Q(60mA)\r\nLED', '2', 100, 1),
(251, 'LD00022', 'VN0094LD00', 4, 'NFSW757DT', 'NFSW757DT\r\nLED', '2', 100, 1),
(252, 'LD00023', 'VN0094LD00', 4, 'NT-10TN1S -23B', 'NT-10TN1S -23B\r\nLED', '2', 100, 1),
(253, 'LD00024', 'VN0094LD00', 4, 'FM-P3528WDS-460W', 'FM-P3528WDS-460W\r\nLED', '2', 100, 1),
(254, 'LD00026', 'VN0094LD00', 4, 'S10C007151 (EVERLIGH', 'S10C007151 (EVERLIGHT)\r\nLED', '2', 100, 1),
(255, 'LD00027', 'VN0094LD00', 4, 'SMD 2835 LED', 'SMD 2835 LED\r\nLED', '2', 100, 1),
(256, 'LD00028', 'VN0094LD00', 4, 'FP-6070CW-AFZ LED (N', 'FP-6070CW-AFZ LED (NS)\r\nLED', '2', 100, 1),
(257, 'LD00029', 'VN0094LD00', 4, 'LED 2T01 X 1CW200000', 'LED 2T01 X 1CW20000002 ET-3014W-1F1W(38W3FVC1)\r\nLED', '2', 100, 1),
(258, 'LD00030', 'VN0094LD00', 4, 'FM-T3528WDS-460R', 'FM-T3528WDS-460R LEDS\r\nLED', '2', 100, 1),
(259, 'LD00031', 'VN0094LD00', 4, 'FM-P3528WLS-460Q(60m', 'FM-P3528WLS-460Q(60mA)\r\nLED', '2', 100, 1),
(260, 'LD00032', 'VN0094LD00', 4, '3014W-IF2W LED (EDIS', '3014W-IF2W LED (EDISON)\r\nLED', '2', 100, 1),
(261, 'ES07001', 'VN0004ES07', 5, 'Down Light 3 W', 'Down Light 3 W\r\nENCLOSURE', '2', 100, 1),
(262, 'ES07002', 'VN0004ES07', 5, 'Down Light 5 W', 'Down Light 5 W\r\nENCLOSURE', '2', 100, 1),
(263, 'ES07003', 'VN0004ES07', 5, 'Down Light 9 W', 'Down Light 9 W\r\nENCLOSURE', '2', 100, 1),
(264, 'ES07004', 'VN0004ES07', 5, 'Down Light 15 W', 'Down Light 15 W\r\nENCLOSURE', '2', 100, 1),
(265, 'ES07010', 'VN0004ES07', 5, 'BULB WHITE ENCL 3W', 'BULB WHITE ENCLOSURE 3W\r\n', '2', 100, 1),
(266, 'ES07011', 'VN0004ES07', 5, 'BULB WHITE ENCL 7W', 'BULB WHITE ENCLOSURE 7W\r\n', '2', 100, 1),
(267, 'ES07012', 'VN0004ES07', 5, 'BULB SILVER ENCL 10W', 'BULB SILVER ENCLOSURE 10W\r\n', '2', 100, 1),
(268, 'ES07013', 'VN0004ES07', 5, 'DL 10W', 'DOWN LIGHT  10WATT\r\nENCLOSURE', '2', 100, 1),
(269, 'ES07015', 'VN0078ES07', 5, 'LD-01', 'LD-01 ENCLOSURE', '2', 100, 1),
(270, 'ES07016', 'VN0078ES07', 5, 'LD-08', 'LD-08 ENCLOSURE', '2', 100, 1),
(271, 'ES07017', 'VN0004ES07', 5, 'BULB WHITE ENCL 5W', 'BULB WHITE ENCLOSURE 5W\r\n', '2', 100, 1),
(272, 'ES07020', 'VN0007ES07', 5, 'T8 INTEG TL 600MM', 'T8 INTEGREATED TUBE LIGHT 600MM ENCLOSURE', '2', 100, 1),
(273, 'ES07021', 'VN0007ES07', 5, 'SLHOUSING 3X1W', 'SPOT LIGHT HOUSING 3 X 1 WATT\r\nENCLOSURE', '2', 100, 1),
(274, 'ES07022', 'VN0007ES07', 5, 'STREET LIGHT 45 W', 'STREET LIGHT 45 WATT ENCLOSURE\r\n', '2', 100, 1),
(275, 'ES07023', 'VN0106ES07', 5, 'T8-TL RECTROFIT 4FT', 'T8-TUBE LIGHT RECTROFIT 4FT\r\nENCLOSURE', '2', 100, 1),
(276, 'ES07024', 'VN0007ES07', 5, 'SL HOUSING 6 X1W', 'SPOT LIGHT HOUSING 6 X1W\r\n', '2', 100, 1),
(277, 'ES07025', 'VN0007ES07', 5, 'T8-TL INTEG 4FT', 'T8-TUBE LIGHT INTEGREATED 4FT\r\nENCLOSURE', '2', 100, 1),
(278, 'ES07030', 'VN0007ES07', 5, 'T8 TL PATTI 12X40', 'T8 TUBE LIGHT PATTI 12X40 \r\n', '2', 100, 1),
(279, 'ES07031', 'VN0007ES07', 5, 'HB-04', 'HB-04 ENCLOSURE', '2', 100, 1),
(280, 'ES07032', 'VN0007ES07', 5, 'T5 TL INTEG 2Ft', 'T5 LED FITTING 2FT (INTEGREATED )\r\nENCLOSURE', '2', 100, 1),
(281, 'ES07034', 'VN0007ES07', 5, 'Down Light 6W(Allum)', 'Down Light 6 W (Alluminium)\r\nENCLOSURE', '2', 100, 1),
(282, 'ES07036', 'VN0007ES07', 5, 'T8 TL PATTI 2Ft ', 'T8 TUBE LIGHT PATTI 2Ft', '2', 100, 1),
(283, 'ES07037', 'VN0007ES07', 5, 'T8-TL RECTROFIT 4FT', 'T8-Tube Light RECTROFIT 4FT  ', '2', 100, 1),
(284, 'ES07038', 'VN0007ES07', 5, '15 W SQUARE DL', '15 WATT SQUARE DOWN LIGHT \r\nENCLOSURE', '2', 100, 1),
(285, 'ES07039', 'VN0007ES07', 5, 'LD-12 DRIV', 'LD-12 DRIV ENCLOSURE', '2', 100, 1),
(286, 'ES07040', 'VN0007ES07', 5, 'T8 TL Fixt(Over) 4FT', '4FT-T8 TUBE LIGHT FIXTURE(OVER ALL)\r\nENCLOSURE', '2', 100, 1),
(287, 'ES07041', 'VN0007ES07', 5, 'T5 TL Fixture', 'T5 TUBE LIGHT FIXTURE(SMALL)\r\nENCLOSURE', '2', 100, 1),
(288, 'ES07042', 'VN0007ES07', 5, '3W Plastic Box', 'SMALL SIZE PLASTIC BOX 3 WATT\r\nENCLOSURE', '2', 100, 1),
(289, 'ES07043', 'VN0007ES07', 5, '5-20W Plastic Box', 'BIG SIZE PLASTIC BOX 5-20 WATT\r\nENCLOSURE', '2', 100, 1),
(290, 'ES07046', 'VN0007ES07', 5, '4 FT-T8 TL BATTON', '4 FT - T8 TUBELIGHT( BATON)\r\n\r\nENCLOSURE', '2', 100, 1),
(291, 'ES07047', 'VN0007ES07', 5, 'E-21 Ballast Cabinet', 'ELECTRONIC BALLAST CABINET EC-21\r\nENCLOSURE', '2', 100, 1),
(292, 'ES07048', 'VN0007ES07', 5, 'SPOT LIGHT 3W SET', 'LED SPOT LIGHT 3WATT SET\r\nENCLOSURE', '2', 100, 1),
(293, 'ES07049', 'VN0007ES07', 5, 'CDR00255 Without Ref', 'CDR00255 &WITHOUT REFLECTOR\r\nENCLOSURE', '2', 100, 1),
(294, 'ES07050', 'VN0007ES07', 5, 'CDR00180 &  REFLECTO', 'CDR00180 &  REFLECTOR\r\nENCLOSURE', '2', 100, 1),
(295, 'ES07051', 'VN0007ES07', 5, 'CDS00255 Without Ref', 'CDS00255  WITHOUT REFLECTOR\r\nENCLOSURE', '2', 100, 1),
(296, 'ES07052', 'VN0007ES07', 5, 'CDS002115  DL 90MM S', 'CDS002115 DOWN LIGHT 90MM DIA SQUARE\r\nENCLOSURE', '2', 100, 1),
(297, 'ES07053', 'VN0007ES07', 5, 'CDR001100  DL 100MM ', 'CDR001100 DOWN LIGHT 100MM DIA\r\nENCLOSURE', '2', 100, 1),
(298, 'ES07054', 'VN0007ES07', 5, 'CDR001120  DL120MM', 'CDR001120 DOWN LIGHT 120MM DIA\r\nENCLOSURE', '2', 100, 1),
(299, 'ES07055', 'VN0007ES07', 5, 'CDR00280 DL 80MM DIA', 'CDR00280 DOWN LIGHT 80MM DIA BABY \r\nENCLOSURE', '2', 100, 1),
(300, 'ES07056', 'VN0007ES07', 5, 'CDS00280 DL 80MM Squ', 'CDS00280 DOWN LIGHT 80MM DIA BABY SQUARE ENCLOSURE', '2', 100, 1),
(301, 'ES07057', 'VN0007ES07', 5, 'CAS-008 DRIVER BOX ', 'DRIVER BOX CAS - 008 SIZE:75 X 45 X 30 \r\nENCLOSURE', '2', 100, 1),
(302, 'ES07058', 'VN0007ES07', 5, 'CAS - 009 DRIVER BOX', 'DRIVER BOX CAS - 009 SIZE:100 X 50 X 30\r\nENCLOSURE', '2', 100, 1),
(303, 'ES07059', 'VN0007ES07', 5, 'EC-24 ELEC BALLAST', 'EC-24 ELECTRONIC BALLAST CABINET\r\nENCLOSURE', '2', 100, 1),
(304, 'ES07060', 'VN0007ES07', 5, 'MAK HYB 1021A 100W', 'MAK HYB 1021A 100W HIGHBAY \r\nENCLOSURE', '2', 100, 1),
(305, 'ES07061', 'VN0007ES07', 5, 'CREE 015 COB 100W-CW', 'MAK CREE 015 CREE COB 100W-CW\r\nENCLOSURE', '2', 100, 1),
(306, 'ES07062', 'VN0007ES07', 5, 'CNT 004 100W COB', 'MAK CNT 004 100W COB CONNECTOR\r\nENCLOSURE', '2', 100, 1),
(307, 'ES07063', 'VN0007ES07', 5, 'DRVR 8102 100W MW', 'MAK DRVR 8102 100W MW  (CEN-100-42)\r\nENCLOSURE', '2', 100, 1),
(308, 'ES07064', 'VN0007ES07', 5, 'BULB PC COVER ', 'BULB PC COVER \r\n', '2', 100, 1),
(309, 'ES07065', 'VN0007ES07', 5, 'PLASTIC HEAT SINK', 'PLASTIC HEAT SINK\r\nENCLOSURE', '2', 100, 1),
(310, 'ES07066', 'VN0007ES07', 5, 'METAL BASE', 'METAL BASE\r\nENCLOSURE', '2', 100, 1),
(311, 'IN08001', 'VN0080IN08', 7, '3.3MH', '3.3MH\r\nINDUCTOR', '2', 100, 1),
(312, 'IN08002', 'VN0043IN08', 7, '1mH  0510 ', '1mH  0510 INDUCTOR', '2', 100, 1),
(313, 'IN08003', 'VN0063IN08', 7, 'EE-16(26033) 3mH', 'EE-16(26033) 3mH\r\nINDUCTOR', '2', 100, 1),
(314, 'IN08004', 'VN0080IN08', 7, '1 Mh/200mA', '1 Mh/200mA\r\nINDUCTOR', '2', 100, 1),
(315, 'IN08005', 'VN0043IN08', 7, '2.2 Mh/300mA 10 X 12', '2.2 Mh/300mA 10 X 12WL\r\nINDUCTOR', '2', 100, 1),
(316, 'IN08007', 'VN0080IN08', 7, 'EE-16 TRNS 24/350 10', 'EE-16 TRNS 24/350 10PINTransformer', '2', 100, 1),
(317, 'IN08008', 'VN0043IN08', 7, 'EE-20 TRNS MT-11448', 'EE-20 TRNS MT-11448\r\nTransformer', '2', 100, 1),
(318, 'IN08009', 'VN0043IN08', 7, 'EE-16 TRNS 24V/360MA', 'EE-16 TRNS 24V/360MA\r\nTransformer', '2', 100, 1),
(319, 'IN08010', 'VN0043IN08', 7, 'EE-16 TRANS 5W-DL 2.', 'EE-16 TRANS 5W-DL 2.0\r\nTransformer', '2', 100, 1),
(320, 'IN08011', 'VN0043IN08', 7, 'EE-16 MT 1584', 'EE-16 MT 1584\r\nTransformer', '2', 100, 1),
(321, 'IN08012', 'VN0043IN08', 7, '0.65Mh INDUCTOR ', '0.65Mh INDUCTOR ', '2', 100, 1),
(322, 'IN08013', 'VN0043IN08', 7, ' 0.68Mh INDUCTOR', ' 0.68Mh INDUCTOR', '2', 100, 1),
(323, 'IN08014', 'VN0043IN08', 7, ' 2.4mH --EE16(600mA)', ' 2.4mH --EE16(600mA)15624\r\nTransformer', '2', 100, 1),
(324, 'IN08015', 'VN0043IN08', 7, 'MT15947 EE16-24V/350', 'EE16-24V/350MA -MT15947\r\nTransformer', '2', 100, 1),
(325, 'IN08019', 'VN0043IN08', 7, '2.2mH/0.3A/ 8 X 10 D', '2.2mH/0.3A/ 8 X 10 DRUM CORE\r\nINDUCTOR', '2', 100, 1),
(326, 'IN08021', 'VN0043IN08', 7, '2.2~2.3mH-10242-EE13', 'ETR-EE13 HORIZONTAL 2.2~2.3mH(10242)\r\nTransformer', '2', 100, 1),
(327, 'IN08022', 'VN0043IN08', 7, '1MH/300mA (DRUM CORE', '1MH/300mA (DRUM CORE)\r\nINDUCTOR', '2', 100, 1),
(328, 'IN08023', 'VN0043IN08', 7, 'EE-25  MT 4512', 'EE-25  MT 4512\r\nTransformer', '2', 100, 1),
(329, 'IN08024', 'VN0043IN08', 7, '2.4MH /0.7A/ 12 X 15', '2.4MH /0.7A/ 12 X 15\r\nINDUCTOR', '2', 100, 1),
(330, 'IN08025', 'VN0043IN08', 7, 'EF20 H MT- 10031', 'EF20 H MT- 10031\r\nTransformer', '2', 100, 1),
(331, 'IN08026', 'VN0043IN08', 7, 'EE16- MT15942', 'EE16- MT15942\r\nTransformer', '2', 100, 1),
(332, 'IN08027', 'VN0043IN08', 7, 'EE-13 AM-T-10242', 'EE-13 AM-T-10242\r\nTransformer', '2', 100, 1),
(333, 'IN08028', 'VN0043IN08', 7, 'AM 11256-82V/300MA ', '82V 300mA 30 WATT/PART NO AM 11256\r\nTransformer', '2', 100, 1),
(334, 'IN08029', 'VN0043IN08', 7, '6124 TRANSFORME', '6124\r\nTransformer', '2', 100, 1),
(335, 'IN08030', 'VN0043IN08', 7, 'CMC--6mH', 'CMC--6mH\r\nCHOKE', '2', 100, 1),
(336, 'IN08031', 'VN0043IN08', 7, '680mH INDUCTOR  ', '680mH\r\nINDUCTOR', '2', 100, 1),
(337, 'IN08032', 'VN0043IN08', 7, 'EE16-3.8mH INDUCTOR', 'EE16-3.8mH \r\nINDUCTOR', '2', 100, 1),
(338, 'IN08033', 'VN0043IN08', 7, 'EE-20 TRNS 42/360 10', 'EE-20 TRNS 42/360 10PIN\r\nTransformer', '2', 100, 1),
(339, 'IN08034', 'VN0043IN08', 7, 'AM 11025 TRANSFORME', 'AM 11025\r\nTransformer', '2', 100, 1),
(340, 'IN08035', 'VN0043IN08', 7, 'AM-706', 'Transformer AM-706', '2', 100, 1),
(341, 'IN08036', 'VN0043IN08', 7, 'AM 11026 TRANSFORME', 'AM 11026\r\nTransformer', '2', 100, 1),
(342, 'IN08037', 'VN0043IN08', 7, 'AM 11436 TRANSFORME', 'AM 11436\r\nTransformer', '2', 100, 1),
(343, 'IN08038', 'VN0043IN08', 7, 'AM-7034', 'Transformer AM-7034', '2', 100, 1),
(344, 'IN08039', 'VN0043IN08', 7, 'AM-7119 TRANSFORME', 'AM-7119\r\nTransformer', '2', 100, 1),
(345, 'IN08040', 'VN0043IN08', 7, 'BE-11413 TRANSFORME', 'BE-11413\r\nTransformer', '2', 100, 1),
(346, 'IN08041', 'VN0043IN08', 7, 'BE-11020 TRANSFORME', 'BE-11020\r\nTransformer', '2', 100, 1),
(347, 'CP04002', 'VN0082CP04', 8, '0.1MF-275V.40/100/21', '0.1MF-275V.40/100/21 \r\nCAPACITOR', '2', 100, 1),
(348, 'CP04003', 'VN0082CP04', 8, '0.01 MF POLY CAPACIT', '0.01 MF POLY \r\nCAPACITOR', '2', 100, 1),
(349, 'CP04004', 'VN0083CP04', 8, '1KPF /400V', '1KPF /400V CAPACITOR', '2', 100, 1),
(350, 'CP04006', 'VN0082CP04', 8, '0.22K/  275V / 20%  ', '0.22K/  275V / 20%  \r\nX2 CAPACITOR(YELLOW)', '2', 100, 1),
(351, 'CP04007', 'VN0082CP04', 8, '10KPF /1KV /20%(103/', '10KPF /1KV /20% ( 103 /1KV)\r\nDISC CAPACITOR', '2', 100, 1),
(352, 'CP04009', 'VN0082CP04', 8, '1KPF/1KV(102/1KV)', '1KPF/1KV(102/1KV) Ceramic DISC CAPACITOR', '2', 100, 1),
(353, 'CP04011', 'VN0082CP04', 8, '00MF/160V/ 20%-85@C', '100MF/160V/ 20%-85@C\r\nELECTROLYTIC CAPACITOR', '2', 100, 1),
(354, 'CP04012', 'VN0082CP04', 8, ' 100uf/250v/20%85@C', ' 100uf/250v/20%85@C\r\nELECTROLYTIC CAPACITOR', '2', 100, 1),
(355, 'CP04013', 'VN0082CP04', 8, '10MFD/250V/20%85@C', '10MFD/250V/20%85@C\r\nELECTROLYTIC CAPACITOR', '2', 100, 1),
(356, 'CP04014', 'VN0082CP04', 8, ' 22MFD/50v/20%105@C', ' 22MFD/50v/20%105@C\r\nELECTROLYTIC CAPACITOR', '2', 100, 1),
(357, 'CP04016', 'VN0082CP04', 8, '22mf/400v ', '22mf/400v  ELECTROLYTIC CAPACITOR', '2', 100, 1),
(358, 'CP04017', 'VN0082CP04', 8, ' 22MFD/400V/20%85@C', ' 22MFD/400V/20%85@C\r\nELECTROLYTIC CAPACITOR', '2', 100, 1),
(359, 'CP04018', 'VN0082CP04', 8, ' 100MFD/25V/20%85@C', '100MFD/25V/20%85@C\r\nELECTROLYTIC CAPACITOR', '2', 100, 1),
(360, 'CP04019', 'VN0082CP04', 8, ' 22MFD/50V/20%105@C', '22MFD/50V/20%105@C\r\nELECTROLYTIC CAPACITOR', '2', 100, 1),
(361, 'CP04020', 'VN0082CP04', 8, ' 470MFD/25V/20%85@C', '470MFD/25V/20%85@C\r\nELECTROLYTIC CAPACITOR', '2', 100, 1),
(362, 'CP04021', 'VN0082CP04', 8, '1MFD/50V/20%105@C', '1MFD/50V/20%105@C\r\nELECTROLYTIC CAPACITOR', '2', 100, 1),
(363, 'CP04023', 'VN0009CP04', 8, '220nF/400V/10%', '220nF/400V/10% ELECTROLYTIC CAPACITOR', '2', 100, 1),
(364, 'CP04024', 'VN0009CP04', 8, '1nF/500V/1206', '1nF/500V/1206 SMD CAPACITORS', '2', 100, 1),
(365, 'CP04025', 'VN0009CP04', 8, '470MFD/40V/20%85@C', '470MFD/40V/20%85@C\r\nELECTROLYTIC CAPACITOR', '2', 100, 1),
(366, 'CP04026', 'VN0009CP04', 8, '0.047uF/275VAC/10%', '0.047uF/275VAC/10%BOX  CAPACITOR', '2', 100, 1),
(367, 'CP04027', 'VN0009CP04', 8, '2.2nF/275VAC', '2.2nF/275VAC\r\nDISC CAPACITOR Y2', '2', 100, 1),
(368, 'CP04031', 'VN0082CP04', 8, '10uF/63V/20%85@C', '10uF/63V/20% --85@C\r\nCAP_EL_5_2', '2', 100, 1),
(369, 'CP04032', 'VN0082CP04', 8, '100MFD/63V/20%85@C', '100MFD/63V/20% -85@C\r\nCAP_EL_5_2', '2', 100, 1),
(370, 'CP04033', 'VN0082CP04', 8, '2.2uF/63V/20%85@C', '2.2uF/63V/20%85@C\r\nCAP_EL_5_2', '2', 100, 1),
(371, 'CP04034', 'VN0082CP04', 8, '47Pf/50V-0805', '47Pf/50V-0805\r\nCAP_EL_5_3', '2', 100, 1),
(372, 'CP04036', 'VN0082CP04', 8, '1NF/1000V-0805', '1NF/1000V-0805 SMD CAPACITORS', '2', 100, 1),
(373, 'CP04038', 'VN0082CP04', 8, '470MFD/63V/20%105@C', '470MFD/63V/20%105@C\r\nCAP_EL_5_4', '2', 100, 1),
(374, 'CP04041', 'VN0082CP04', 8, '22MFD/200V/20%105@C', '22MFD/200V/20%105@C\r\nELECTROLYTIC CAPACITOR', '2', 100, 1),
(375, 'CP04042', 'VN0082CP04', 8, '10MFD/200V/20%105@C', '10MFD/200V/20%105@C\r\nELECTROLYTIC CAPACITOR', '2', 100, 1),
(376, 'CP04045', 'VN0082CP04', 8, '0.1MFD/400V/20% PPC', '0.1MFD/400V/20% PPC\r\nCAP POLY', '2', 100, 1),
(377, 'CP04046', 'VN0082CP04', 8, '2.2MFD/450V/20%85@C', '2.2MFD/450V/20%85@C\r\nELECTROLYTIC CAPACITOR', '2', 100, 1),
(378, 'CP04049', 'VN0082CP04', 8, '224J/400V/20%', '224J/400V/20%\r\nCAP POLY', '2', 100, 1),
(379, 'CP04050', 'VN0082CP04', 8, '22MFD/250V/20%105@C', '22MFD/250V/20%105@C\r\nELECTROLYTIC CAPACITOR', '2', 100, 1),
(380, 'CP04051', 'VN0082CP04', 8, '224/630V/20%', '224/630V/20%\r\nCAP POLY', '2', 100, 1),
(381, 'CP04052', 'VN0082CP04', 8, '22NF/305V/20%X2  10M', '22NF/305V/20%X2  10MM PITCH\r\nCAP POLY', '2', 100, 1),
(382, 'CP04057', 'VN0082CP04', 8, '2.2nF/1000V/1206', '2.2nF/1000V/1206\r\nSMD CAPACITERS', '2', 100, 1),
(383, 'CP04058', 'VN0082CP04', 8, '22MFD/63V/20%85@C', '22MFD/63V/20%85@C\r\nELECTROLYTIC CAPACITOR', '2', 100, 1),
(384, 'CP04059', 'VN0082CP04', 8, '4.7uF/450v/20%85@C', '4.7uF/450v/20%85@C\r\nELECTROLYTIC CAPACITOR', '2', 100, 1),
(385, 'CP04060', 'VN0082CP04', 8, '4.7MFD/500V/20%85@C', '4.7MFD/500V/20%85@C ELECTROLYTIC CAPACITOR', '2', 100, 1),
(386, 'CP04062', 'VN0082CP04', 8, '680nf/0805/50V', '680nf/0805/50V\r\nCHIP CAPACITOR', '2', 100, 1),
(387, 'CP04065', 'VN0082CP04', 8, '47PF/50V/1206', '47PF/50V/1206\r\nSMD CAPACITOR', '2', 100, 1),
(388, 'CP04067', 'VN0082CP04', 8, '1000MFD/16V/20%/105@', '1000MFD/16V/20%/105@C\r\n', '', 0, 1),
(389, 'CP04068', 'VN0082CP04', 8, '4.7MFD/400v/20%/105 ', '4.7MFD/400v/20%/105 @C\r\nELECTROLYTIC CAPACITOR', '2', 100, 1),
(390, 'CP04069', 'VN0082CP04', 8, '22MFD/160V/20%/85@C', '22MFD/160V/20%/85@C\r\nELECTROLYTIC CAPACITOR', '2', 100, 1),
(391, 'CP04070', 'VN0082CP04', 8, '22MFD/63V/20%/85@C', '22MFD/63V/20%/85@C\r\nELECTROLYTIC CAPACITOR', '2', 100, 1),
(392, 'CP04071', 'VN0082CP04', 8, '1MFD/63V/20%/85 @C', '1MFD/63V/20%/85 @C\r\nELECTROLYTIC CAPACITOR', '2', 100, 1),
(393, 'CP04072', 'VN0082CP04', 8, '470MFD/50/20%/ 85@C', '470MFD/50/20%/ 85@C\r\nELECTROLYTIC CAPACITOR', '2', 100, 1),
(394, 'CP04073', 'VN0082CP04', 8, '22 MFD/200V/20%/105@', '22 MFD/200V/20%/105@C\r\nELECTROLYTIC CAPACITOR', '2', 100, 1),
(395, 'CP04075', 'VN0082CP04', 8, '0.1MFD/275VAC/20% X2', '0.1MFD/275VAC/20% X2 10MM PITCH\r\nCAP POLY', '2', 100, 1),
(396, 'CP04077', 'VN0082CP04', 8, '0.1MFD/400V/20% PPC', '0.1MFD/400V/20% PPC\r\nCAP POLY', '2', 100, 1),
(397, 'CP04079', 'VN0082CP04', 8, '10MFD/250V/20%105@C', '10MFD/250V/20%105@C\r\nELECTROLYTIC CAPACITOR', '2', 100, 1),
(398, 'CP04084', 'VN0082CP04', 8, '22NF/300V/20% X2  10', '22NF/300V/20% X2  10MM PITCH\r\nCAP POLY', '2', 100, 1),
(399, 'CP04085', 'VN0082CP04', 8, '100MFD/35V/20%105@C', '100MFD/35V/20%105@C\r\nELECTROLYTIC CAPACITOR', '2', 100, 1),
(400, 'CP04087', 'VN0082CP04', 8, '10MFD/450V/20%105@C', '10MFD/450V/20%105@C\r\nELECTROLYTIC CAPACITOR', '2', 100, 1),
(401, 'CP04088', 'VN0082CP04', 8, '2.2MFD/450V/20%105@C', '2.2MFD/450V/20%105@C\r\nELECTROLYTIC CAPACITOR', '2', 100, 1),
(402, 'CP04089', 'VN0082CP04', 8, '47MFD/200V/20%105@C', '47MFD/200V/20%105@C\r\nELECTROLYTIC CAPACITOR', '2', 100, 1),
(403, 'CP04090', 'VN0082CP04', 8, '100MFD/100V/20%105@C', '100MFD/100V/20%105@C\r\nELECTROLYTIC CAPACITOR', '2', 100, 1),
(404, 'CP04091', 'VN0082CP04', 8, '220MFD/100V/20%105@C', '220MFD/100V/20%105@C\r\nELECTROLYTIC CAPACITOR', '2', 100, 1),
(405, 'CP04092', 'VN0082CP04', 8, '47NF/275V/20% X2  10', '47NF/275V/20% X2  10MM PITCH\r\nCAP POLY', '2', 100, 1),
(406, 'CP04093', 'VN0082CP04', 8, '470UF/50V/20%105@C', '470UF/50V/20%105@C\r\nELECTROLYTIC CAPACITOR', '2', 100, 1),
(407, 'CP04094', 'VN0082CP04', 8, '220UF/50V/20%105@C', '220UF/50V/20%105@C\r\nELECTROLYTIC CAPACITOR', '2', 100, 1),
(408, 'CP04095', 'VN0082CP04', 8, '220UF/63V/20%105@C', '220UF/63V/20%105@C\r\nELECTROLYTIC CAPACITOR', '2', 100, 1),
(409, 'CP04096', 'VN0082CP04', 8, '1UF/50V/0805 ', '1UF/50V/0805 \r\nCHIP RESISTOR', '2', 100, 1),
(410, 'CP04097', 'VN0082CP04', 8, '2.2NF/400V/10% Y2 TY', '2.2NF/400V/10% Y2 TYPE\r\nCAP CERAMIC', '2', 100, 1),
(411, 'CP04098', 'VN0082CP04', 8, '2K2/1KV/10%', '2K2/1KV/10%\r\nCAP CERAMIC', '2', 100, 1),
(412, 'CP04099', 'VN0082CP04', 8, '100UF/50V/20%105@C', '100UF/50V/20%105@C\r\nELECTROLYTIC CAPACITOR', '2', 100, 1),
(413, 'CP04100', 'VN0082CP04', 8, '1UF/50V/1206', '1UF/50V/1206\r\nCAP CERAMIC', '2', 100, 1),
(414, 'CP04101', 'VN0082CP04', 8, '470NF/0805/10%/50V', '470NF/0805/10%/50V\r\nCAP CERAMIC', '2', 100, 1),
(415, 'CP04102', 'VN0082CP04', 8, '100PF/0805/5%', '100PF/0805/5% SMD CAPACITOR', '2', 100, 1),
(416, 'CP04103', 'VN0082CP04', 8, '1UF/0805/25v', '1UF/0805/25v\r\nSMD CAPACITOR', '2', 100, 1),
(417, 'CP04104', 'VN0082CP04', 8, '100PF/0603/5%', '100PF/0603/5%\r\nSMD CAPACITOR', '2', 100, 1),
(418, 'CP04105', 'VN0082CP04', 8, '10NF/0603/50V/10%', '10NF/0603/50V/10%\r\nSMD CAPACITOR', '2', 100, 1),
(419, 'CP04106', 'VN0082CP04', 8, '0.1UF/0603/50V/10%', '0.1UF/0603/50V/10%\r\nSMD CAPACITOR', '2', 100, 1),
(420, 'CP04107', 'VN0082CP04', 8, '1NF/500V/0805 ', '1NF/500V/0805 \r\nSMD CAPACITOR', '2', 100, 1),
(421, 'CP04108', 'VN0082CP04', 8, '47PF/0805/50V/20%', '47PF/0805/50V/20%\r\nSMD CAPACITOR', '2', 100, 1),
(422, 'HS03007', 'VN0009HS03', 9, 'LSI 48 X 20MM', 'LSI 48 X 20MM\r\nHEAT SINK', '2', 100, 1),
(423, 'HS03008', 'VN0009HS03', 9, 'UTYPE ( SMALL )', 'HEATSINK UTYPE ( SMALL )\r\n', '2', 100, 1),
(424, 'HS03009', 'VN0009HS03', 9, 'U TYPE (BIG )', 'HEATSINK U TYPE (BIG )\r\n', '2', 100, 1),
(425, 'HS03010', 'VN0009HS03', 9, 'PI-51/25MM --H/L', 'PI-51/25MM --H/L\r\nHEAT SINK', '2', 100, 1),
(426, 'HS03011', 'VN0009HS03', 9, 'U SHAPE ', 'HEATSINK U SHAPE VIGNANI\r\n', '2', 100, 1),
(427, 'HS03012', 'VN0009HS03', 9, 'PI-48/25MM --H/L', 'PI-48/25MM --H/L\r\nHEAT SINK', '2', 100, 1),
(428, 'MF02004', 'SM0105MF02', 10, 'SM4N65', 'SM4N65 MOSFET', '2', 100, 1),
(429, 'MF02005', 'SM0105MF02', 10, 'SMN-2N60 ', 'SMN-2N60  MOSFET', '2', 100, 1),
(430, 'MF02007', 'VN0009MF02', 10, 'IRFZ44N', 'IRFZ44N MOSFET', '2', 100, 1),
(431, 'MF02011', 'VN0009MF02', 10, '4N60  TO 220', '4N60  TO 220\r\nMOSFET', '2', 100, 1),
(432, 'MF02012', 'VN0009MF02', 10, 'FQP 11N80C', 'FQP 11N80C MOSFET', '2', 100, 1),
(433, 'MF02013', 'VN0009MF02', 10, 'STP12NK80Z', 'STP12NK80Z MOSFET', '2', 100, 1),
(434, 'MF02014', 'VN0009MF02', 10, 'TK10A80E', 'TK10A80E,S4X(S.\r\nMOSFET', '2', 100, 1),
(435, 'MF02015', 'VN0009MF02', 10, 'TK6A80E', 'TK6A80E,S4X(S.\r\nMOSFET', '2', 100, 1),
(436, 'MF02016', 'VN0009MF02', 10, 'AO4440', 'AO4440 MOSFET', '2', 100, 1),
(437, 'MF02017', 'VN0009MF02', 10, 'SF808', 'SF808 MOSFET', '2', 100, 1),
(438, 'MF02018', 'VN0009MF02', 10, 'IRL510 PBF', 'IRL510 PBF MOSFET', '2', 100, 1),
(439, 'MF02019', 'VN0009MF02', 10, '12N60NS', '12N60NS MOSFET', '2', 100, 1),
(440, 'MOV11001', 'VN0083MOV1', 11, '440K ', '440K  MOV', '2', 100, 1),
(441, 'MOV11003', 'VN0083MOV1', 11, '14D471K(300/14)', '14D471K(300/14)\r\nMOV', '2', 100, 1),
(442, 'MOV11005', 'VN0083THM1', 11, '10D471K(300/14)', '10D471K(300/14)\r\nMOV', '2', 100, 1),
(443, 'MOV11006', 'VN0083THM1', 11, '7D471K(300/14)', '7D471K(300/14) MOV', '2', 100, 1),
(444, 'MOV11007', 'VN0083THM1', 11, '20D/511K', 'MOV 20D/511K\r\nMOV', '2', 100, 1),
(445, 'MOV11009', 'VN0083THM1', 11, 'MOV 510/14', 'MOV 510/14 MOV', '2', 100, 1),
(446, 'MOV11011', 'VN0083THM1', 11, 'S20K300', 'S20K300\r\n MOV', '2', 100, 1),
(447, 'WR12001', 'VN0018WR12', 12, '14 Stands Black', '14 Stands Black\r\nPVC Wire', '2', 100, 1),
(448, 'WR12002', 'VN0018WR12', 12, '14/60 Stands Red', '14/60 Stands Red PVC Wire', '2', 100, 1),
(449, 'WR12003', 'VN0018WR12', 12, '19 stands teflon', '19 stands Teflon \r\nWire', '2', 100, 1),
(450, 'WR12004', 'VN0018WR12', 12, '19 stands teflon Red', '19 stands teflon Red\r\nWire', '2', 100, 1),
(451, 'WR12005', 'VN0018WR12', 12, '19 stands teflon Bla', '19 stands Teflon  Black\r\nWire', '2', 100, 1),
(452, 'WR12006', 'VN0018WR12', 12, '14/36 RED WITH 5MM ', '80MM 14/36 RED WITH 5MM T&T B/E\r\nWire', '2', 100, 1),
(453, 'WR12007', 'VN0018WR12', 12, '14/36 BLAC 5MM T&T B', '80MM 14/36 BLACK WITH 5MM T&T B/E Wire\r\n', '2', 100, 1),
(454, 'WR12008', 'VN0018WR12', 12, 'TERMINAL CRIMPING WI', 'TERMINAL CRIMPING WITH WHITE CABLE \r\n', '2', 100, 1),
(455, 'WR12009', 'VN0018WR12', 12, '7/38 ASSEMBLY BLACK', '7/38 ASSEMBLY BLACK\r\nPVC Wire', '2', 100, 1),
(456, 'WR12010', 'VN0018WR12', 12, '7/38 ASSEMBLY RED', '7/38 ASSEMBLY RED\r\nPVC Wire', '2', 100, 1),
(457, 'PCB09001', 'VN0098PCB0', 13, 'TUBE LIGHT 4.4 VER', 'TUBE LIGHT 4.4 VER\r\nPCB', '2', 100, 1),
(458, 'PCB09002', 'VN0098PCB0', 13, 'E27-SEM REV 3.2', 'E27-SEM REV 3.2\r\nPCB', '2', 100, 1),
(459, 'PCB09003', 'VN0098PCB0', 13, 'T10-TUBE LIGHT MCPCB', 'T10-TUBE LIGHT MCPCB\r\nMC PCB', '2', 100, 1),
(460, 'PCB09004', 'VN0098PCB0', 13, 'T10-TL MCPCB V1', 'T10-TUBE LIGHT MCPCB V1\r\nMC PCB', '2', 100, 1),
(461, 'PCB09005', 'VN0098PCB0', 13, 'T8 TL MC PCB 140LEDS', 'T8 TUBE LIGHT MC PCB 140 LEDS\r\nMC PCB', '2', 100, 1),
(462, 'PCB09006', 'VN0098PCB0', 13, 'T8 TL MC PCB 150Leds', 'T8 TUBE LIGHT MC PCB 150 LEDS\r\nMC PCB', '2', 100, 1),
(463, 'PCB09007', 'VN0098PCB0', 13, '91 LEDS -TL M', '91 LEDS -Tubelight MCPCB\r\nMC PCB', '2', 100, 1),
(464, 'PCB09008', 'VN0098PCB0', 13, 'T8 TUBE LIGHT MC PCB', 'T8 TUBE LIGHT MC PCB\r\nMC PCB', '2', 100, 1),
(465, 'PCB09009', 'VN0098PCB0', 13, 'T8 TL MCPCB V1', 'T8 TUBE LIGHT MC PCB V1 MC PCB', '2', 100, 1),
(466, 'PCB09010', 'VN0098PCB0', 13, 'SEM V1.0 MCPCB 140LE', 'SEM VER 1.0 MC PCB 140LEDS MC PCB', '2', 100, 1),
(467, 'PCB09011', 'VN0098PCB0', 13, 'SEM V1.0 MCPCB 120LE', 'SEM VER 1.0 MC PCB 120LEDS\r\nMC PCB', '2', 100, 1),
(468, 'PCB09012', 'VN0111PCB0', 13, 'CIRCULAR MC PCB 15LE', 'CIRCULAR MC PCB 15LED\r\nMC PCB', '2', 100, 1),
(469, 'PCB09013', 'VN0111PCB0', 13, 'CIRCULAR MC PCB 10LE', 'CIRCULAR MC PCB 10LED\r\nMC PCB', '2', 100, 1),
(470, 'PCB09014', 'VN0111PCB0', 13, '10W CIRCULAR MC PCB', '10 W CIRCULAR MC PCB\r\nMC PCB', '2', 100, 1),
(471, 'PCB09015', 'VN0111PCB0', 13, '15 W CIRCULAR MC PCB', '15 W CIRCULAR MC PCB\r\n', '2', 100, 1),
(472, 'PCB09016', 'VN0111PCB0', 13, '20 W CIRCULAR MC PCB', '20 W CIRCULAR MC PCB \r\n', '2', 100, 1),
(473, 'PCB09017', 'VN0111PCB0', 13, '3W CIR MCPCB (CN)', '3 W CIRCULAR MC PCB (CN)\r\n', '2', 100, 1),
(474, 'PCB09018', 'VN0111PCB0', 13, '5W CIR MC PCB(CN)', '5 W CIRCULAR MC PCB(CN)\r\n', '2', 100, 1),
(475, 'PCB09019', 'VN0111PCB0', 13, '9W CIR MC PCB(CN)', '9 W CIRCULAR MC PCB(CN)\r\n', '2', 100, 1),
(476, 'PCB09020', 'VN0111PCB0', 13, '15W CIR  MC PCB(CN)', '15 W  CIRCULAR MC PCB(CN)\r\nMC PCB', '2', 100, 1),
(477, 'PCB09021', 'VN0111PCB0', 13, '3W CIR MC PCB(CN)', '3 W CIRCULAR MC PCB(CN)\r\nMC PCB', '2', 100, 1),
(478, 'PCB09022', 'VN0111PCB0', 13, '6W CIR  MC PCB(CN)', '6 W CIRCULAR MC PCB(CN)\r\nMC PCB', '2', 100, 1),
(479, 'PCB09023', 'VN0111PCB0', 13, '18W CIR MC PCB(CN)', '18 W CIRCULAR MC PCB(CN)\r\nMC PCB', '2', 100, 1),
(480, 'PCB09024', 'VN0111PCB0', 13, '30W CIR MC PCB (CN)', '30 W CIRCULAR MC PCB (CN)\r\n', '2', 100, 1),
(481, 'PCB09025', 'VN0098PCB0', 13, '20 Watt circular', '20 Watt circular\r\nMCPCB', '2', 100, 1),
(482, 'PCB09026', 'VN0098PCB0', 13, '10 WATT CIRCULAR', '10 WATT CIRCULAR\r\nMCPCB', '2', 100, 1),
(483, 'PCB09027', 'VN0098PCB0', 13, '15 WATT CIRCULAR', '15 WATT CIRCULAR\r\nMCPCB', '2', 100, 1),
(484, 'PCB09028', 'VN0098PCB0', 13, 'SM 18W V4.2 ', 'SM 18 WATT VER 4.2 \r\nPCB', '2', 100, 1),
(485, 'PCB09029', 'VN0070PCB0', 13, 'SL-CONT', 'SL-CONT BARE PCB', '2', 100, 1),
(486, 'PCB09030', 'VN0070PCB0', 13, 'E27-CS-EM1', 'E27-CS-EM1 BARE PCB', '2', 100, 1),
(487, 'PCB09031', 'VN0098PCB0', 13, 'T8 TL MC PCB 1FT', 'T8 TUBE LIGHT MC PCB 1 FT', '2', 100, 1),
(488, 'PCB09032', 'VN0111PCB0', 13, '3W CIR MCPCB(WW) ', '3 W CIRCULAR MC PCB (WW)', '2', 100, 1),
(489, 'PCB09033', 'VN0111PCB0', 13, '9 W CIR MC PCB( WW)', '9 W CIRCULAR MC PCB( WW)', '2', 100, 1),
(490, 'PCB09034', 'VN0111PCB0', 13, '20W CIR MCPCB(WW)', '20W CIRCULAR MC PCB(WW)\r\n', '2', 100, 1),
(491, 'PCB09035', 'VN0098PCB0', 13, 'SM 3300 TL V5.8 D/S', 'SM 3300 VER TL 5.8 D/S\r\n', '2', 100, 1),
(492, 'PCB09036', 'VN0098PCB0', 13, 'SM 18 WATT VER 5.4 ', 'SM 18 WATT VER 5.4 \r\n', '2', 100, 1),
(493, 'PCB09037', 'VN0098PCB0', 13, 'SM 4-7 WATT 6300B', 'SM 4-7 WATT 6300B\r\n', '2', 100, 1),
(494, 'PCB09038', 'VN0007PCB0', 13, '600MM Integrated', '600 MM LED PCB INTEGRATED\r\n', '2', 100, 1),
(495, 'PCB09039', 'VN0007PCB0', 13, '1200MM PCBA Integrat', '1200 MM LED PCBA INTEGREATED \r\n', '2', 100, 1),
(496, 'PCB09040', 'VN0098PCB0', 13, 'SEM-SURGE-V1.0 S/S', 'SEM-SURGE-VER 1.0 S/S (196 X 1 )', '2', 100, 1),
(497, 'PCB09041', 'VN0098PCB0', 13, 'SEM VER ST 1.0 S/S', 'SEM VER ST 1.0 -S/S METALCLAD PCB', '2', 100, 1),
(498, 'PCB09042', 'VN0098PCB0', 13, '50 LED INTEGREATED P', '50 LED INTEGREATED PCB\r\n', '2', 100, 1),
(499, 'PCB09043', 'VN0098PCB0', 13, 'T8 TL MCPCB 140L(WW)', 'T8 TUBE LIGHT MC PCB 140 LEDS (W/W)', '2', 100, 1),
(500, 'PCB09044', 'VN0098PCB0', 13, 'SEM V1.0 MCPCB 117LE', 'SEM VER 1.0 MC PCB 117 LEDS ', '2', 100, 1),
(501, 'PCB09045', 'VN0098PCB0', 13, 'T8 TUBE LIGHT MC PCB', 'T8 TUBE LIGHT MC PCB 117 LEDS', '2', 100, 1),
(502, 'PCB09046', 'VN0098PCB0', 13, 'SDL XX B-ver 1.4', 'SDL XX B-ver 1.4 pcb Charges\r\n', '2', 100, 1),
(503, 'PCB09047', 'VN0098PCB0', 13, 'E-27-CS-REV 4.10', 'E-27-CS-REV 4.10 pcb \r\n', '2', 100, 1),
(504, 'PCB09048', 'VN0098PCB0', 13, 'MC V2 25LED Supra', 'SUPRA ENERGY MC V2 25 LED PCB', '2', 100, 1),
(505, 'PCB09049', 'VN0098PCB0', 13, 'MC V2 PCBA 25 SUPRA ', 'SUPRA MC V2 PCB 25 LED ASSEMBLED\r\n', '2', 100, 1),
(506, 'PCB09050', 'VN0098PCB0', 13, '3 W CIRCULAR MC PCB', '3 W CIRCULAR MC PCB', '2', 100, 1),
(507, 'PCB09051', 'VN0098PCB0', 13, '6W CIRCULAR MC PCB ', '6 WCIRCULAR MC PCB ', '2', 100, 1),
(508, 'PCB09052', 'VN0098PCB0', 13, 'VER DL 2.1 SM63XB D/', 'SEM VER DL 2.1 SM 63 X B D/S (10 X 1)\r\n', '2', 100, 1),
(509, 'PCB09053', 'VN0098PCB0', 13, '600MM  PCB INTE(WW)', '600 MM LED PCB INTEGRATED (WW)', '2', 100, 1),
(510, 'PCB09054', 'VN0098PCB0', 13, '1200MM PCBA Inte(WW)', '1200 MM LED PCBA INTEGREATED (WW)', '2', 100, 1),
(511, 'PCB09055', 'VN0098PCB0', 13, 'MCPCB 3.5W V2.0(WW)', 'MC PCB 3.5WATT VER 2.0 (WW)', '2', 100, 1),
(512, 'PCB09056', 'VN0098PCB0', 13, 'MC PCB 7W VER 18-0', 'MC PCB 7 WATT VER 18-0', '2', 100, 1),
(513, 'PCB09057', 'VN0098PCB0', 13, 'SM 18 WATT VER 5.1 ', 'SM 18 WATT VER 5.1 DRIVER PCB', '2', 100, 1);
INSERT INTO `rawmaterial` (`id`, `materialcode`, `categorynumber`, `categoryid`, `partnumber`, `description`, `tax`, `minquantity`, `bom_category`) VALUES
(514, 'PCB09058', 'VN0098PCB0', 13, 'SM ISO  REV 2.1 PCB ', 'SM ISO  REV 2.1 PCB ', '2', 100, 1),
(515, 'PCB09059', 'VN0098PCB0', 13, 'SEM VER 4.1 LED PCB ', ' SEM VER 4.1 LED PCB  117 LED', '2', 100, 1),
(516, 'PCB09060', 'VN0098PCB0', 13, 'PCB VER TL 1.0 LED P', 'PCB VER TL 1.0 LED PCB', '2', 100, 1),
(517, 'PCB09061', 'VN0098PCB0', 13, '2835LED25C4B1170X9.8', '2835LED25C4B1170X9.8B/O\r\n', '2', 100, 1),
(518, 'PCB09062', 'VN0098PCB0', 13, '2835LED12C4B538X9.5A', '2835LED12C4B538X9.5A/O', '2', 100, 1),
(519, 'PCB09063', 'VN0098PCB0', 13, 'PCB 9630145569.9', 'PCB 9630145569.9\r\n', '2', 100, 1),
(520, 'PCB09064', 'VN0098PCB0', 13, ' 555X7MM 3014LED 12C', ' 555X7MM 3014LED 12C15B PCB', '2', 100, 1),
(521, 'PCB09065', 'VN0098PCB0', 13, '255X7MM 3014 LED 12', ' 255X7MM 3014 LED 12C6B PCB\r\n', '2', 100, 1),
(522, 'PCB09066', 'VN0098PCB0', 13, 'PCB STRIP LIGHT', 'PCB STRIP LIGHT\r\n', '2', 100, 1),
(523, 'PCB09067', 'VN0098PCB0', 13, 'SM 63XX8 VER 2.1DL', 'PCB SM 63XX8 VER 2.1DL\r\n', '2', 100, 1),
(524, 'PCB09068', 'VN0098PCB0', 13, 'SEM -VER LED1MM S/S', 'SEM -VER LED1MM S/S \r\nPCB', '2', 100, 1),
(525, 'PCB09069', 'VN0098PCB0', 13, 'SEM V TL6.3(52LED)S/', 'SEM VER TL 6.3  (52 LED) S/S PCB\r\n', '2', 100, 1),
(526, 'PCB09070', 'VN0098PCB0', 13, 'SEM V TL6.3(52LED)PC', 'SEM VER TL 6.3  (52 LED) S/S PCBA\r\n', '2', 100, 1),
(527, 'PCB09071', 'VN0098PCB0', 13, 'V 1MM S/S PCB 9W 2P ', 'SEM -VER LED  1MM S/S 9W 2P 9S\r\n', '2', 100, 1),
(528, 'PCB09072', 'VN0098PCB0', 13, 'SSTxxB-VER  DL  1.9', 'SSTxxB-VER  DL  1.9\r\n', '2', 100, 1),
(529, 'PCB09073', 'VN0098PCB0', 13, 'SM 18W VER 5.13 ', 'SM 18 WATT VER 5.13 DRIVER PCB\r\nPCB', '2', 100, 1),
(530, 'PCB09074', 'VN0098PCB0', 13, '3W CIR PCBA', '3 W CIRCULAR MC PCB(SPOT LIGHT)CN\r\nPCBA', '2', 100, 1),
(531, 'PCB09075', 'VN0098PCB0', 13, 'VER DL ES 02 (34mm*8', 'VER DL ES 02 (34mm*82mm)\r\nPCB', '2', 100, 1),
(532, 'PCB09076', 'VN0098PCB0', 13, 'SEM VER T15.8-D/S PC', 'SEM VER T15.8-D/S PCB\r\nPCB', '2', 100, 1),
(533, 'PCB09077', 'VN0098PCB0', 13, 'SEM V TLLP 3528 4.0 ', 'SEM VER TLLP 3528 4.0-S/S (13 X 1 )\r\nPCB', '2', 100, 1),
(534, 'PCB09078', 'VN0098PCB0', 13, 'SSTXX B-VERST-1.12 D', 'SSTXX B-VERST-1.12 D/S(8 X 1)\r\nPCB', '2', 100, 1),
(535, 'PCB09079', 'VN0098PCB0', 13, '6W MCPCB ', '6 WATT MC PCB(UNIVERSAL)\r\nPCB', '2', 100, 1),
(536, 'PCB09080', 'VN0098PCB0', 13, 'VER SDR 26 XXA 1.0 S', 'VER SDR 26 XXA 1.0 S/S (60 X 1)\r\nPCB', '2', 100, 1),
(537, 'PCB09081', 'VN0098PCB0', 13, 'SEM 1.0', 'PCB', '2', 100, 1),
(538, 'PCB09082', 'VN0098PCB0', 13, 'SEM VER TL 6.3  (52 ', 'SEM VER TL 6.3  (52 LED) S/S PCBA (60MA)\r\nPCB', '2', 100, 1),
(539, 'PCB09083', 'VN0098PCB0', 13, 'PCB AMOU 0477  CIRCU', ' PCB AMOU 0477  CIRCULAR\r\nMC PCB', '2', 100, 1),
(540, 'PCB09084', 'VN0098PCB0', 13, 'SDLXXB-VER BL1.5', 'SDLXXB-VER BL1.5\r\nBARE PCB', '2', 100, 1),
(541, 'PCB09085', 'VN0098PCB0', 13, 'PCB AN3088 BUCK ', 'PCB AN3088 BUCK \r\nBARE PCB', '2', 100, 1),
(542, 'PCB09086', 'VN0098PCB0', 13, 'PCB VERT 3528 -SINGL', 'PCB VERT 3528 -SINGLE SIDE\r\nBARE PCB', '2', 100, 1),
(543, 'PCB09087', 'VN0098PCB0', 13, 'VER SDR 26', 'VER SDR 26 XXA 1.0 S/S (60 X 1)\r\nPCB', '2', 100, 1),
(544, 'PCB09088', 'VN0098PCB0', 13, 'PCB VER DLES 02  (5,', 'PCB VER DLES 02  (5,10,15 W) \r\nPCB', '2', 100, 1),
(545, 'PCB09089', 'VN0098PCB0', 13, 'SEM V TL 6.3 PCBA1', 'SEM VER TL 6.3  (52 LED) PCBA150MA\r\nPCB', '2', 100, 1),
(546, 'PCB09090', 'VN0098PCB0', 13, 'MCPCB 7W LED  V 18-0', 'MC PCB 7 W With LED VER 18-0\r\nPCBA', '2', 100, 1),
(547, 'PCB09091', 'VN0098PCB0', 13, 'MC PCB 5 W -CDL', 'MC PCB 5 WATT -CDL\r\nMC PCB', '2', 100, 1),
(548, 'PCB09092', 'VN0098PCB0', 13, 'MC PCB 3 WATT -CDL', 'MC PCB 3 WATT -CDL\r\nMC PCB', '2', 100, 1),
(549, 'PCB09093', 'VN0098PCB0', 13, 'MC PCB 5 WATT -SQDL', 'MC PCB 5 WATT -SQDL\r\nMC PCB', '2', 100, 1),
(550, 'PCB09094', 'VN0098PCB0', 13, 'MCPCB 9W SIZE 3.9 CM', 'MC PCB 9W -  SIZE 3.9 CM X 3.9 CM \r\nMC PCB', '2', 100, 1),
(551, 'PCB09095', 'VN0098PCB0', 13, 'MCPCB 15W - SIZE 7.7', 'MC PCB 15W - SIZE 7.7 CM X 7.7 CM \r\nMC PCB', '2', 100, 1),
(552, 'PCB09096', 'VN0098PCB0', 13, 'MC PCB 18W - SIZE 10', 'MC PCB 18W - SIZE 10 CM X 10 CM \r\nMC PCB', '2', 100, 1),
(553, 'PCB09097', 'VN0098PCB0', 13, 'MC PCB 30W - SIZE 14', 'MC PCB 30W - SIZE 14 CM X 14 CM\r\nMC PCB', '2', 100, 1),
(554, 'PCB09098', 'VN0098PCB0', 13, 'VER SDR 2601-1.01-S/', 'VER SDR 2601-1.01-S/S (24 X 1) \r\nPCB', '2', 100, 1),
(555, 'PCB09099', 'VN0098PCB0', 13, 'MC PCBA 9W -(COOL WH', 'MC PCBA 9W -(COOL WHITE)\r\nMC PCBA', '2', 100, 1),
(556, 'PCB09100', 'VN0098PCB0', 13, 'MC PCBA 15W -(COOL W', 'MC PCBA 15W -(COOL WHITE)\r\nMC PCBA', '2', 100, 1),
(557, 'PCB09101', 'VN0098PCB0', 13, 'MC PCBA 18W -(COOL W', 'MC PCBA 18W -(COOL WHITE)\r\nMC PCBA', '2', 100, 1),
(558, 'PCB09102', 'VN0098PCB0', 13, 'MC PCBA 30W -(COOL W', 'MC PCBA 30W -(COOL WHITE)\r\nMC PCBA', '2', 100, 1),
(559, 'PCB09103', 'VN0098PCB0', 13, 'MC PCBA 9W -(NUTRAL ', 'MC PCBA 9W -(NUTRAL WHITE)\r\nMC PCBA', '2', 100, 1),
(560, 'PCB09104', 'VN0098PCB0', 13, 'MC PCBA 15W -(NUTRAL', 'MC PCBA 15W -(NUTRAL WHITE)\r\nMC PCBA', '2', 100, 1),
(561, 'PCB09105', 'VN0098PCB0', 13, 'MC PCBA 18W -(NUTRAL', 'MC PCBA 18W -(NUTRAL WHITE)\r\nMC PCBA', '2', 100, 1),
(562, 'PCB09106', 'VN0098PCB0', 13, 'MC PCBA 30W -(NUTRAL', 'MC PCBA 30W -(NUTRAL WHITE)\r\nMC PCBA', '2', 100, 1),
(563, 'PCB09107', 'VN0098PCB0', 13, 'SM-STL-VER-01A  (3 X', 'SM-STL-VER-01A  (3 X 1 ) (CG PCB)\r\nPCB', '2', 100, 1),
(564, 'PCB09108', 'VN0098PCB0', 13, 'SEM 2601--1.01 PP S/', 'SEM 2601--1.01 PP S/S \r\nPCB', '2', 100, 1),
(565, 'PCB09109', 'VN0098PCB0', 13, 'SSTXX B-VERST-1.14 ', 'SSTXX B-VERST-1.14 \r\nPCB', '2', 100, 1),
(566, 'PCB09110', 'VN0098PCB0', 13, 'PCB VER DL L 15 SQ 1', 'PCB VER DL L 15 SQ 1.01\r\nMC PCB', '2', 100, 1),
(567, 'PCB09111', 'VN0098PCB0', 13, 'PCBA VER DL L 15 SQ ', 'PCBA VER DL L 15 SQ 1.01\r\nMC PCBA', '2', 100, 1),
(568, 'PCB09112', 'VN0098PCB0', 13, 'MC PCBA 9W-(WARM WHI', 'MC PCBA 9W-(WARM WHITE)\r\nMC PCBA', '2', 100, 1),
(569, 'PCB09113', 'VN0098PCB0', 13, 'MC PCBA 15W -(WARM W', 'MC PCBA 15W -(WARM WHITE)\r\nMC PCBA', '2', 100, 1),
(570, 'PCB09114', 'VN0098PCB0', 13, 'MC PCBA 18W -(WARM W', 'MC PCBA 18W -(WARM WHITE)\r\nMC PCBA', '2', 100, 1),
(571, 'PCB09115', 'VN0098PCB0', 13, 'MC PCBA 30W -(WARM W', 'MC PCBA 30W -(WARM WHITE)\r\nMC PCBA', '2', 100, 1),
(572, 'PCB09116', 'VN0098PCB0', 13, 'SEM VER 1.0 MC PCB 1', 'SEM VER 1.0 MC PCB 140LEDS (NW)\r\nMC PCBA', '2', 100, 1),
(573, 'PCB09117', 'VN0098PCB0', 13, 'SBL 6350 VER BL 1.01', 'SBL 6350 VER BL 1.01  (8-12W )\r\nPCB', '2', 100, 1),
(574, 'PCB09118', 'VN0098PCB0', 13, '18 WATT CI', '18 W CIRCULAR FR4 PCB (147 LEDS) \r\n', '2', 100, 1),
(575, 'PCB09119', 'VN0098PCB0', 13, '18 WATT CI', '18 W CIRCULAR FR4 PCBA(147 LEDS)', '2', 100, 1),
(576, 'PCB09120', 'VN0098PCB0', 13, ' VER 1.0 SM 6350 S/S', ' VER 1.0 SM 6350 S/S (10 X 1)(10-15 W 30-52V)\r\nPCB', '2', 100, 1),
(577, 'PCB09121', 'VN0098PCB0', 13, 'LED TUBE L', 'SEM VER TL 6.3  (52 LED) S/S PCB ( 2FEET)', '2', 100, 1),
(578, 'PCB09122', 'VN0098PCB0', 13, 'LED TUBE L', 'LED TUBE LIGHT  STRIP  60LEDS PCBA', '2', 100, 1),
(579, 'PCB09123', 'VN0098PCB0', 13, 'SEMVER TL 6.3(52) 2F', 'SEM VER TL 6.3  (52 LED) S/S PCB ( 2FEET)\r\nPCB', '2', 100, 1),
(580, 'PCB09124', 'VN0098PCB0', 13, 'TL6.3(52LED)2Ft PCBA', 'SEM VER TL 6.3  (52 LED) S/S PCB A( 2FEET)\r\nPCBA', '2', 100, 1),
(581, 'PCB09125', 'VN0098PCB0', 13, 'SM 2601 -- 1.01PP (5', 'SM 2601 -- 1.01PP (5-9W-SM2601) \r\nPCB', '2', 100, 1),
(582, 'PCB09126', 'VN0098PCB0', 13, 'VER DL.L.1', 'VER DL.L.1 MC PCB', '2', 100, 1),
(583, 'PCB09127', 'VN0098PCB0', 13, 'VER DL.L.1', 'VER DL.L.1 MC PCBA', '2', 100, 1),
(584, 'PCB09128', 'VN0098PCB0', 13, 'SEM-VER  P3528 1.0-S', 'SEM-VER PANEL P3528 1.0-S/S MC PCB (11 LED MC PCB)', '2', 100, 1),
(585, 'IC15001', 'SM0105IC15', 14, 'SM3300', 'SM3300 IC', '2', 100, 1),
(586, 'IC15002', 'SM0105IC15', 14, 'SM8900', 'SM8900 IC', '2', 100, 1),
(587, 'IC15003', 'SM0105IC15', 14, 'CS8902', 'CS8902 IC', '2', 100, 1),
(588, 'IC15004', 'VN0035IC15', 14, 'FAN7346MX SCR SGP ', 'FAN7346MX SCR SGP IC', '2', 100, 1),
(589, 'IC15005', 'VN0035IC15', 14, '23AB FO8H60S', '23AB FO8H60S IC', '2', 100, 1),
(590, 'IC15009', 'VN0035IC15', 14, '12F675', '12F675 IC', '2', 100, 1),
(591, 'IC15010', 'VN0035IC15', 14, 'SM6300A', 'SM6300A IC', '2', 100, 1),
(592, 'IC15011', 'VN0035IC15', 14, 'SSW2802 SO', 'SSW2802 SO IC', '2', 100, 1),
(593, 'IC15013', 'VN0035IC15', 14, 'SSW2601A', 'SSW2601A IC', '2', 100, 1),
(594, 'IC15015', 'VN0035IC15', 14, 'SM6300B', 'SM6300B IC', '2', 100, 1),
(595, 'IC15016', 'VN0035IC15', 14, 'SM2601', 'SM2601 IC', '2', 100, 1),
(596, 'IC15017', 'VN0035IC15', 14, 'SMA6301', 'SMA6301 IC', '2', 100, 1),
(597, 'IC15018', 'VN0035IC15', 14, 'IE817', 'IE817 IC', '2', 100, 1),
(598, 'IC15019', 'VN0035IC15', 14, 'IC BASE 28 PIN 2.54M', 'IC BASE 28 PIN 2.54MM\r\n', '2', 100, 1),
(599, 'IC15020', 'VN0035IC15', 14, 'SM UA 2121', 'SM UA 2121 IC', '2', 100, 1),
(600, 'IC15022', 'VN0035IC15', 14, 'HT66F03C', 'HT66F03C IC', '2', 100, 1),
(601, 'IC15023', 'VN0035IC15', 14, 'AN30888A', 'AN30888A IC', '2', 100, 1),
(602, 'IC15024', 'VN0035IC15', 14, 'S14166DY', 'S14166DY IC', '2', 100, 1),
(603, 'IC15025', 'VN0035IC15', 14, 'HT66F04C ', 'HT66F04C  IC', '2', 100, 1),
(604, 'IC15026', 'VN0035IC15', 14, 'CFL IC', 'CFL IC', '2', 100, 1),
(605, 'IC15027', 'VN0035IC15', 14, 'R5F10268ASP#VO', 'R5F10268ASP#VO IC', '2', 100, 1),
(606, 'IC15028', 'VN0035IC15', 14, 'IC FX2011', 'FX2011 IC', '2', 100, 1),
(607, 'IC15029', 'VN0035IC15', 14, 'FX2C12', 'FX2C12 IC', '2', 100, 1),
(608, 'IC15031', 'VN0035IC15', 14, 'IC LNK626P', 'LNK626P IC', '2', 100, 1),
(609, 'IC15032', 'VN0035IC15', 14, 'IC BW6350', 'BW6350 IC', '2', 100, 1),
(610, 'THM11004', 'VN0083THM1', 15, '10D NTC', 'THERMISTER', '2', 100, 1),
(611, 'TIM00001', 'VN0001TIM0', 16, '33PF', 'TIMER CAPACITOR', '2', 100, 1),
(612, 'TIM00002', 'VN0001TIM0', 16, '32KHZ', 'TIMER CRISTAL OSSILATOR', '2', 100, 1),
(613, 'TIM00003', 'VN0001TIM0', 16, 'SR260', 'TIMER DIODE', '2', 100, 1),
(614, 'TIM00004', 'VN0001TIM0', 16, '102PF/1K', 'TIMER DISC CAPSCITOR', '2', 100, 1),
(615, 'TIM00005', 'VN0001TIM0', 16, '470UF/25V', 'TIMER ELECTROLYTIC CAPACITOR', '2', 100, 1),
(616, 'TIM00006', 'VN0001TIM0', 16, '1UF/50V', 'TIMER ELECTROLYTIC CAPACITOR', '2', 100, 1),
(617, 'TIM00007', 'VN0001TIM0', 16, '12F675', 'TIMER IC', '2', 100, 1),
(618, 'TIM00008', 'VN0001TIM0', 16, '3.3MH', 'TIMER INDUCTOR', '2', 100, 1),
(619, 'TIM00009', 'VN0001TIM0', 16, 'BATTERY', 'TIMER LITHIUM CELL ', '2', 100, 1),
(620, 'TIM00010', 'VN0001TIM0', 16, 'BATTERY HO', 'TIMER LITHIUM CELL HOLDER ', '2', 100, 1),
(621, 'TIM00011', 'VN0001TIM0', 16, 'EL817', 'TIMER OCTOCUPPLER ', '2', 100, 1),
(622, 'TIM00012', 'VN0001TIM0', 16, 'DS1307', 'TIMER RTC-TIMER', '2', 100, 1),
(623, 'TIM00013', 'VN0001TIM0', 16, 'EE16-4.5MH', 'TRANSFORMER', '2', 100, 1),
(624, 'TIM00014', 'VN0001TIM0', 16, 'EE13', 'TRANSFORMER', '2', 100, 1),
(625, 'TIM00015', 'VN0001TIM0', 16, 'SK1.25MH ', 'TRANSFORMER', '2', 100, 1),
(626, 'TIM00016', 'VN0001TIM0', 16, '11.0592MHZ', ' TIMER CRISTAL OSSILATOR', '2', 100, 1),
(627, 'TIM00017', 'VN0001TIM0', 16, 'PIC16F886', ' TIMER MICROCONTROLLER', '2', 100, 1),
(628, 'TIM00018', 'VN0001TIM0', 16, '11.0592MHZ', 'CRISTAL OSSILATOR', '2', 100, 1),
(629, 'TIM00019', 'VN0001TIM0', 16, '32KHZ', 'CRISTAL OSSILATOR', '2', 100, 1),
(630, 'EQ21001', 'VN0001EQ21', 17, 'ASA -A Des', 'EQUIPMENT Desoldering pump', '2', 100, 1),
(631, 'EQ21002', 'VN0001EQ21', 17, 'Digitel Mu', 'EQUIPMENT Digitel Multimeter', '2', 100, 1),
(632, 'EQ21003', 'VN0001EQ21', 17, '900MT-I So', 'EQUIPMENT Soldering Bit', '2', 100, 1),
(633, 'EQ21004', 'VN0001EQ21', 17, 'HALF ROUND', 'EQUIPMENTS', '2', 100, 1),
(634, 'EQ21005', 'VN0001EQ21', 17, 'TAP AND TA', 'EQUIPMENTS', '2', 100, 1),
(635, 'EQ21006', 'VN0001EQ21', 17, 'SCREW DRIV', 'EQUIPMENTS', '2', 100, 1),
(636, 'EQ21007', 'VN0001EQ21', 17, 'Auto screw', 'EQUIPMENTS', '2', 100, 1),
(637, 'EQ21008', 'VN0001EQ21', 17, 'Auto screw', 'EQUIPMENTS', '2', 100, 1),
(638, 'EQ21009', 'VN0001EQ21', 17, 'SCRISSOR-6', 'EQUIPMENTS', '2', 100, 1),
(639, 'EQ21010', 'VN0001EQ21', 17, 'WIRE STRIP', 'EQUIPMENTS', '2', 100, 1),
(640, 'EQ21011', 'VN0001EQ21', 17, 'CUTTER 4''''', 'EQUIPMENTS', '2', 100, 1),
(641, 'EQ21012', 'VN0001EQ21', 17, 'TESTER', 'EQUIPMENTS', '2', 100, 1),
(642, 'EQ21013', 'VN0001EQ21', 17, 'KNIFE', 'EQUIPMENTS', '2', 100, 1),
(643, 'EQ21014', 'VN0001EQ21', 17, 'TWEEZER', 'EQUIPMENTS', '2', 100, 1),
(644, 'EQ21015', 'VN0001EQ21', 17, 'FLAT FILE ', 'EQUIPMENTS', '2', 100, 1),
(645, 'EQ21016', 'VN0001EQ21', 17, 'Drill Bits', 'EQUIPMENTS', '2', 100, 1),
(646, 'EQ21017', 'VN0001EQ21', 17, 'Doubble Si', 'EQUIPMENTS', '2', 100, 1),
(647, 'EQ21018', 'VN0001EQ21', 17, 'CASIO CALC', 'EQUIPMENTS', '2', 100, 1),
(648, 'EQ21019', 'VN0001EQ21', 17, 'SOCKET GLU', 'EQUIPMENTS', '2', 100, 1),
(649, 'EQ21020', 'VN0001EQ21', 17, 'SOCKET BOP', 'EQUIPMENTS', '2', 100, 1),
(650, 'EQ21021', 'VN0001EQ21', 17, '22MM MALLE', 'EQUIPMENTS', '2', 100, 1),
(651, 'EQ21022', 'VN0001EQ21', 17, 'STANLEY PL', 'EQUIPMENTS', '2', 100, 1),
(652, 'EQ21023', 'VN0001EQ21', 17, 'STANLEY S/', 'EQUIPMENTS', '2', 100, 1),
(653, 'EQ21024', 'VN0001EQ21', 17, 'STANLEY WI', 'EQUIPMENTS', '2', 100, 1),
(654, 'EQ21025', 'VN0001EQ21', 17, 'STANLEY SC', 'EQUIPMENTS', '2', 100, 1),
(655, 'EQ21026', 'VN0001EQ21', 17, 'TWO WONDER', 'EQUIPMENTS', '2', 100, 1),
(656, 'EQ21027', 'VN0001EQ21', 17, 'TWO WONDER', 'EQUIPMENTS', '2', 100, 1),
(657, 'EQ21028', 'VN0001EQ21', 17, 'TWO WONDER', 'EQUIPMENTS', '2', 100, 1),
(658, 'EQ21029', 'VN0001EQ21', 17, 'GM SENSOR ', 'EQUIPMENTS', '2', 100, 1),
(659, 'EQ21030', 'VN0001EQ21', 17, 'GM G-STAR ', 'EQUIPMENTS', '2', 100, 1),
(660, 'EQ21031', 'VN0001EQ21', 17, 'PNC GARBAG', 'EQUIPMENTS', '2', 100, 1),
(661, 'EQ21032', 'VN0001EQ21', 17, 'JOYO UTILI', 'EQUIPMENTS', '2', 100, 1),
(662, 'EQ21033', 'VN0001EQ21', 17, 'JOYO UTILI', 'EQUIPMENTS', '2', 100, 1),
(663, 'EQ21034', 'VN0001EQ21', 17, 'C'' CLAMP', 'EQUIPMENTS', '2', 100, 1),
(664, 'EQ21035', 'VN0001EQ21', 17, 'HACKSAW FR', 'EQUIPMENTS', '2', 100, 1),
(665, 'EQ21036', 'VN0001EQ21', 17, 'HACKSAW FR', 'EQUIPMENTS', '2', 100, 1),
(666, 'EQ21037', 'VN0001EQ21', 17, 'HAND DRILL', 'EQUIPMENTS', '2', 100, 1),
(667, 'EQ21038', 'VN0001EQ21', 17, 'SPANNERS S', 'EQUIPMENTS', '2', 100, 1),
(668, 'EQ21039', 'VN0001EQ21', 17, 'STEEL MEAS', 'EQUIPMENTS', '2', 100, 1),
(669, 'EQ21040', 'VN0001EQ21', 17, 'SLDXXB VER', 'EQUIPMENTS', '2', 100, 1),
(670, 'EQ21041', 'VN0001EQ21', 17, 'NCD SM3300', 'EQUIPMENTS', '2', 100, 1),
(671, 'EQ21042', 'VN0001EQ21', 17, 'LED TL 352', 'EQUIPMENTS', '2', 100, 1),
(672, 'EQ21043', 'VN0001EQ21', 17, 'LED DRIVER', 'EQUIPMENTS', '2', 100, 1),
(673, 'EQ21044', 'VN0001EQ21', 17, 'FLUKE MULT', 'EQUIPMENTS', '2', 100, 1),
(674, 'EQ21045', 'VN0001EQ21', 17, 'PRINTER  H', 'EQUIPMENTS', '2', 100, 1),
(675, 'EQ21046', 'VN0001EQ21', 17, 'COMPUTER S', 'EQUIPMENTS', '2', 100, 1),
(676, 'EQ21047', 'VN0001EQ21', 17, 'SOLDERING ', 'SOLDERING  EQUIPMENTS', '2', 100, 1),
(677, 'EQ21048', 'VN0001EQ21', 17, 'LUX METER ', 'LUX METER ', '2', 100, 1),
(678, 'EQ10006', 'VN0001EQ10', 18, 'M3 x 6.5 mm Self Tap', 'M3 x 6.5 mm Self Tap Screw\r\n', '2', 100, 1),
(679, 'EQ10007', 'VN0001EQ10', 18, 'F.G.SLEEVING  Sleeve', 'Nonshinkable Sleeve', '2', 100, 1),
(680, 'EQ10008', 'VN0001EQ10', 18, '3 mm Sleev', 'Shinkable Sleeve', '2', 100, 1),
(681, 'EQ10009', 'VN0001EQ10', 18, 'Anabond HE', 'Anabond HE Thermal Adhesive', '2', 100, 1),
(682, 'EQ10010', 'VN0001EQ10', 18, 'Solder lead', 'Solder Tin Lead', '2', 100, 1),
(683, 'EQ10011', 'VN0001EQ10', 18, 'Solder flu', 'Ammonium Chlride or Rosin ', '2', 100, 1),
(684, 'EQ10012', 'VN0001EQ10', 18, 'I P A', 'ISO PROPYLE ALCHOCOL', '2', 100, 1),
(685, 'EQ10013', 'VN0001EQ10', 18, 'Cotton was', 'White Cotton waste', '2', 100, 1),
(686, 'EQ10015', 'VN0001EQ10', 18, '384 Locktite ', '384 Locktite ', '2', 100, 1),
(687, 'EQ10016', 'VN0001EQ10', 18, 'Polythine Sheet', 'Polyester Film (5Mil-milky)', '2', 100, 1),
(688, 'EQ10017', 'VN0001EQ10', 18, '203 Fewiquick(20gm)', '203 Fewiquick(20gm)\r\nFewiquick', '2', 100, 1),
(689, 'EQ10018', 'VN0001EQ10', 18, 'BROWN TAPE 2"', 'BROWN TAPE 2"\r\nTAPE', '2', 100, 1),
(690, 'EQ10020', 'VN0001EQ10', 18, 'TL -4FT CORTTON BOX ', 'TL -4 FT CORTTON BOX (126 X 430 X 430 )\r\n', '2', 100, 1),
(691, 'EQ10021', 'VN0001EQ10', 18, 'TL-2FT CORTTON BOX (', 'TL-2FT CORTTON BOX (126 X 430 X 430 )\r\nPacking Box ', '2', 100, 1),
(692, 'EQ10022', 'VN0001EQ10', 18, 'T8-TL-DRIVER CORTTON', 'T8-TL -DRIVER CORTTON BOX \r\n', '2', 100, 1),
(693, 'EQ10023', 'VN0001EQ10', 18, '15W DL CORTTON BOX', '15W DL CORTTON BOX\r\n', '2', 100, 1),
(694, 'EQ10024', 'VN0001EQ10', 18, 'TL BOX(L-40X1240X40', 'TL BOX (L-40 X 1240X40 )\r\nPacking Box ', '2', 100, 1),
(695, 'EQ10025', 'VN0001EQ10', 18, 'SHRINKABLE SLE 10MM', ' HEAT SHRINKABLE SLEEVE 10 MM\r\n', '2', 100, 1),
(696, 'EQ10026', 'VN0001EQ10', 18, 'BUBBLE COVER', 'BUBBLE ROLL', '2', 100, 1),
(697, 'EQ10027', 'VN0001EQ10', 18, 'GLUE STICK', 'GLU STICK', '2', 100, 1),
(698, 'EQ10028', 'VN0001EQ10', 18, 'BALE PATTI', 'BALE PATTI', '2', 100, 1),
(699, 'EQ10029', 'VN0001EQ10', 18, 'OK STICKER', 'OK STICKER', '2', 100, 1),
(700, 'EQ10030', 'VN0001EQ10', 18, 'PVC INSULATION TAPE', 'INSULATION TAPE', '2', 100, 1),
(701, 'EQ10031', 'VN0001EQ10', 18, 'Cello Tape 1', 'Cello Tape 1', '2', 100, 1),
(702, 'EQ10032', 'VN0001EQ10', 18, 'SHRINKABLE SLE 16MM', 'HEAT SHRINKABLE SLEEVE 16MM\r\n', '2', 100, 1),
(703, 'EQ10033', 'VN0001EQ10', 18, 'SHRINKABLE SLE 18MM', 'HEAT SHRINKABLE SLEEVE 18MM\r\n', '2', 100, 1),
(704, 'EQ10034', 'VN0001EQ10', 18, 'BULB CAP', 'BULB CAP', '2', 100, 1),
(705, 'EQ10035', 'VN0001EQ10', 18, 'TUBE LIGHT CLAMPS', 'TUBE LIGHT CLAMPS', '2', 100, 1),
(706, 'EQ10036', 'VN0001EQ10', 18, 'PC SERRATION TYPE', 'TL DIFFUSER -PC SERRATION TYPE', '2', 100, 1),
(707, 'EQ10037', 'VN0001EQ10', 18, 'PC CLEAR TYPE', 'TL DIFFUSER -PC CLEAR TYPE\r\n', '2', 100, 1),
(708, 'EQ10038', 'VN0001EQ10', 18, 'INTEGRATED  END CAP ', 'INTEGRATED  END CAP TL\r\n', '2', 100, 1),
(709, 'EQ10045', 'VN0001EQ10', 18, 'M3 X 6 SCREW', 'M3 X 6 SCREW\r\n', '2', 100, 1),
(710, 'EQ10046', 'VN0001EQ10', 18, 'M3 X 13 SCREW', 'M3 X 13 SCREW\r\n', '2', 100, 1),
(711, 'EQ10047', 'VN0001EQ10', 18, 'M3 PLASTIC WASHER', 'M3 PLASTIC WASHER\r\n', '2', 100, 1),
(712, 'EQ10048', 'VN0001EQ10', 18, 'FASCOAT 20 X 10 4UPS', 'FASCOAT 20 X 10 4UPS 1 INCH\r\nBAR CODING LABEL', '2', 100, 1),
(713, 'EQ10051', 'VN0001EQ10', 18, 'CORTTON BOX (350X340', 'MASTER CORTTON BOX (350X340X245)\r\n', '2', 100, 1),
(714, 'EQ10053', 'VN0001EQ10', 18, 'CRATE FOR CHANNAL TR', 'PACKING CRATE FOR CHANNAL TRAY \r\n', '2', 100, 1),
(715, 'EQ10054', 'VN0001EQ10', 18, '10-15W CORTTON BOX(6', '10-15 WATT CORTTON BOX(610 X 415 )\r\n', '2', 100, 1),
(716, 'EQ10055', 'VN0001EQ10', 18, '5 W CORTTON BOX(395 ', '5 WATT CORTTON BOX(395 X 265 )\r\n', '2', 100, 1),
(717, 'EQ10067', 'VN0001EQ10', 18, 'CORRUGATED 3 PLY BOX', 'CORRUGATED BOARD BOXES 3 PLY BOX\r\n', '2', 100, 1),
(718, 'EQ10068', 'VN0001EQ10', 18, '5 PLY MASTER CORTTON', '5 PLY MASTER CORTTON BOX\r\n ', '2', 100, 1),
(719, 'EQ10069', 'VN0001EQ10', 18, '25 X 20 4UPS(MIDCUT)', 'FASPET WHITE BAR CODE STICKER\r\n', '2', 10000, 1),
(720, 'EQ10073', 'VN0001EQ10', 18, 'BALE PATTI CLIPS', 'BALE PATTI CLIPS\r\n', '2', 100, 1),
(721, 'EQ10075', 'VN0001EQ10', 18, 'STRETCH WRAP FILM RO', 'STRETCH WRAP FILM ROLL 500MM X 23\r\n', '2', 100, 1),
(722, 'EQ10076', 'VN0001EQ10', 18, '2 PLY CORRUGATED ROL', '2 PLY CORRUGATED ROLL 25"\r\n', '2', 100, 1),
(723, 'EQ10077', 'VN0001EQ10', 18, 'THERMOCOLE SHEET 10M', 'THERMOCOLE SHEET 10MM\r\n', '2', 100, 1),
(724, 'EQ10079', 'VN0001EQ10', 18, 'CORTTON BOX (TL205X1', 'MASTER CORTTON BOX (TL205X170X1260) MARUTHI PUNCH ', '2', 100, 1),
(725, 'EQ10080', 'VN0001EQ10', 18, 'TL CORTON BOX(TL205X', 'TL CORTON BOX(TL205X145X1240) MARUTHI PUNCH PACK', '2', 100, 1),
(726, 'EQ10081', 'VN0001EQ10', 18, '20W MONO CORTEN BOX(', 'TL 20WATT MONO CORTEN BOX(30X50)MARUTHI PUNCH PACK', '2', 100, 1),
(727, 'EQ10082', 'VN0001EQ10', 18, 'MASTER CORTON BOXES(', 'MASTER CORTON BOXES(15X05)\r\nMARUTHI PUNCH PACK', '2', 100, 1),
(728, 'EQ10085', 'VN0001EQ10', 18, 'AURA,3W,DL (#700035)', 'AURA,3W,DOWN LIGH (#700035)\r\nMANIK PRINTPACK', '2', 100, 1),
(729, 'EQ10086', 'VN0001EQ10', 18, 'AURA,5W,DL (#700042)', 'AURA,5W,DOWN LIGHT(#700042)\r\nMANIK PRINTPACK', '2', 100, 1),
(730, 'EQ10087', 'VN0001EQ10', 18, 'AURA,10W,DL (#700044', 'AURA,10W,DOWN LIGHT(#700044)\r\nMANIK PRINTPACK', '2', 100, 1),
(731, 'EQ10088', 'VN0001EQ10', 18, 'AURA,15W,DL (#700046', 'AURA,15W,DOWN LIGHT (#700046)\r\nMANIK PRINTPACK', '2', 100, 1),
(732, 'EQ10089', 'VN0001EQ10', 18, 'GROMMET 8MM ', 'Rubber GROMMET 8MM ', '2', 100, 1),
(733, 'EQ10090', 'VN0001EQ10', 18, 'RECTROFIT END CAP', 'RECTROFIT END CAP', '2', 100, 1),
(734, 'EQ10091', 'VN0001EQ10', 18, 'M 4 X 12 CSK PAN  HE', 'M 4 X 12 CSK PAN  HEAD \r\nSCREW', '2', 100, 1),
(735, 'EQ10092', 'VN0001EQ10', 18, 'M3 NUT', 'M3 NUT ', '2', 100, 1),
(736, 'EQ10093', 'VN0001EQ10', 18, '3W(#700056)12X250,1X', 'Brilliant MONO CARTON 3W(#700056) 12 X 250,1 X 50 ', '2', 100, 1),
(737, 'EQ10094', 'VN0001EQ10', 18, 'BRILLANT 5W(#700058)', 'BRILLANT MONO CARTON 5W(#700058)30 X 200,1 X110\r\n', '2', 100, 1),
(738, 'EQ10095', 'VN0001EQ10', 18, 'SQUARE DOW', 'PACKING BOX 1254151', '2', 100, 1),
(739, 'EQ10096', 'VN0001EQ10', 18, '5MM PLASTIC SHEETS (', '5MM PLASTIC SHEETS (48"X12"X10")\r\n', '2', 100, 1),
(740, 'ES07067', 'ES07', 5, 'LED DRIVER-14', 'LED DRIVER-14', '3', 100, 1),
(741, 'ES07068', 'ES07', 5, 'POWER SUPPLY CABINET', 'POWER SUPPLY CABINET PS-02\r\n', '3', 25, 1),
(742, 'IN08042', 'IN08', 7, 'PQ2625--SK-3011', 'PQ2625--SK-3011\r\n', '3', 100, 1),
(743, 'PCB09129', 'PCB09', 13, 'SEPL DL 18V3 (150 LE', 'SEPL DL 18V3 (150 LED)MC PCBA', '2', 1000, 1),
(744, 'PCB09130', 'PCB09', 13, 'VER DL 2801-SM 63XXB', 'VER DL2.801-SM63XXB-S/S(10*1)', '2', 1000, 1),
(745, 'EQ21049', 'EQ21', 17, 'IPA', ' I.P.A', '2', 25, 1),
(746, 'EQ10097', 'EQ21', 18, '264 MM X 264MM DIFFU', '264 MM X 264MM DIFFUSER PC\r\n\r\n', '3', 25, 1),
(747, 'RS01325', 'RS01', 1, '1.8E/1206/1%', '1.8E/1206/1%\r\nRES CHIP 1.8E 1206 1%', '2', 5000, 1),
(748, 'ES07069', 'ES07', 5, 'LED DRIVER-03', 'LED DRIVER-03', '3', 100, 1),
(749, 'IN08043', 'IN08', 7, '2.2mH/1A/10 x 12mm, ', '2.2mH/1A/10 x 12mm, 5mm pitch\r\n', '3', 1000, 1),
(750, 'IN08044', 'IN08', 7, 'SK3012', 'PQ2625 (SK-3012)', '3', 500, 1),
(751, 'CP04109', 'CPO4', 8, '100nF/305V/20%105@C', '100nF/305V/20%105@C ELE.CAP ', '2', 1000, 1),
(752, 'CP04110', 'CP04', 8, '47nF/305V/20%105@C', 'ELE.CAP 47nF/305V/ 20% -105@C\r\n', '2', 1000, 1),
(753, 'CP04111', 'CP04', 8, '100nF/0805/5%/50v', '100nF/0805/5%/50v\r\nCAP CER SMD ', '2', 2000, 1),
(754, 'CP04112', 'CP04', 8, '470uF/100V/20%(105@C', '470uF/100V/ 20% (105°)\r\n\r\n', '2', 100, 1),
(755, 'PCB09131', 'PCB09', 13, 'VER DL-SDL 2601--2.0', 'VER DL-SDL 2601-2.00-01', '2', 100, 1),
(756, 'LD00033', 'LD00', 4, '3030 CW', 'OSRAM MAKE LED 3030 CW', '4', 200, 1),
(757, 'ES07070', 'ES07', 5, 'FMCL/ST/00-ST(12W-20', 'FMCL/CT/001- STREET LIGHT (12W-20W)\r\n', '2', 10, 1),
(758, 'DE05034', 'DE05', 2, 'SF808', 'SF808 Diode', '2', 100, 1),
(759, 'RS01326', 'RS01', 1, '3E/1206/1%', '3R00/1206/1% SMD Resistor', '2', 100, 1),
(760, 'RS01327', 'RS01', 1, '8.2K/1206/1%', '8.2K/1206/1% SMD', '2', 100, 1),
(761, 'RS01328', 'RS01', 1, '12E/1206/1%', '12E/1206/1% SMD RESISTOR', '2', 100, 1),
(762, 'RS01329', 'RS01', 1, '120K/1W/5% CFR', '120K/1W/5% CFR\r\n', '2', 100, 1),
(763, 'RS01330', 'RS01', 1, '430E/0805/1%', '430E/0805/1% SMD RESISTOR', '2', 100, 1),
(764, 'RS01331', 'RS01', 1, '75K/1W/5% CFR', '75K/1W/CFR RESISTOR', '2', 100, 1),
(765, 'RS01332', 'RS01', 1, '65K/1206/1%', '65K/1206/1% SMD RESISTOR', '2', 100, 1),
(766, 'RS01333', 'RS01', 1, '30.9K/1206/1%', '30.9K/1206/1% SMD RESISTOR', '2', 100, 1),
(767, 'RS01334', 'RS01', 1, '182k/1206/1%', '182k/1206/1% SMD RESISTOR', '2', 100, 1),
(768, 'CP04113', 'CP04', 8, '104/630v/10%', '104/630v/10%\r\n Metallized polyster film CAPACITOR\r\n', '2', 100, 1),
(769, 'IN08045', 'IN08', 7, '500uH ', ' 500uH INDUCTOR\r\n', '3', 100, 1),
(770, 'EQ10098', 'EQ21', 18, '47 MM X 47 MM DIFFUS', '47 MM X 47 MM DIFFUSER PC\r\n\r\n\r\n', '3', 25, 1),
(771, 'EQ10099', 'EQ21', 18, 'ROUND 47 MM X 47 MM ', 'ROUND 47 MM X 47 MM DIFFUSER PC\r\n', '3', 25, 1),
(772, 'EQ10100', 'EQ21', 18, 'ROUND 67 MM X 67 MM ', 'ROUND 67 MM X 67 MM DIFFUSER PC\r\n', '3', 25, 1),
(773, 'EQ10101', 'EQ21', 18, 'Driver specification', 'Driver specification sticker\r\n', '2', 100, 1),
(774, 'EQ10102', 'EQ21', 18, 'Warranty sticker', 'Warranty sticker\r\n', '2', 100, 1),
(775, 'EQ10103', 'EQ10', 18, 'POLYCARBONATE SHEET', 'POLYCARBONATE SHEET\r\nT( Luxen 492 x 1.5mm 4 x 8 x 3 Sheets )', '3', 1, 1),
(776, 'PCB09132', 'PCB09', 13, 'SEM VER OVAL-STL 2.0', 'SEM VER OVAL ST L 2.00.0 PCB', '2', 20, 1),
(779, 'PCB09133', 'PCB09', 13, 'SEM STL DL VER 1.13.', 'SEM STL DL VER 1.13.1 (S/S. SSPLR.PCB )\r\n', '2', 200, 1),
(780, 'IC15033', 'IC15', 14, 'IC SM8100', 'IC CHIP SM8100', '2', 100, 1),
(782, 'PCB09134', 'PCB09', 13, 'VER SM 7385 STLD.100', 'VER SM 7385 STLD.100-01-D/S (5 X 1)', '2', 100, 1),
(783, 'PCB09135', 'PCB09', 13, 'SEM VER OVAL-STL 2.0', 'SEM VER OVAL-STL 2.000  MCPCBA\r\n', '2', 100, 1),
(784, 'PCB09136', 'PCB09', 13, 'SDLXXB-VER ST 1.13.2', 'SDLXXB-VER ST 1.13.2', '2', 100, 1),
(785, 'MS02001', 'MS02', 10, '7N80 TO-220', '7N80--TO-220', '2', 100, 1),
(786, 'PCB09137', 'PCB09', 13, 'SEM-VER  P3528 1.0-S', 'SEM-VER  P3528 1.0-S/S MC PCB (11 LED) ASSEMBLED\r\n', '2', 100, 1),
(787, 'PCB09138', 'PCB09', 13, 'VGTL-LP3528-400L-9.5', 'VGTL-LP3528-400L-9.5W-S/S (13 X 1)\r\nPCB', '2', 100, 1),
(788, 'PCB09139', 'PCB09', 13, 'VGTL-LP3528-400L-9.5', 'VGTL-LP3528-400L-9.5W-S/S (13 X 1) ASSEMBLED\r\nPCBA', '2', 100, 1),
(789, 'IN08046', 'IN08', 7, 'AM 11130', 'TRANSFORMER--AM 11130', '3', 100, 1),
(790, 'RS01161', 'VN0089RS01', 1, 'CERMET PRESET 10K', 'PRESET', '2', 100, 1),
(791, 'RS01335', 'RS01', 1, '0E/0805/1%', '0E/0805/1% SMD RESISTOR', '2', 100, 1),
(792, 'IN08047', 'IN08', 7, 'EF-25H AM-7017', 'EF-25H AM-7017 TRANSFORMER', '3', 100, 1),
(793, 'IN08048', ' 	IN08', 7, 'EF--25H AM-6314', 'EF-25H AM-6314 TRANSFORMER', '3', 100, 1),
(794, 'IN08049', 'IN08', 7, 'EE-19H MT-12961', 'EE-19H MT-12961\r\nTRANSFORMER', '3', 100, 1),
(795, 'IN08050', 'IN08', 7, 'EE-20H AM-709', 'EE-20H AM-709 TRANSFORMER', '3', 100, 1),
(796, 'IN08051', 'IN08', 7, 'EE-20H MT-15225', 'EE-20H MT-15225 TRANSFORMER', '3', 100, 1),
(797, 'IN08052', 'IN08', 7, 'EE-20H MT-10808', 'EE-20H MT-10808 TRANSFORMER', '3', 100, 1),
(800, 'CP04114', ' 	CP04', 8, '2.2UF/63V 105 g', 'ELE CAP 2.2Mf/63V 105 g', '2', 1000, 1),
(801, 'DE05035', 'DE05', 2, 'KBP310G', 'KBP310G DIODE', '2', 100, 1),
(803, 'MOV11012', 'MOV11', 11, '14D511K(320/14)', '14D511K(320/14) MOV', '3', 100, 1),
(804, 'PCB09140', ' 	PCB09', 13, 'SBL 6350 VER BL 2.00', 'SBL 6350 VER BL 2.00.01  PCB', '2', 100, 1),
(805, 'IC15034', 'IC15', 14, 'IC SM8500', 'IC SMD SM8500', '2', 10, 1),
(806, 'EQ10104', 'EQ10', 18, 'M3 X 8 SCREW', 'M3 X 8 SCREW , SS CSK PAN HEAD SCREW', '2', 100, 1),
(807, 'EQ10105', 'EQ10', 18, 'M4 X 10 SCREW', 'M4 X 10 SCREW,SS CSK FLAT HEAD SCREW', '2', 100, 1),
(808, 'WR12011', 'WR12', 12, '2 CORE FLAT 23 STAND', '2 CORE FLAT 23 STANDS ,RED & BLACK WIRE', '3', 100, 1),
(809, 'EQ21050', ' 	EQ21', 17, 'M3 TAP', 'M3 TAP,HSS SPPT TAP', '2', 3, 1),
(810, 'EQ21051', 'EQ21', 17, 'M4 TAP', 'M4 TAP,HSS SPPT TAP', '2', 3, 1),
(811, 'EQ21052', 'EQ21', 17, 'T-HANDLE TAP WRENCH', 'T-HANDLE TAP WRENCH', '2', 1, 1),
(812, 'IC15035', 'IC15', 14, 'SM7385', 'SM7385,IC', '2', 10, 1),
(813, 'EQ21053', 'EQ21', 17, 'PEN DRIVE ', 'PEN DRIVE 8 GB', '2', 1, 1),
(814, 'RD001', ' 	RD', 19, '47PF/50V/1206', '47PF/50V/1206', '2', 10, 1),
(815, 'RD002', 'RD', 19, '3V SOD-80', '3V SOD-80', '2', 10, 1),
(816, 'RD003', 'RD', 19, '5V SOD-80', '5V SOD-80', '2', 10, 1),
(817, 'RD004', 'RD', 19, '20V SOD-80', '20V SOD-80', '2', 10, 1),
(819, 'ES07071', 'ES07', 5, 'LDM9QWW', 'LDM9QWW 9W DOME FITTING WARM WHITE', '4', 10, 1),
(820, 'ES07072', 'ES07', 5, 'LDM12QWW', 'LDM12QWW 12W LED DOME WARM WHITE', '4', 10, 1),
(821, 'ES07073', 'ES07', 5, 'LDM16QW', 'LDM16QW 16W LED DOME WARM WHITE', '4', 10, 1),
(822, 'HS03013', 'HS03', 9, 'N 19 X 85MM', 'N 19 X 85MM, ALUMINIUM EXT H/S', '2', 10, 1),
(823, 'HS03014', 'HS03', 9, 'N 36 X 50MM', 'N 36 X 50MM, ALUMINIUM EXT H/S', '2', 10, 1),
(824, 'HS03015', 'HS03', 9, 'N 64 X 50MM', 'N 64 X 50MM, ALUMINIUM EXT H/S', '2', 1, 1),
(825, 'RD005', 'RD', 19, '36V/SOD80', '36V/SOD80 SMD ZENER DIODE', '2', 100, 1),
(826, 'RD006', 'RD', 19, '15V/SOD80', '15V/SOD80,SMD ZENER DIODE', '2', 100, 1),
(827, 'RD007', ' 	RD', 19, '47V/SOD80', '47V/SOD80,SMD ZENER DIODE', '2', 50, 1),
(828, 'RD008', 'RD', 19, '39V/SOD80', '39V/SOD80,SMD ZENER DIODE', '2', 50, 1),
(829, 'RD009', 'RD', 19, '75V/SOD80', '75V/SOD80,SMD ZENER DIODE', '2', 50, 1),
(830, 'RD010', 'RD', 19, 'SEM VER TL.L 3030', 'SEM VER TL.L 3030S/S (7 X 1)', '2', 10, 1),
(831, 'RD011', ' 	RD', 19, 'SDL 2661 2.00.0', 'SDL 2661 2.00.0(38.5 X 71.5)', '2', 10, 1),
(832, 'RD012', 'RD', 19, '7W MCPCB', '7W MCPCB,14 LEDS', '2', 10, 1),
(833, 'RD013', ' 	RD', 19, '5W MCPCB', '5W MCPCB,10 LEDS', '2', 10, 1),
(834, 'EQ21054', 'EQ21', 17, '3014SEM17', '3014SEM17,STENCIL WITH FRAME(GLU STENCIL)', '3', 1, 1),
(835, 'EQ21055', ' 	EQ21', 17, '2GB DDR3 ,3445', '2GB DDR3 ,3445 RAM', '2', 1, 1),
(836, 'IN08053', 'IN08', 7, 'BE-6382', 'BE-6382,Transformer', '3', 10, 1),
(837, 'IN08054', 'IN08', 7, 'S-TRX EDR 28', 'S-TRX EDR 28,Transformer', '4', 100, 1),
(838, 'ES07074', 'ES07', 5, 'profile fixture', 'Tube light profile fixture', '3', 10, 1),
(839, 'PCB09141', 'PCB09', 13, 'TLL3030,150mA', 'SEM VER TLL3030,150mA S/S WHITE MASK', '2', 50, 1),
(840, 'PCB09142', 'PCB09', 13, 'DL2.8.01.SM63XXB', 'VER DL2.8.01.SM63XXB-S/S(10 X 1)', '2', 50, 1),
(841, 'RS01336', 'RS01', 1, '1.43E 1206 1%', 'RES 1.43E 1206 1%', '2', 250, 1),
(842, 'RS01337', ' 	RS01', 1, '1.37E 1206 1%', 'RES 1.37E 1206 1%', '2', 250, 1),
(843, 'ES07075', ' 	ES07', 5, 'Driver box 18w', 'Driver BOX 18W-CAS-009', '3', 1000, 1),
(844, 'ES07076', ' 	ES07', 5, 'DRIVER BOX 7W', 'DRIVER BOX 7W-BH-005-2', '3', 1000, 1),
(845, 'RD014', ' 	RD', 19, 'JUMPER WIRE', 'JUMPER WIRE', '2', 20, 1),
(846, 'RD015', 'RD', 19, '40*1M/F BERG STICK', '40*1 M/F BERG STICK', '2', 5, 1),
(847, 'CR18017', 'CR18', 3, 'Fuse 2A/25v', 'FUSE 2A/250V', '2', 50, 1),
(848, 'CR18018', 'CR18', 3, 'FUSE 8A/250V', 'FUSE 8A/250V', '2', 50, 1),
(849, 'RD016', 'rd', 19, 'EX Blade', 'EX Blade', '2', 2, 1),
(850, 'PCB09143', 'PCB09', 13, 'TLL3030,150mA LEDA', 'SEM VER TLL3030,150mA S/S WHITE MASK LED ASSEMBLED', '2', 50, 1),
(851, 'IN08055', 'IN08', 7, 'PQ26/25', 'PQ26/25,Transformer', '4', 50, 1),
(852, 'LD00034', ' 	LD00', 4, '2T03 X 2WW11000002', 'ET-3014W-1F1W(38W3FVC1) EDISON OPTO CORPORATION (W', '4', 50, 1),
(853, 'RD017', ' 	RD', 19, '7385-SEM-BL-VER1', '7385-SEM-BL-VER1,PCB 4.7 X 2.6 CM (10X 1 )S/S', '2', 20, 1),
(854, 'PCB09144', 'PCB09', 13, 'EET 8-20', 'EET 8-20,D/S (17 X 1) DRIVER PCB', '2', 50, 1),
(855, 'PCB09145', ' 	PCB09', 13, '7385-SEM-BL-VER1', '7385-SEM-BL-VER1,PCB 4.7 X 2.6 CM (10X 1 )S/S', '2', 50, 1),
(856, 'RD018', 'RD', 19, '10v/sod80', 'smd zener diode 10v/sod80', '2', 20, 1),
(857, 'RD019', 'rd', 19, '27V SOD80', 'smd zener diode 27V/ SOD 80', '2', 20, 1),
(858, 'EQ21056', 'EQ21', 17, 'STENCIL 5.4VER ', 'STENCIL T8 TUBELIGHT DRIVER 5.4VER ', '2', 1, 1),
(859, 'EQ21057', 'EQ21', 17, 'STENCIL 6-8 WATT', 'STENCIL 6-8 WATT', '2', 1, 1),
(860, 'RS01338', 'RS01', 1, '5.1E/1206/1%', '5.1E/1206/1% SMD Resistor', '2', 100, 1),
(861, 'RD020', 'RD', 19, '3.7V/300mA', 'BATTERY 3.7V/300mA', '2', 1, 1),
(862, 'CP04115', 'CP04', 8, '1UF/63V/105&#8304;C', 'ELECTROLYTIC CAPACITOR', '2', 50, 1),
(863, 'PCB09146', 'PCB09', 13, 'VER DL 2.8.01 SM 63X', 'VER DL 2.8.01 SM 63X PCB\r\n', '2', 50, 1),
(864, 'RS01339', 'RS01', 1, '30K/1206/1%', '30K/1206/1% RESISTOR', '2', 50, 1),
(865, 'CP04116', 'CP04', 8, '1UF/63V/1206', '1UF/63V/1206 ,SMD CAPACITOR', '2', 50, 1),
(866, 'RD021', ' 	RD', 19, 'SM2601 R&D PCB', 'SM2601 R&D PCB ,DRIVER PCB', '2', 10, 1),
(867, 'PCB09147', 'PCB09', 13, 'VERDL 2.9.00SM63XXB', 'VERDL 2.9.00SM63XXB,12-16 WATT DRIVER PCB', '2', 100, 1),
(868, 'RS01340', ' 	RS01', 1, '1.33E 1206 1%', 'RES CHIP 1.33E 1206 1%', '2', 2000, 1),
(869, 'CP04117', 'CP04', 8, '47Pf/50v 1206 NPO', 'CAP CER CHIP 47Pf/50v  1206 NPO', '2', 2000, 1),
(870, 'WR12012', 'WR12', 12, 'Wire 0.5SQMM RED', 'Wire 0.5SQMM RED FINOLEX', '3', 1, 1),
(871, 'WR12013', 'WR12', 12, 'WIRE 0.5SQMM BLACK', 'WIRE 0.5SQMM BLACK  FINOLEX', '3', 1, 1),
(872, 'RS01341', 'RS01', 1, '3.6E/1206/1%', 'RES CHIP 3.6E/1206/1% ', '2', 5000, 1),
(874, 'RD022', ' 	RD', 19, '24V-SOD80', '24V-SOD80,ZEANER DIODE', '2', 25, 1),
(875, 'RD023', ' 	RD', 19, '18V-SOD80', '18V-SOD80,ZENER DIODE', '2', 25, 1),
(876, 'RD024', ' 	RD', 19, 'VER-DE-L-15RN-W', 'VER-DE-L-15RN-W METAL CLAD PCB,', '2', 5, 1),
(877, 'RD025', 'RD', 19, '7W-WALL WASHER SEMI ', '7W-WALL WASHER SEMI CIRCULER,MC PCB', '2', 5, 1),
(878, 'RD026', 'RD', 19, 'METAL CLAD ROUND PCB', 'METAL CLAD ROUND PCB,MC PCB', '2', 10, 1),
(879, 'PCB09148', 'PCB09 	', 13, 'DL-VER 1.0-SM6350-S/', 'DL-VER 1.0-SM6350-S/S (10X1).PCB (12-16 WATT)', '2', 50, 1),
(880, 'RS01342', 'RS01', 1, '24.9K/1206/1%', '24.9K/1206/1%.SMD RESISTOR', '2', 100, 1),
(881, 'EQ10106', 'EQ10', 18, '20-27V DC--350mA', '20-27V DC--350mA,sticker\r\n', '2', 100, 1),
(882, 'EQ10107', ' 	EQ10', 18, '20-35V DC--350mA', '20-35V DC--350mA,sticker\r\n', '2', 100, 1),
(883, 'ES07077', 'ES07', 5, '4/7 W ENC BH-003-4', '4/7 W ENCLOSURE BH-003-4.DRIVER BOX', '3', 50, 2),
(884, 'RD027', 'RD', 19, '511-LD29080P CLDO', '511-LD29080P CLDO VOLTAGE REGULATORS\r\n', '2', 1, 1),
(885, 'ES07078', 'ES07', 5, 'P S CABINET PS-04', 'POWER SUPPLY CABINET PS-04.ENCLOSURE', '3', 1, 2),
(886, 'ES07079', ' 	ES07', 5, 'P S CABINET GP-16', 'GENERAL PURPOSE CABINET -19 .ENCLOSURE', '3', 1, 2),
(887, 'ES07080', ' 	ES07', 5, 'P S CABINET -19', 'GENERAL PURPOSE CABINET -19.ENCLOSURE', '3', 1, 2),
(888, 'ES07081', ' 	ES07', 5, 'LED DRIVER-05', ' LED DRIVER-05.ENCLOSURE', '3', 1, 2),
(889, 'RD028', 'RD', 19, '43V/SOD80', '43V/COD80.DIODE', '2', 25, 1),
(890, 'RD029', 'RD', 19, '51V/SOD80', '51V/SOD80.ZENER DIODE', '2', 25, 1),
(891, 'ES07082', 'ES07', 5, 'P S CABINET -13', 'GENERAL PURPOSE CABINET -13.ENCLOSURE', '3', 10, 2),
(892, 'IN08056', 'IN08', 7, 'TR-16658', 'TR-16658,TRANSFORMER', '3', 50, 1),
(893, 'RS01343', 'RS01', 1, '470K/1206/1%', '470K/1206/1%,SMD RESISTOR', '2', 100, 1),
(894, 'PCB09149', 'PCB09', 13, 'SM6350.VER DL 2.02.2', 'SM6350.VER DL 2.02.2.5-9 WATT PCB', '2', 100, 1),
(895, 'PCB09150', 'PCB09', 13, 'SEM-2601-VER BL-2.00', 'SEM-2601-VER BL-2.00 S/S (18 X 1).6-8 WATT PCB', '2', 100, 1),
(896, 'RD030', 'RD', 19, '1X1 Sheet Metal', '1x1 Sheet Metal Fixture from Accutech', '3', 10, 2),
(897, 'RD031', 'RD', 19, '2x2 Sheet Metal', '2x2 Sheet Metal Fixture from Accutech', '3', 10, 2),
(898, 'RD032', 'RD', 19, 'PHILIPS', 'Philips 1 set', '3', 10, 2),
(899, 'RD033', 'RD', 19, 'Appolo', 'Appolo 1 set', '3', 10, 2),
(900, 'RD034', 'RD', 19, 'Profile', 'Profile Fixture 1set', '3', 10, 2),
(901, 'RD035', 'RD', 19, 'Appolo-135', 'Appolo-135 1set', '3', 10, 2),
(902, 'RD036', 'RD', 19, '1x1 laser', '1x1 lase 1set', '3', 10, 2),
(903, 'RD037', 'RD', 19, '2x2 Laser Cut', '2x2 Laser Cut 1set', '3', 10, 2),
(904, 'RD038', 'RD', 19, '15W', '15W Fixture 1set from Accutech', '3', 10, 2),
(905, 'RD039', 'RD', 19, '10W Fixture', '10W Fixture from Accutech', '3', 10, 2),
(906, 'RD040', 'RD', 19, 'FDN327N', 'FDN327N  Mosfet N SMD SSOT-3', '2', 100, 1),
(907, 'RS01344', ' 	RS01', 1, '2.2E/1206/1%', 'RES CHIP 2.2E/1206/1%', '2', 5000, 1),
(908, 'IC15036', ' 	IC15', 14, 'IC SM3350', 'IC CHIP SM3350', '2', 100, 1),
(909, 'RS01345', ' 	RS01', 1, '82K/ 0603/1%', '82K/ 0603/ 1%,SMD RESISTOR ', '2', 100, 1),
(910, 'CP04118', 'CP04', 8, '2.2uF/35V/  (105°)', '2.2uF/35V/  (105°),ELECTROLYTIC CAPACITOR\r\n', '2', 100, 1),
(911, 'MS02002', 'MS02', 10, '7N80--TO-220', '7N80--TO-220,MOSFET\r\n', '2', 100, 1),
(912, 'EQ10108', ' 	EQ10', 18, '40-52V DC--350mA', '40-52V DC--350mA,sticker\r\n', '2', 100, 1),
(913, 'EQ10109', ' 	EQ10', 18, '34-43V DC--350mA', '34-43V DC--350mA,sticker\r\n', '2', 100, 1),
(914, 'EQ10110', 'EQ10', 18, '30-40V DC--300mA', '30-40V DC--300mA,sticker\r\n', '2', 100, 1),
(915, 'EQ10111', ' 	EQ10', 18, 'ELAN-TRON PU 62', 'ELAN-TRON PU 62,POTING COMPOUND\r\n', '3', 1, 2),
(916, 'EQ10112', ' 	EQ10', 18, 'ELAN-TRON PH 54', 'ELAN-TRON PH 54,POTING COMPOUND\r\n', '3', 1, 2),
(917, 'RD041', 'RD', 19, 'BLDSM 2087 1.00.02', 'VER BLD SM 2087 1.00.02, MC PCB', '2', 10, 2),
(918, 'RD042', 'RD', 19, 'BLL SM 2087 1.00.01', 'VER BLL SM 2087 1.00.01,FR4 PCB', '2', 10, 2),
(919, 'RD043', 'RD', 19, 'SEM 7385 VER DL ', 'SEM 7385 VER DL ,FR4', '2', 10, 2),
(920, 'RD044', 'RD', 19, 'BLD SM 2087 1.00.0', 'VER BLD SM 2087 1.00.0,FR4 PCB ', '2', 10, 2),
(921, 'EQ21058', 'EQ21', 17, 'PX-60RT-1.2D BIT', 'SOLDERING BIT PX-60RT-1.2D (GOOT)', '3', 1, 2),
(922, 'EQ21059', 'EQ21', 17, '84-047 NOSE PLIER 5"', '84-047PRECISION NOSE PLIER 5"', '2', 1, 2),
(923, 'RD045', 'RD', 19, 'SM6350 ST 2.00 D/S', 'SM6350 ST 2.00 D/S PCB', '2', 10, 1),
(924, 'RD046', ' 	RD', 19, 'VER-100WST 1.00-0', 'VER-100WST 1.00-0-MC PCB ', '2', 2, 1),
(925, 'RD047', 'RD', 19, 'VER 20WSTL 1000 ', 'VER 20WSTL 1000 MC PCB', '2', 10, 1),
(926, 'RD048', ' 	RD', 19, 'VER 40 WSTL 1000', 'VER 40 WSTL 1000 MC PCB', '2', 10, 1),
(927, 'RD049', ' 	RD', 19, 'VER 10WSTL 1000', 'VER 10WSTL 1000 MC PCB', '2', 10, 1),
(929, 'EQ10113', ' 	EQ10', 18, 'Instruction sheet', 'A5 Size Instruction Sheet ', '2', 50, 1),
(930, 'EQ10114', ' 	EQ10', 18, 'QC Passed label', 'QC Passed label (Sticker)', '2', 50, 1),
(931, 'EQ10115', ' 	EQ10', 18, 'Bulb cotton Box', '65x65x110mm Packing Box ', '2', 50, 2),
(933, 'EQ10116', ' 	EQ10', 18, 'Bulb MS CT BOX', 'Bulb master cotton box,135x330x115mm master  Packi', '2', 100, 2),
(934, 'WR12014', 'WR12', 12, '14/38 WR BL1200MM ', '14/38 Wire Black 1200MM Assy,WIRE', '3', 100, 1),
(935, 'WR12015', 'WR12', 12, '14/38 WR BL1100MM ', '14/38 Wire Black 1100MM Assy,WIRE', '3', 100, 1),
(936, 'WR12016', 'WR12', 12, '14/38 WR RD100MM ', '14/38 Wire RED 100MM Assy,WIRE', '3', 100, 1),
(937, 'WR12017', ' 	WR12', 12, '14/38 WR RD240MM', '14/38 Wire RED 240MM Assy,WIRE', '3', 100, 1),
(938, 'EQ10117', 'EQ10', 18, 'SPONGE', 'SPONGE FOR SOLDERING STATIONS', '3', 10, 1),
(939, 'PCB09151', 'PCB09', 13, 'VER SDL L 10 SQ 1.0', 'VER SDL L 10 SQ 1.0,10 WATT SQ DL MC PCB', '2', 50, 1),
(940, 'PCB09152', 'PCB09', 13, 'VER SDL L 15 SQ 1.01', 'VER SDL L 15 SQ 1.01,15 WATT SQ DL MCPCB  ', '2', 50, 1),
(942, 'PCB09153', 'PCB09', 13, '5 W CR BL MC PCB', 'Orb 5W Bulb/6500K MC PCB  &#934; 53.5 mm x 1mm', '2', 50, 1),
(943, 'PCB09154', 'PCB09', 13, 'VER SDL L 10SQ 1.0A ', '10 WATT SQUARE DOWN LIGHT MC PCBA &#934; 80mm (CW)', '2', 50, 1),
(944, 'PCB09155', 'PCB09', 13, 'VER SDL L 15SQ 1.0A', '15 WATT SQUARE DOWN LIGHT MC PCBA &#934; 80mm(CW)', '2', 50, 1),
(945, 'PCB09156', 'PCB09', 13, 'VER SDL L15SQ1.0AWW', '15 WATT SQUARE DOWN LIGHT MC PCBA &#934; 80mm(WW)', '2', 50, 1),
(946, 'EQ21060', 'EQ21', 17, 'MODEL-KLAPP 926', 'TEMPERATURE CONTROLLED SOLDERING STATION', '3', 1, 2),
(947, 'EQ10118', 'EQ10', 18, ' 50 X 30 MM 2UPS(HSN', ' 50 X 30 MM 2UPS(HSN NO4821.90.10), LABLE STICKER', '2', 100000, 2),
(948, 'EQ10119', 'EQ10', 18, '104 X 300MM RESIN IN', 'CARBON TRANSFER PAPER 1INCH', '2', 1, 2),
(949, 'EQ10120', 'EQ10', 18, 'E-4204 B MARK', 'III BARCODE PRINTER ADAPTOR', '2', 1, 2),
(950, 'PCB09157', ' 	PCB09', 13, 'LED PCB 1.2MTR 2835', 'LED ON PCB (1.2MTR 2835 100NoS) ASSEMBLED PCB', '2', 100, 1),
(951, 'EQ21061', 'EQ21', 17, 'AR 2.5-50#0', 'HAND DRILLING MACHINE BIT', '2', 1, 2),
(952, 'EQ21062', 'EQ21', 17, 'KNIFE BLADE', 'KNIFE BLADE', '2', 10, 2),
(953, 'RD050', 'RD', 19, '6W VER BL SM2087.1.0', '6W VER BL SM2087.1.00.02 MC PCB ASSEBLED', '2', 10, 1),
(954, 'EQ21063', 'EQ21', 17, 'Bit AR2.5-50#0', 'Bit AR2.5-50#0', '2', 2, 1),
(955, 'EQ10121', 'EQ10', 18, 'SIDE PIN CAP', 'SIDE PIN CAP', '2', 2000, 1),
(956, 'LD00035', 'LD00', 4, 'FM-P3528WDS-460Q-R80', 'LED FM-P3528WDS-460Q-R80 (60mA)', '2', 9000, 1),
(957, 'RD051', 'RD', 19, '6/8 INDUCTOR', '6/8 INDUCTOR', '2', 100, 1),
(958, 'RD052', ' 	RD', 19, 'T8 TL 7385', 'T8 TUBE LIGHT DRIVER 7385 D/S PCB', '2', 10, 1),
(959, 'RD053', 'RD', 19, 'Transformer PQ26/25', 'Transformer PQ26/25', '3', 20, 1);

-- --------------------------------------------------------

--
-- Table structure for table `rawmaterialassignment`
--

CREATE TABLE IF NOT EXISTS `rawmaterialassignment` (
  `id` bigint(20) NOT NULL AUTO_INCREMENT,
  `vendorid` bigint(20) NOT NULL,
  `rawmaterialid` text NOT NULL,
  PRIMARY KEY (`id`),
  KEY `vendorid` (`vendorid`)
) ENGINE=InnoDB  DEFAULT CHARSET=latin1 AUTO_INCREMENT=91 ;

--
-- Dumping data for table `rawmaterialassignment`
--

INSERT INTO `rawmaterialassignment` (`id`, `vendorid`, `rawmaterialid`) VALUES
(5, 150, '221.222.223.224.225.228.229.230'),
(6, 148, '292.293.294.295.296.297.298.299.300.819.820.821'),
(7, 138, '288.289'),
(8, 143, '525.536.565.574.575.779.784.804'),
(9, 141, '332.333.334.335.336.337.338.339.340.341.342.343.344.345'),
(11, 137, '422.423.424.425.426.427'),
(12, 135, '231.232'),
(13, 133, '1.2.3.4.5.6.7.8.9.10.11.12.13.14.15.16.17.18.19.20.21.22.23.24.25.26.27.28.29.30.31.32.33.34.35.36.37.38.39.40.41.42.43.44.48.49.50.51.53.54.55.56.57.58.60.62.63.64.65.66.67.68.69.70.71.72.73.74.75.76.77.79.80.81.84.85.86.87.88.89.90.92.93.94.95.96.97.98.99.100.101.102.103.104.105.106.107.108.109.110.111.112.113.114.115.119.120.121.122.123.124.125.126.128.129.130.148.149.150.151.152.153.154.155.156.157.158.159.160.161.162.163.164.165.166.167.168.169.172.173.174.175.176.177.178.179.180.181.182.183.184.185.186.187.188.189.190.191.192.194.195.196.197.198.199.200.201.202.203.204.206.207.208.209.215.217.218.219.220.347.348.350.351.352.356.362.364.366.372.376.382.386.387.395.396.398.405.408.409.410.411.413.414.415.416.417.418.419.420.421.441.442.443.446.747.753.759.760.761.763.765.766.767.791.869.872.893.907.862'),
(15, 127, '706.707'),
(17, 125, '272.275.286.287.290.291'),
(18, 123, '45.52.59.61.78.82.83.87.91.116.117.118.122.123.131.132.170.171.193.215.233.349.362.370.404.406.425.427.762.764.862'),
(19, 122, '449.450.451'),
(20, 121, '239.240.241.244.246.247.248.249.250.253.256.257.258.259.290.594.756.950.956'),
(23, 109, '283'),
(24, 101, '457.458.459.460.461.462.463.464.465.466.467.468.469.470.471.472.481.482.483.484.485.486.487.491.492.493.494.495.496.497.498.499.501.502.503.504.508.509.510.511.512.513.514.515.516.517.518.519.520.521.522.523.524.525.528.529.531.532.533.534.535.536.537.540.541.542.543.544.547.548.549.550.551.552.553.554.563.564.565.566.573.576.579.580.581.582.584.744.755.776.782.787.839.840.854.855.876.877.878.879.894.895.924.925.926.927.939.940'),
(26, 83, '314.315.325.327.329.332.742.749.750.330'),
(27, 81, '269.270.279.285.287.733.740.741.748.885.886.887.888.891'),
(29, 66, '311.313.316.317.318.319.320.321.322.323.324.326.328.330.331.332'),
(30, 155, '203.204.205.206.207.209.210.211.212.213.214.215.216.217.219.224.225.226.227.312.351.353.354.355.356.357.358.359.360.361.362.363.365.367.368.369.370.371.373.374.375.377.378.379.380.381.383.384.385.388.389.390.391.392.393.394.397.399.400.401.402.403.404.405.406.407.408.410.412.413.428.429.430.431.432.433.434.435.436.437.438.439.440.441.442.443.444.445.446.610.754.768.800.801.803.862'),
(31, 117, '500.505.506.507.526.527.538.545.546.555.556.557.558.559.560.561.562.567.568.569.570.571.572.577.583.584.583.584'),
(32, 156, '234.235.447.448.452.453.454.455.456.934.935.936.937'),
(33, 128, '447.448'),
(34, 10, '473.474.475.476.477.478.479.480.488.489.490.530.539.261.262.263.264.265.266.267.268.271.273.274.276.277.280.281.284'),
(35, 120, '690.691.692.693.694.724.725.726.727.736.737.738.739'),
(36, 32, '678.709.710.711.734.735.697'),
(37, 62, '447.448.679.680.683.687.702.703.450.451'),
(38, 26, '681.688.700.938'),
(39, 44, '686'),
(40, 142, '689.696.701.721.722'),
(41, 63, '728.729.730.731.736.737.738.739'),
(42, 124, '708.733.955'),
(43, 145, '714'),
(44, 130, '133.134.135.136.137.138.139.140.141.142.143.144.145.146.147'),
(45, 157, '314.315.317.324.325.326.327.328.329.332.337.339.341.342.343.345.346.742.836.851.892.957.959'),
(46, 67, '13.33.53.55.57.58.65.69.71.86.89.90.91.122.129.130.132.149.159.190.192.387.814.815.816.817.841.842.860.868.872.874.875.864'),
(47, 7, '304.305.306.307.756.757'),
(48, 126, '434.431'),
(49, 160, '422.426'),
(50, 159, '235'),
(51, 24, '585'),
(52, 161, '684'),
(53, 162, '757'),
(54, 158, '746.770.771.772.775'),
(55, 118, '593.594.780.805.908'),
(56, 163, '312'),
(57, 153, '251'),
(58, 129, '386'),
(59, 18, '812.609'),
(60, 91, '813.835'),
(61, 165, '685'),
(62, 166, '808'),
(63, 167, '806.807.232'),
(64, 168, '809.810.811'),
(65, 132, '834'),
(66, 169, '822.823.824'),
(67, 170, '326.837.324'),
(68, 171, '838.896.897.898.899.900.901.902.903.904.905'),
(69, 172, '843.844.883'),
(70, 173, '845.846.847.848'),
(71, 174, '688.849'),
(72, 175, '852'),
(73, 176, '861'),
(74, 92, '856.857.889.890.157'),
(75, 177, '313.327.892.324.837'),
(76, 85, '224'),
(77, 178, '682.684'),
(78, 179, '870.871'),
(79, 181, '881.882'),
(80, 180, '884'),
(81, 182, '906'),
(82, 183, '283'),
(83, 184, '720'),
(84, 185, '686'),
(85, 42, '632.639.640.643.921.922.954'),
(86, 186, '947.719.948.949'),
(87, 187, '946'),
(88, 188, '701.952'),
(89, 189, '232'),
(90, 190, '958');

-- --------------------------------------------------------

--
-- Table structure for table `reference`
--

CREATE TABLE IF NOT EXISTS `reference` (
  `id` bigint(20) NOT NULL AUTO_INCREMENT,
  `reference` varchar(20) NOT NULL,
  `mobile` bigint(20) NOT NULL,
  `address` text NOT NULL,
  PRIMARY KEY (`id`)
) ENGINE=InnoDB  DEFAULT CHARSET=latin1 AUTO_INCREMENT=3 ;

--
-- Dumping data for table `reference`
--

INSERT INTO `reference` (`id`, `reference`, `mobile`, `address`) VALUES
(1, 'Harish Wagela', 12345678910, 'aaaaaaaaaaaaaaaaa'),
(2, 'Third Party', 9787676654, 'fadsfasdfasd');

-- --------------------------------------------------------

--
-- Table structure for table `reference_group`
--

CREATE TABLE IF NOT EXISTS `reference_group` (
  `id` bigint(20) NOT NULL AUTO_INCREMENT,
  `name` varchar(25) NOT NULL,
  PRIMARY KEY (`id`)
) ENGINE=InnoDB  DEFAULT CHARSET=latin1 AUTO_INCREMENT=4 ;

--
-- Dumping data for table `reference_group`
--

INSERT INTO `reference_group` (`id`, `name`) VALUES
(1, 'Distrtibutor'),
(2, 'Third Party'),
(3, 'Direct Sale');

-- --------------------------------------------------------

--
-- Table structure for table `saleorder_comments`
--

CREATE TABLE IF NOT EXISTS `saleorder_comments` (
  `id` bigint(20) NOT NULL AUTO_INCREMENT,
  `comment_date` datetime NOT NULL,
  `status_id` bigint(20) NOT NULL,
  `comments` text NOT NULL,
  `updatedby` bigint(20) NOT NULL,
  PRIMARY KEY (`id`),
  KEY `status_id` (`status_id`,`updatedby`),
  KEY `updatedby` (`updatedby`)
) ENGINE=InnoDB DEFAULT CHARSET=latin1 AUTO_INCREMENT=1 ;

-- --------------------------------------------------------

--
-- Table structure for table `salesorder_status`
--

CREATE TABLE IF NOT EXISTS `salesorder_status` (
  `id` int(11) NOT NULL AUTO_INCREMENT,
  `sales_status` varchar(20) NOT NULL,
  `enabled` tinyint(4) NOT NULL,
  `sort_order` int(11) NOT NULL,
  PRIMARY KEY (`id`)
) ENGINE=InnoDB  DEFAULT CHARSET=latin1 AUTO_INCREMENT=11 ;

--
-- Dumping data for table `salesorder_status`
--

INSERT INTO `salesorder_status` (`id`, `sales_status`, `enabled`, `sort_order`) VALUES
(4, 'InProgress', 1, 1),
(5, 'WaitingforApproval', 1, 2),
(6, 'HoldNoStock', 1, 3),
(7, 'Testing', 1, 4),
(8, 'Approved', 1, 5),
(9, 'Not Approved', 1, 6),
(10, 'Delivered', 1, 7);

-- --------------------------------------------------------

--
-- Table structure for table `sales_order`
--

CREATE TABLE IF NOT EXISTS `sales_order` (
  `id` bigint(20) NOT NULL AUTO_INCREMENT,
  `lead_id` bigint(20) NOT NULL,
  `oppurtunity_id` bigint(20) NOT NULL,
  `po_number` varchar(15) NOT NULL,
  `approved_id` bigint(20) DEFAULT NULL,
  `status_id` int(11) DEFAULT NULL,
  `comments` varchar(250) NOT NULL,
  `shipping_address` varchar(200) NOT NULL,
  `billing_address` varchar(200) NOT NULL,
  `courier_by_id` int(11) NOT NULL,
  `is_self_or_customer_pay` tinyint(4) NOT NULL,
  PRIMARY KEY (`id`),
  KEY `oppurtunity_id` (`oppurtunity_id`),
  KEY `courier_by_id` (`courier_by_id`),
  KEY `status_id` (`status_id`),
  KEY `approved_id` (`approved_id`),
  KEY `lead_id` (`lead_id`)
) ENGINE=InnoDB DEFAULT CHARSET=latin1 AUTO_INCREMENT=1 ;

-- --------------------------------------------------------

--
-- Table structure for table `sales_order_approval`
--

CREATE TABLE IF NOT EXISTS `sales_order_approval` (
  `id` bigint(20) NOT NULL AUTO_INCREMENT,
  `sales_order_id` bigint(20) NOT NULL,
  `approved_by` bigint(20) NOT NULL,
  `date_time` datetime NOT NULL,
  PRIMARY KEY (`id`),
  KEY `sales_order_id` (`sales_order_id`),
  KEY `approved_by` (`approved_by`)
) ENGINE=InnoDB DEFAULT CHARSET=latin1 AUTO_INCREMENT=1 ;

-- --------------------------------------------------------

--
-- Table structure for table `samples`
--

CREATE TABLE IF NOT EXISTS `samples` (
  `id` bigint(20) NOT NULL AUTO_INCREMENT,
  `lead_id` bigint(20) NOT NULL,
  `oppurtunity_id` bigint(20) NOT NULL,
  `specification` varchar(250) NOT NULL,
  `product_id` bigint(20) NOT NULL,
  `date` date NOT NULL,
  `company` varchar(50) NOT NULL,
  `contact_person` varchar(25) NOT NULL,
  `designation` varchar(25) NOT NULL,
  `email_id` varchar(50) NOT NULL,
  `contact_no` varchar(15) NOT NULL,
  `assigned_to` varchar(25) NOT NULL,
  `sample_prize` double NOT NULL,
  `no_of_samples` bigint(20) NOT NULL,
  `follow_up` date NOT NULL,
  PRIMARY KEY (`id`),
  KEY `lead_id` (`lead_id`),
  KEY `oppurtunity_id` (`oppurtunity_id`),
  KEY `product_id` (`product_id`)
) ENGINE=InnoDB DEFAULT CHARSET=latin1 AUTO_INCREMENT=1 ;

-- --------------------------------------------------------

--
-- Table structure for table `stock`
--

CREATE TABLE IF NOT EXISTS `stock` (
  `id` bigint(20) NOT NULL AUTO_INCREMENT,
  `batchid` bigint(20) NOT NULL,
  `quantity` int(11) NOT NULL,
  `unitprice` float NOT NULL,
  `amount` float NOT NULL,
  `taxid` int(11) NOT NULL,
  `taxamount` float NOT NULL,
  PRIMARY KEY (`id`),
  KEY `batchid` (`batchid`),
  KEY `taxid` (`taxid`)
) ENGINE=InnoDB  DEFAULT CHARSET=latin1 AUTO_INCREMENT=2 ;

--
-- Dumping data for table `stock`
--

INSERT INTO `stock` (`id`, `batchid`, `quantity`, `unitprice`, `amount`, `taxid`, `taxamount`) VALUES
(1, 8, 0, 11, 0, 1, 0);

-- --------------------------------------------------------

--
-- Table structure for table `stockinventory`
--

CREATE TABLE IF NOT EXISTS `stockinventory` (
  `id` bigint(20) NOT NULL AUTO_INCREMENT,
  `invoiceid` bigint(20) NOT NULL,
  `batchid` bigint(20) NOT NULL,
  `quantity` int(11) NOT NULL,
  `unitprice` float NOT NULL,
  `amount` float NOT NULL,
  `taxid` int(11) NOT NULL,
  `taxamount` float NOT NULL,
  `locationid` bigint(20) NOT NULL,
  `inspection` tinyint(4) NOT NULL,
  `inspectionquantity` bigint(20) NOT NULL,
  `inspectedby` bigint(20) NOT NULL,
  `datetime` date NOT NULL,
  `status` varchar(200) NOT NULL,
  PRIMARY KEY (`id`),
  KEY `invoiceid` (`invoiceid`),
  KEY `batchid` (`batchid`),
  KEY `taxid` (`taxid`)
) ENGINE=InnoDB  DEFAULT CHARSET=latin1 AUTO_INCREMENT=2 ;

--
-- Dumping data for table `stockinventory`
--

INSERT INTO `stockinventory` (`id`, `invoiceid`, `batchid`, `quantity`, `unitprice`, `amount`, `taxid`, `taxamount`, `locationid`, `inspection`, `inspectionquantity`, `inspectedby`, `datetime`, `status`) VALUES
(1, 139, 8, 11, 11, 121, 1, 12.5356, 16, 1, 1, 1, '2014-11-05', '1');

-- --------------------------------------------------------

--
-- Table structure for table `stockissuance`
--

CREATE TABLE IF NOT EXISTS `stockissuance` (
  `id` bigint(20) NOT NULL AUTO_INCREMENT,
  `issuanceid` bigint(20) NOT NULL,
  `batchid` bigint(20) NOT NULL,
  `quantity` int(11) NOT NULL,
  `unitprice` float NOT NULL,
  `amount` float NOT NULL,
  `taxid` int(11) NOT NULL,
  `taxamount` float NOT NULL,
  `issuedto` int(11) NOT NULL,
  PRIMARY KEY (`id`),
  KEY `batchid` (`batchid`),
  KEY `taxid` (`taxid`),
  KEY `issuanceid` (`issuanceid`)
) ENGINE=InnoDB  DEFAULT CHARSET=latin1 AUTO_INCREMENT=12 ;

--
-- Dumping data for table `stockissuance`
--

INSERT INTO `stockissuance` (`id`, `issuanceid`, `batchid`, `quantity`, `unitprice`, `amount`, `taxid`, `taxamount`, `issuedto`) VALUES
(7, 12, 8, 10, 11, 110, 1, 11.396, 6),
(11, 21, 8, 1, 11, 11, 1, 1.1396, 7);

-- --------------------------------------------------------

--
-- Table structure for table `structure`
--

CREATE TABLE IF NOT EXISTS `structure` (
  `id` int(15) NOT NULL AUTO_INCREMENT,
  `structure` varchar(50) NOT NULL,
  `indexvalue` varchar(30) NOT NULL,
  PRIMARY KEY (`id`)
) ENGINE=InnoDB  DEFAULT CHARSET=latin1 AUTO_INCREMENT=12 ;

--
-- Dumping data for table `structure`
--

INSERT INTO `structure` (`id`, `structure`, `indexvalue`) VALUES
(1, 'NISO NPFC', 'A'),
(2, 'NISO PPFC', 'B'),
(3, 'NISO APFC', 'C'),
(4, 'NISO LIN', 'D'),
(5, 'ISO NPFC', 'E'),
(6, 'ISO PPFC', 'F'),
(7, 'ISO APFC', 'G'),
(8, 'DC BUCK', 'H'),
(9, 'DC BOOST', 'I'),
(10, 'CONTROLLER', 'J'),
(11, 'ADAPTOR', 'K');

-- --------------------------------------------------------

--
-- Table structure for table `tax`
--

CREATE TABLE IF NOT EXISTS `tax` (
  `id` int(11) NOT NULL AUTO_INCREMENT,
  `type` varchar(20) NOT NULL,
  `percent` float NOT NULL,
  `description` varchar(50) NOT NULL,
  PRIMARY KEY (`id`)
) ENGINE=InnoDB  DEFAULT CHARSET=latin1 AUTO_INCREMENT=7 ;

--
-- Dumping data for table `tax`
--

INSERT INTO `tax` (`id`, `type`, `percent`, `description`) VALUES
(1, 'Excise', 10.36, 'Excise Duty 10.36%'),
(2, 'VAT 55', 5.5, 'VAT 5.5%'),
(3, 'VAT', 14.5, 'VAT 14.5%'),
(4, 'CST', 2, 'CST 2% with C-Form'),
(6, 'CST 5', 5, 'CST 5%');

-- --------------------------------------------------------

--
-- Table structure for table `user`
--

CREATE TABLE IF NOT EXISTS `user` (
  `id` bigint(20) NOT NULL AUTO_INCREMENT,
  `name` varchar(20) NOT NULL,
  `password` varchar(20) NOT NULL,
  `firstname` varchar(25) NOT NULL,
  `lastname` varchar(25) NOT NULL,
  `phone` varchar(25) NOT NULL,
  `status` varchar(300) NOT NULL,
  `userrole_id` int(11) NOT NULL,
  PRIMARY KEY (`id`),
  KEY `userrole_id` (`userrole_id`)
) ENGINE=InnoDB  DEFAULT CHARSET=latin1 AUTO_INCREMENT=19 ;

--
-- Dumping data for table `user`
--

INSERT INTO `user` (`id`, `name`, `password`, `firstname`, `lastname`, `phone`, `status`, `userrole_id`) VALUES
(1, 'Pentamine', '0101@pentamine', 'Pentamine', 'Tech', '9741222414', '1.2.3.4.5', 1),
(2, 'admin', 'admin123', 'Naveen', 'LK', '9854787457', '', 2),
(3, 'rajesh', 'rajesh', 'Rajesh', 'Raj', '9784122241', '', 11),
(4, 'naveen', '24041984nlk', 'Naveen ', 'Kodavath', '7022006088', '1.2.3.4.5.7', 2),
(5, 'darshanbr', 'semtronics123', 'Darshan', 'B R', '7022006086', '3.7', 4),
(6, 'Srinivask', 'semtronics123', 'Srinivas', 'K', '7022006080', '', 8),
(7, 'yashodha', 'semtronics123', 'Yashodha', 'C', '1234567890', '3.4.5.7', 8),
(8, 'chandrashekar', 'semtronics123', 'Chandrashekar', 'MV', '7022006076', '', 9),
(9, 'mahendra', 'semtronics123', 'Mahendra', 'Maheswar', '7022006083', '', 11),
(10, 'chandrababu', 'semtronics123', 'Chandrababu', 'S', '7022006084', '', 3),
(11, 'Manjunath', 'semtronics123', 'Manjunath', 'V', '7022006071', '1.2.3.4.5.7', 11),
(12, 'narayanaswamy', 'semtronics123', 'Narayana ', 'Swamy', '7022006082', '1.2.3.4.5.7', 10),
(13, 'venkatesh', 'semtronics123', 'Venkatesh', 'TS', '1234567890', '1.2.7', 11),
(14, 'Avinash', 'semtronics123', 'Avinash ', 'BR', '7022006090', '1.2.3.4.5.7', 11),
(15, 'karthik', 'semtronics123', 'Karthik', 'Pola', '7022006085', '1.2.7', 11),
(16, 'Vijay.s', 'semtronics123', 'Vijay ', 'S', '12345678', '3.4.5.7', 3),
(17, 'Raghu.g', 'semtronics123', 'Raghuvardhan', 'G', '123456', '2.3.4.5.7', 7),
(18, 'Shobha.mn', 'semtronics123', 'Shobha', 'MN', '123456', '3.4.5.7', 7);

-- --------------------------------------------------------

--
-- Table structure for table `user_role`
--

CREATE TABLE IF NOT EXISTS `user_role` (
  `id` int(11) NOT NULL AUTO_INCREMENT,
  `role` varchar(25) NOT NULL,
  PRIMARY KEY (`id`)
) ENGINE=InnoDB  DEFAULT CHARSET=latin1 AUTO_INCREMENT=12 ;

--
-- Dumping data for table `user_role`
--

INSERT INTO `user_role` (`id`, `role`) VALUES
(1, 'Super Admin'),
(2, 'admin'),
(3, 'Admin Accounts'),
(4, 'Admin Stores'),
(5, 'Admin R & D'),
(6, 'Admin Production'),
(7, 'Accounts'),
(8, 'Stores'),
(9, 'Research & Dev'),
(10, 'Production'),
(11, 'Manager');

-- --------------------------------------------------------

--
-- Table structure for table `vendor`
--

CREATE TABLE IF NOT EXISTS `vendor` (
  `id` bigint(20) NOT NULL AUTO_INCREMENT,
  `vendorid` varchar(10) NOT NULL,
  `name` varchar(30) NOT NULL,
  `address` varchar(100) NOT NULL,
  `phonenumber` varchar(25) NOT NULL,
  `email` varchar(30) NOT NULL,
  `contactperson` varchar(30) NOT NULL,
  `categoryid` varchar(20) NOT NULL,
  `creditlimit` bigint(20) NOT NULL,
  `creditperiodid` int(11) NOT NULL,
  `leadtime` int(11) NOT NULL,
  PRIMARY KEY (`id`),
  KEY `categoryid` (`categoryid`),
  KEY `creditperiodid` (`creditperiodid`)
) ENGINE=InnoDB  DEFAULT CHARSET=latin1 AUTO_INCREMENT=191 ;

--
-- Dumping data for table `vendor`
--

INSERT INTO `vendor` (`id`, `vendorid`, `name`, `address`, `phonenumber`, `email`, `contactperson`, `categoryid`, `creditlimit`, `creditperiodid`, `leadtime`) VALUES
(4, 'VN0001', 'A R ENTERPRISES', '123 MAIN ST', '80', 'TEST@TEST.COM', 'A R ENTERPRISES', '24', 0, 1, 0),
(5, 'VN0002', 'Asiatic Stationers', 'VINAYAKA TOWERS, 1ST CROSS ( OPPOSITE KAMAT YATRINIVAS HOTEL) GANHINAGAR , BANGALORE -- 560009', '80', 'asiaticstationer.2009@gmail.co', 'MANAGER', '1', 0, 1, 1),
(6, 'VN0003', 'Aarthi Electronics', 'NO.139/6,V.T.COMPLEX,SADAR PATRAPPA ROAD,BANGALORE-560002', '80', 'mjaarthielec@yahoo.com', 'MANAGER', '24', 0, 1, 1),
(7, 'VN0004', 'ALTIS LIGHTING SOLUTIONS(MAKLI', 'GALA NO.115/116 , NIRAV INDUSTRIAL ESTATE, SATIVALI, VASAI ( EAST)  DISTRICT THANE --401208', '80', 'TEST@TEST.COM', 'MANAGER', '38', 0, 1, 0),
(8, 'VN0005', 'ADVANCE MICRO COMPONENTS', '123 MAIN ST', '80', 'TEST@TEST.COM', 'MANAGER', '38', 0, 1, 0),
(9, 'VN0006', 'AKHILA BHARATH ENTERPRISES', 'NO.40,KILARI ROAD,AVENUE ROAD CROSS,BANGALORE-560053', '80', '', 'MANAGER', '25', 0, 1, 1),
(10, 'VN0007', 'ANLITE TECHNOLOGY CO.,LTD  ', '9th BLDG,3rd TANGTOU INDUSTRIAL PARK,SHIYAN,BAO''AN,SHENZHEN-518108,CHAINA', '0', '', 'MANAGER', '38', 0, 1, 30),
(11, 'VN0008', 'Ananya Products,Mathikere,Mb 9', '123 MAIN ST', '80', 'TEST@TEST.COM', 'MANAGER', '38', 0, 1, 0),
(12, 'VN0009', 'ANKIT COMPONENTS', 'NO.32( OLD NO. 140,141,142) S.P.ROAD, BANGALORE -- 560 002.', '80', 'kunaljain42@gmail.com', 'Mr. Kunal', '2', 0, 1, 1),
(13, 'VN0010', 'ATS TECHNOLOGIES', '123 MAIN ST', '80', 'TEST@TEST.COM', 'MANAGER', '38', 0, 1, 0),
(14, 'VN0011', 'B  T Technologies', '123 MAIN ST', '80', 'TEST@TEST.COM', 'MANAGER', '38', 0, 1, 0),
(15, 'VN0012', 'BALAJI GLASS HOUSE', '123 MAIN ST', '80', 'TEST@TEST.COM', 'MANAGER', '38', 0, 1, 0),
(16, 'VN0013', 'Bangalore Electronics Enterpri', '123 MAIN ST', '80', 'TEST@TEST.COM', 'MANAGER', '38', 0, 1, 0),
(17, 'VN0014', 'Bhandari Electronics & Electri', '123 MAIN ST', '80', 'TEST@TEST.COM', 'MANAGER', '38', 0, 1, 0),
(18, 'VN0015', 'Bruckewell Technology Corp., l', '123 MAIN ST', '80', 'TEST@TEST.COM', 'MANAGER', '38', 0, 1, 0),
(19, 'VN0016', 'BULJIN ELMEC PVT LTD', '123 MAIN ST', '80', 'TEST@TEST.COM', 'MANAGER', '38', 0, 1, 0),
(20, 'VN0017', 'C A ELECTRONICS', '123 MAIN ST', '80', 'TEST@TEST.COM', 'MANAGER', '38', 0, 1, 0),
(21, 'VN0018', 'CABLE CRAFTS', 'NO.66/1,SP ROAD,BANGALORE-560002', '80', 'CABLECRAFTS@GMAIL.COM', 'MANAGER', '3', 0, 1, 0),
(22, 'VN0019', 'CEEPEE Electronics', '123 MAIN ST', '80', 'TEST@TEST.COM', 'MANAGER', '38', 0, 1, 0),
(23, 'VN0020', 'Chetan Electronics', '123 MAIN ST', '80', 'TEST@TEST.COM', 'MANAGER', '38', 0, 1, 0),
(24, 'VN0021', 'Chiplus Semiconductor Corp. Ta', '4F.NO.15, INDUSTRY EAST RD.9,SCIENCE-BASED INDUSTRIAL PARK,HSIN-CHU,TAIWAN 300,R.O.C.', '886', 'TEST@TEST.COM', 'MANAGER', '4', 0, 1, 0),
(25, 'VN0022', 'CORN BILL', '123 MAIN ST', '80', 'TEST@TEST.COM', 'MANAGER', '38', 0, 1, 0),
(26, 'VN0023', 'DARSHAN ELECTRONICS ', '123 MAIN ST', '80', 'TEST@TEST.COM', 'MANAGER', '38', 0, 1, 1),
(27, 'VN0024', 'Digi-Key CORPORATION', '123 MAIN ST', '80', 'TEST@TEST.COM', 'MANAGER', '38', 0, 1, 0),
(28, 'VN0025', 'DOMINANT OPTO TECHNOLOGIES SDN', '123 MAIN ST', '80', 'TEST@TEST.COM', 'MANAGER', '38', 0, 1, 0),
(29, 'VN0026', 'Donex Ind Ltd', '123 MAIN ST', '80', 'TEST@TEST.COM', 'MANAGER', '38', 0, 1, 0),
(30, 'VN0027', 'Dongguan Hongzheng Plastic Pro', '123 MAIN ST', '80', 'TEST@TEST.COM', 'MANAGER', '38', 0, 1, 0),
(31, 'VN0028', 'Dongliansheng Science and Tech', '123 MAIN ST', '80', 'TEST@TEST.COM', 'MANAGER', '38', 0, 1, 0),
(32, 'VN0029', 'DURGA TRADING COMPANY', 'NO.4, E.V.LANE, S.P.ROAD CROSS, BANGALORE -- 560 002.', '80', 'durgatradingcompany@ymail.com', 'Mr. Agrawal', '5', 0, 1, 1),
(33, 'VN0030', 'EDISON OPTO CORP,FEDEX', '123 MAIN ST', '80', 'TEST@TEST.COM', 'MANAGER', '38', 0, 1, 0),
(34, 'VN0031', 'ELECTROFACE CONNECTRONICS', '123 MAIN ST', '80', 'TEST@TEST.COM', 'MANAGER', '38', 0, 1, 0),
(35, 'VN0032', 'ELECTRONIC HOUSE', '123 MAIN ST', '80', 'TEST@TEST.COM', 'MANAGER', '38', 0, 1, 0),
(36, 'VN0033', 'Electronika Sales Private LTD', '123 MAIN ST', '80', 'TEST@TEST.COM', 'MANAGER', '38', 0, 1, 0),
(37, 'VN0034', 'EVERLIGHT ELETRONICS CO., LTD', '123 MAIN ST', '80', 'TEST@TEST.COM', 'MANAGER', '38', 0, 1, 0),
(38, 'VN0035', 'FAIRCHILD SEMICONDUCTOR', '123 MAIN ST', '80', 'TEST@TEST.COM', 'MANAGER', '38', 0, 1, 0),
(39, 'VN0036', 'Fonex Luminus', '123 MAIN ST', '80', 'TEST@TEST.COM', 'MANAGER', '38', 0, 1, 0),
(40, 'VN0037', 'G M Enterprises', '123 MAIN ST', '80', 'TEST@TEST.COM', 'MANAGER', '38', 0, 1, 0),
(41, 'VN0038', 'Gonghe Electronics Co., Ltd', '123 MAIN ST', '80', 'TEST@TEST.COM', 'MANAGER', '38', 0, 1, 0),
(42, 'VN0039', 'GOODWILL ENTERPRISES', '123 MAIN ST', '80', 'TEST@TEST.COM', 'MANAGER', '38', 0, 1, 1),
(43, 'VN0040', 'Gulshan Traders ', '123 MAIN ST', '80', 'TEST@TEST.COM', 'MANAGER', '38', 0, 1, 0),
(44, 'VN0041', 'GURUKRIPA ENTERPRISES', '123 MAIN ST', '80', 'TEST@TEST.COM', 'MANAGER', '38', 0, 1, 1),
(45, 'VN0042', 'Hatimi Enterprises', '123 MAIN ST', '80', 'TEST@TEST.COM', 'MANAGER', '38', 0, 1, 0),
(46, 'VN0043', 'J B S MAGNETICS', '123 MAIN ST', '80', 'TEST@TEST.COM', 'MANAGER', '38', 0, 1, 0),
(47, 'VN0044', 'K P Electronics', '123 MAIN ST', '80', 'TEST@TEST.COM', 'MANAGER', '38', 0, 1, 0),
(48, 'VN0045', 'KABADI DISTRIBUTORS', 'NO.19,A.M.LANE,CHICKPET CROSS,SUDHARSHAN COMPLEX, BANGALORE-560053', '80', 'kabadi_insulations@yahoo.co.in', 'MANAGER', '27', 0, 1, 1),
(49, 'VN0046', 'Kable Crops', '123 MAIN ST', '80', 'TEST@TEST.COM', 'MANAGER', '38', 10, 8, 12),
(50, 'VN0047', 'Kanchana Induistrial Electroni', '123 MAIN ST', '80', 'TEST@TEST.COM', 'MANAGER', '38', 0, 1, 0),
(51, 'VN0048', 'Karnataka Electricals & Electr', '123 MAIN ST', '80', 'TEST@TEST.COM', 'MANAGER', '38', 0, 1, 0),
(52, 'VN0049', 'Kaveri Electricals', '123 MAIN ST', '80', 'TEST@TEST.COM', 'MANAGER', '38', 0, 1, 0),
(53, 'VN0050', 'Khushboo Electrical And Compan', '123 MAIN ST', '80', 'TEST@TEST.COM', 'MANAGER', '38', 0, 1, 0),
(54, 'VN0051', 'KOTHARI ELECTROINCS', '123 MAIN ST', '80', 'TEST@TEST.COM', 'MANAGER', '38', 0, 1, 0),
(55, 'VN0052', 'LEDON LIGHTING SOLUTIONS', '123 MAIN ST', '80', 'TEST@TEST.COM', 'MANAGER', '38', 0, 1, 0),
(56, 'VN0053', 'Lohmann Adhesive Tapes India P', '123 MAIN ST', '80', 'TEST@TEST.COM', 'MANAGER', '38', 0, 1, 0),
(57, 'VN0054', 'M/s ELEKTRONIKA SALES PRIVATE ', '123 MAIN ST', '80', 'TEST@TEST.COM', 'MANAGER', '38', 0, 1, 0),
(58, 'VN0055', 'M/s Vishaal Engineering', '123 MAIN ST', '80', 'TEST@TEST.COM', 'MANAGER', '38', 0, 1, 1),
(59, 'VN0056', 'MAGNA  TECH', '123 MAIN ST', '80', 'TEST@TEST.COM', 'MANAGER', '38', 0, 1, 0),
(60, 'VN0057', 'MAHAVEER SALES', '123 MAIN ST', '80', 'TEST@TEST.COM', 'MANAGER', '38', 0, 1, 0),
(61, 'VN0058', 'MAKLITES GROUP AALTIS LIGHTING', '123 MAIN ST', '80', 'TEST@TEST.COM', 'MANAGER', '38', 0, 1, 0),
(62, 'VN0059', 'MANGALDEEP ENTERPRICES', 'NO.11,KARTHIKA PLAZA NO.67,S.P.ROAD,BANGALORE-560002', '80', 'rmangaldeep@gmail.com', 'MANAGER', '10', 20000, 4, 1),
(63, 'VN0060', 'MANIK ENTERPRISES', '123 MAIN ST', '80', 'TEST@TEST.COM', 'MANAGER', '38', 0, 1, 0),
(64, 'VN0061', 'Meera Electricals', '123 MAIN ST', '80', 'TEST@TEST.COM', 'MANAGER', '38', 0, 1, 0),
(65, 'VN0062', 'METRO ', '123 MAIN ST', '80', 'TEST@TEST.COM', 'MANAGER', '38', 0, 1, 0),
(66, 'VN0063', 'METRONIX,Hyderabad', 'MEENAKSHI NILAYAM,PLOT NO.2C,D.NO.11-11-166V,SOWBHAGYA PURAM MAIN ROAD,S.R.K.PURAM,HYDERABAD-500035', '40', 'cdmalleswor@metronix.in', 'MR.MALLESWOR', '38', 50000, 5, 15),
(67, 'VN0064', 'Micro Componetns', '123 MAIN ST', '80', 'TEST@TEST.COM', 'MANAGER', '38', 50000, 4, 7),
(68, 'VN0065', 'MICRO WAVE TECHNOLOGIES', 'No.1/1,13Th Cross,Ganesh Temple Road,Cholurpalya,Magadi main Road,Bangalore-560023', '80', 'TEST@TEST.COM', 'Mr.Naveen', '38', 50000, 4, 1),
(69, 'VN0066', 'Minilogic Device Corp.  Ltd.', '123 MAIN ST', '80', 'TEST@TEST.COM', 'MANAGER', '38', 0, 1, 0),
(70, 'VN0067', 'MM METALS & METAL (ELECTRIC) P', '123 MAIN ST', '80', 'TEST@TEST.COM', 'MANAGER', '38', 0, 1, 0),
(71, 'VN0068', 'MULTIPAK ELECTRONICS INDIA PVT', '123 MAIN ST', '80', 'TEST@TEST.COM', 'MANAGER', '38', 0, 1, 0),
(72, 'VN0069', 'Myageri Electronics Private Li', '123 MAIN ST', '80', 'TEST@TEST.COM', 'MANAGER', '38', 0, 1, 0),
(73, 'VN0070', 'NATARAJ CIRCUITS', '123 MAIN ST', '80', 'TEST@TEST.COM', 'MANAGER', '38', 0, 1, 0),
(74, 'VN0071', 'NOBLE HARDWARE & PAINTS', '123 MAIN ST', '80', 'TEST@TEST.COM', 'MANAGER', '38', 0, 1, 0),
(75, 'VN0072', 'NSK ELECTRONICS', 'NO.66/12,GROUND FLOOR,SABARI COMPLEX,SP ROAD,BANGALORE-560002', '80', 'info@nskelectroice.com', 'Mr.SAMPATH', '28', 0, 1, 1),
(76, 'VN0073', 'OM ELECTROINCS', '123 MAIN ST', '80', 'TEST@TEST.COM', 'MANAGER', '38', 0, 1, 0),
(77, 'VN0074', 'Opto - Elite Private Limited', '123 MAIN ST', '80', 'TEST@TEST.COM', 'MANAGER', '38', 0, 1, 0),
(78, 'VN0075', 'Precious Electronics Pvt Ltd', '123 MAIN ST', '80', 'TEST@TEST.COM', 'MANAGER', '38', 0, 1, 0),
(79, 'VN0076', 'PRINCE ELECTRICALS', '123 MAIN ST', '80', 'TEST@TEST.COM', 'MANAGER', '38', 0, 1, 0),
(80, 'VN0077', 'PRIYANKA ELECTRICALS', '123 MAIN ST', '80', 'TEST@TEST.COM', 'MANAGER', '38', 0, 1, 0),
(81, 'VN0078', 'RAJ ENGINEERING INDUSTRIES', 'NO.276,SUNDAR INDUSTRIAL ESTATE,NEW TIMBER YARD LAYOUT,MYSORE,BANGALORE-560026', '80', 'TEST@TEST.COM', 'MR.PURUSHOTHAM', '29', 0, 1, 1),
(82, 'VN0079', 'Rekha Packing & Co.,', '123 MAIN ST', '80', 'TEST@TEST.COM', 'MANAGER', '38', 0, 1, 0),
(83, 'VN0080', 'S K ENTERPRISES', 'NO.8, JANANI, 1ST FLOOR, KRISHNA STREET ,NEAR 80 FEET , GOBBALA , SUBRAMANYAPURA POST ,BANGALORE -56', '9880190049', 'janani_64@yahoo.co.in', 'Madam Shanthakumari', '6', 30000, 4, 30),
(84, 'VN0081', 'SAHARA ENTERPRISES', '123 MAIN ST', '80', 'TEST@TEST.COM', 'MANAGER', '38', 0, 1, 0),
(85, 'VN0082', 'SAINI ELECTRONICS', '123 MAIN ST', '80', 'TEST@TEST.COM', 'MANAGER', '38', 0, 1, 0),
(86, 'VN0083', 'SAINI IMPLEX', '123 MAIN ST', '80', 'TEST@TEST.COM', 'MANAGER', '38', 0, 1, 0),
(87, 'VN0084', 'SATCHITANAND Stencils Private ', 'NO.R1/17,HIGI,MARAIMALAI NAGAR TOWN CENTER,KATANKOLATHUR,KANCHEPURAM(DT)603203 CHENNAI', '80', 'TEST@TEST.COM', 'MANAGER', '19', 20000, 4, 7),
(88, 'VN0085', 'Shanghai XCHIP Semiconductor C', '123 MAIN ST', '80', 'TEST@TEST.COM', 'MANAGER', '38', 0, 1, 35),
(89, 'VN0086', 'Shenzgen Guangxinweiye Electro', '123 MAIN ST', '80', 'TEST@TEST.COM', 'MANAGER', '38', 0, 1, 35),
(90, 'VN0087', 'SHUBH ELECTRONICS', '123 MAIN ST', '80', 'TEST@TEST.COM', 'MANAGER', '38', 0, 1, 0),
(91, 'VN0088', 'Siddhi Vinayaka Computech', '123 MAIN ST', '80', 'TEST@TEST.COM', 'MANAGER', '38', 100000, 4, 7),
(92, 'VN0089', 'Siricom Technology', 'no.675, SRI KRISHNA PROWESS, 14TH CROSS, 8th MAIN , 2ND PHASE, J.P.NAGAR, BANGALORE - 560 078', '80', 'siricom@vsnl.net', 'Mr. Shivaprasad', '2', 30000, 4, 15),
(93, 'VN0090', 'Solar Energie Technik Ltd.', '123 MAIN ST', '80', 'TEST@TEST.COM', 'MANAGER', '38', 0, 1, 1),
(94, 'VN0091', 'Spectra Innovation India Pvt L', '123 MAIN ST', '80', 'TEST@TEST.COM', 'MANAGER', '38', 0, 1, 7),
(95, 'VN0092', 'Sri Ambe stores', '123 MAIN ST', '80', 'TEST@TEST.COM', 'MANAGER', '38', 0, 1, 0),
(96, 'VN0093', 'SYNDICATE HARDWARE MART', '123 MAIN ST', '80', 'TEST@TEST.COM', 'MANAGER', '38', 0, 1, 1),
(97, 'VN0094', 'SYRATRON TRADE & SERVICES PRIV', '123 MAIN ST', '80', 'TEST@TEST.COM', 'MANAGER', '38', 0, 1, 0),
(98, 'VN0095', 'TIJARAH TOOLS & HARDWARE', 'NO.1,S.S.LANE,SJP ROAD CROSSS,BANGALORE-560002', '80', 'tijarah.tools@gmail.com', 'MANAGER', '7', 0, 1, 1),
(99, 'VN0096', 'Transient Voltage Protection S', '123 MAIN ST', '80', 'TEST@TEST.COM', 'MANAGER', '38', 0, 1, 0),
(100, 'VN0097', 'Unified Electronics (India) Li', '123 MAIN ST', '80', 'TEST@TEST.COM', 'MANAGER', '38', 0, 1, 0),
(101, 'VN0098', 'UNIVERSAL CIRCUITS', 'NO.49/13, ASWATHNAGAR, MUTHARAYASWAMY LAYOUT, BANGALORE --560 091', '9986608485', 'circuits@gmail.com', 'Mr. SELVEM', '8', 10000, 6, 15),
(102, 'VN0099', 'Varidhi Electro Tech Pvt Ltd', '123 MAIN ST', '80', 'TEST@TEST.COM', 'MANAGER', '38', 0, 1, 0),
(103, 'VN0100', 'VIMALA HARDWARE & PLYWOOD', '123 MAIN ST', '80', 'TEST@TEST.COM', 'MANAGER', '38', 0, 1, 0),
(104, 'VN0101', 'VISHAL International', '123 MAIN ST', '80', 'TEST@TEST.COM', 'MANAGER', '38', 0, 1, 0),
(105, 'VN0102', 'WINENTER', '123 MAIN ST', '80', 'TEST@TEST.COM', 'MANAGER', '38', 0, 1, 0),
(106, 'VN0103', 'WORTH ELEKTRONIK', '123 MAIN ST', '80', 'TEST@TEST.COM', 'MANAGER', '38', 10, 8, 12),
(107, 'VN0104', 'YUEQING MOLLER IMP&EXP CO.,LTD', '123 MAIN ST', '80', 'TEST@TEST.COM', 'MANAGER', '38', 10, 8, 12),
(108, 'SM0105', 'SEMTRONICS', '123 MAIN ST', '80', 'TEST@TEST.COM', 'MANAGER', '38', 10, 8, 12),
(109, 'VN0106', 'JINDAL ALUMINIUM LIMITED', 'JINDAL NAGAR,TUMKUR ROAD,BANGALORE-560073', '80', 'jindal@jindalaluminium.com', 'sumith agarwal', '30', 0, 1, 30),
(110, 'VN0107', 'OSRAM', '123 MAIN ST', '80', 'TEST@TEST.COM', 'MANAGER', '38', 0, 1, 0),
(111, 'VN0108', 'ProLight Opto Technology Corp', '123 MAIN ST', '80', 'TEST@TEST.COM', 'MANAGER', '38', 0, 1, 0),
(112, 'VN0109', 'HARISH ENTERPRISES,MUMBAI', '123 MAIN ST', '80', 'TEST@TEST.COM', 'MANAGER', '38', 0, 1, 15),
(113, 'VN0110', 'PROLIGHT', '123 MAIN ST', '80', 'TEST@TEST.COM', 'MANAGER', '38', 0, 1, 0),
(114, 'VN0111', 'ANVASE EXIMPVT LTD', '123 MAIN ST', '80', 'TEST@TEST.COM', 'MANAGER', '38', 0, 1, 35),
(115, 'VN0112', 'NATION STAR', '123 MAIN ST', '80', 'TEST@TEST.COM', 'MANAGER', '38', 0, 1, 35),
(116, 'VN0113', 'SOUTHEREN CHIP', '123 MAIN ST', '80', 'TEST@TEST.COM', 'MANAGER', '38', 500000, 4, 7),
(117, 'VN0114', 'FLIP CHIP', 'NO.12/5,1st FLOOR,8tH CROSS,BHADRAPPA INDUSTRIAL AREA, VRUSHABAVATHI NAGAR,KAMAKSHIPALYA,MAGADI MAIN', '80', 'TEST@TEST.COM', 'Mr.Haribabau', '38', 200000, 5, 7),
(118, 'VN0115', 'SUNSKIYWE(UNITEK)', '123 MAIN ST', '80', 'TEST@TEST.COM', 'MANAGER', '38', 0, 1, 35),
(119, 'VN0116', 'jmy electronic co.limited', 'NO.2120 DINGCHENG INTERNATIONAL BUILDING,ZHONGHANG RD,FUTIAN DISTRICT,SHENZHEN CITY,CHINA', '86', 'james@jmy-elec.com', 'MANAGER', '31', 0, 1, 35),
(120, 'VN0117', 'MARUTHI PUNCH PACK', 'NO.78/25,11th CROSS,ANDRAHALLI MAIN ROAD,NEAR PEENYA 2nd STAGE,VISHWANEEDAM POST, BANGALORE-560091', '9945929826', 'TEST@TEST.COM', 'MANAGER', '38', 100000, 4, 15),
(121, 'VN0118', 'SYRATRON  TECHNOLOGIES PVT LTD', '203, COPPER ARCH ,83, INFANTRY ROAD, BANGALORE - 560 001', '80', 'info@syratron.com', 'Mr. Santosh', '9', 500000, 6, 15),
(122, 'VN0119', 'MAHAVEER ASSOCIATES', '16/2, SRI SWAMY COMPLEX, S.V.LANE, BEHIND HOTEL VIJAY VIHAR.CHICKPET CROSS, BANGALORE -- 560 053', '80', 'mahaveerassoci@yahoo.co.in', 'MANAGER', '10', 40000, 4, 7),
(123, 'VN0120', 'SHREE ELECTRONICS', 'NO. 123, SHIOP NO. 5 & 6, GROUND FLOOR, SRI K.B COMPLEX,  S.P.ROAD,  BANGALORE -- 560 002 ', '80', 'vasanthmandothvas@yahoo.com', 'Mr vasanth', '11', 40000, 6, 7),
(124, 'VN0121', 'SRI LATHA PLASTICS', 'NO.22, 1ST MAIN . 2ND CROSS, SRI LAKSHMI LAYOUT, G.B.PALYA, BANGALORE -- 5600 68', '9742810505', 'TEST@TEST.COM', 'Mr. Vijaykumar', '12', 50000, 5, 15),
(125, 'VN0122', 'SSM TECHNOLOGIES', 'NO.95/A, 2ND FLOOR, 13TH MAIN, ABOVE APPOLLO PHARMA, MUNESHWARA BLOCK, BANGLAORE -560050', '9738272561', 'ssmtech2012@yahoo.com', 'Mr. Karthik', '13', 30000, 3, 15),
(126, 'VN0123', 'RAMAKRISHNA ELECTRO COMPONENTS', '1201-207,  KLJ TOWER, NETAJI  SUBHASH PLACE, PITAMPURA, DELHI', '80', 'seetharam@rkelectro.com', 'Mr. Seetharam', '14', 50000, 4, 35),
(127, 'VN0124', 'S.M EXTRUSION PVT LTD', '158-A/159-D TO 161, SHIVASHAKTI ESTATE, Nr. V -TRANS ,NAROL, AHMEDABAD -- 382 405', '79', 'smextrusions@gmail.com', 'Mr. Mukesh', '15', 0, 1, 15),
(128, 'VN0125', 'SURANA CABLES', '20/3, GOWDER COMPLEX, A.M.LANE, CHICKPET, BANGALORE -- 560 053', '80', 'TEST@TEST.COM', 'MANAGER', '16', 0, 1, 3),
(129, 'VN0126', 'SOURCE TECHNOLOGI', ',NO. 67, GOVINDAPPA ROAD, BASAVAGUDI, BANGALORE -- 560 004', '80', 'sourceblr@sourcetechnologi.in', 'Madam Manjula', '2', 0, 1, 7),
(130, 'VN0127', 'MEGA ELECTRONICS', 'NO.58, OLD BANK ROAD, HINKAL, MYSORE -- 570017', '9845113761', 'megaelecs@gmail.com', 'mr. Chandrahas', '17', 0, 1, 7),
(131, 'VN0128', 'SUPRA ENERGY PVT LTD', 'NO.784,15th CROSS,BETWEEN 35th & 36th MAIN,100FEET RING ROAD,JP NAGAR 1st PHASE,BANGALORE-560078', '0', 'info@supraenergy.in', 'MANAGER', '18', 0, 1, 15),
(132, 'VN0129', 'HARSHINI INDUSTRIES', 'NO.23/36,1st FLOOR,GOVINDAPPA ROAD,BASAVANAGUDI,BANGALORE-560004', '808', 'TEST@TEST.COM', 'MANAGER', '19', 30000, 4, 7),
(133, 'VN0130', 'HICOTRONICS DEVICES PVT LTD', 'NO.39/1,1st MIAN ROAD,NEW TIMBER YARD LAYOUT,MYSORE ROAD CROSS,BANGALORE-560026', '9343522073', 'office@hicotronics.com', 'MR.JEETANDRA', '2', 300000, 6, 7),
(134, 'VN0131', 'GTECH ELECTRO MECHANICS CO.', 'UNIT NO.101,BLDG NO.33,ARIHANT COMPOUND,KOPAR BHIWANDI,DIST,THANE-421302', '2522', 'TEST@TEST.COM', 'MANAGER', '38', 50000, 4, 15),
(135, 'VN0132', 'ALFA BRASS INDUSTRIUES', 'PLOT NO.3624 ROAD NO.I,GIDC PHASE-LII,JAMNAGAR', '0', 'TEST@TEST.COM', 'MANAGER', '38', 30000, 1, 21),
(136, 'VN0133', 'STANDARD LUBRICANTS', 'NO.72,KALASIPALYAM MAIN ROAD,BANGALORE-560002', '808', 'TEST@TEST.COM', 'MANAGER', '20', 0, 1, 0),
(137, 'VN0134', 'LSI COMPONENTS PVT LTD', 'NO.66/2,RANGANATHAPURA,MAGADI ROAD KAMAKSHIPALYA,BANGALORE', '9945074619', 'lsi_comp@yahoo.co.in', 'SEETARAM', '21', 10000, 3, 7),
(138, 'VN0135', 'VANSH ELECTROMECHANICAL DEVICE', 'NO.B-19/2, WAZIRPUR INDUSTRIAL AREA,DELHI-110052', '0', 'TEST@TEST.COM', 'MANAGER', '22', 0, 1, 15),
(139, 'VN0136', 'GTEK CORPORATION', 'NO.2,1st FLOOR,SHOP NO.1,POOOJARI CHELUVAIAH LANE,SP ROAD CROSS,BANGALORE-560002', '9535224460', 'gtek1@live.com', 'MANAGER', '2', 50000, 2, 7),
(140, 'VN0137', 'SHENZHEN ONETOUCH BUSINESS SER', 'NO.46/F,6/F,HONG CHANG PLAZE,2001 SHENMAN ROAD EAST ,SHENZHEN CITY,CHINA', '0', 'TEST@TEST.COM', 'MANAGER', '23', 0, 1, 0),
(141, 'VN0138', 'A.M.ELECTRONICS', 'NO.A-13,NARASIMHAIAH INDUSTRIAL ESTATE,S.R.S.ROAD ,PEENYA, BANGALORE-560058', '80', 'TEST@TEST.COM', 'MANAGER', '38', 100000, 6, 7),
(142, 'VN0139', 'SEAPAC SYSTEMS', 'NO.2&3/31,BASEMENT,PARAKRUTHI LODGE COMPLEX,2nd CROSS,KURUBARAHALLI MAIN ROAD,BANGALORE-560079', '80', 'seapacsystems@gmail.com', 'MANAGER', '32', 50000, 5, 7),
(143, 'VN0140', 'IEQS PVT LTD', 'NO.15-B-1,1ST PHASE,JIGANI INDUSTRIAL AREA,ANEKHAL ROAD,BANGALORE-560106', '80', 'info@ieqs.net', 'MANAGER', '8', 100000, 5, 7),
(144, 'VN0141', 'GMVR HITECH ENTERPRISES PVT LT', 'NO.39/3,2nD FLOOR,KANAKAPURA ROAD ,BSK 2nd STAGE,BANGALORE-560070', '80', 'TEST@TEST.COM', 'MANAGER', '14', 0, 1, 0),
(145, 'VN0142', 'VINPAC INNOVATIONS', 'NO.38,1st MAIN,''D'' STREET,NEW GUDDADAHALLI,MYSORE ROAD,BANGALORE-560026', '80', 'vinpac@mail.com', 'MANAGER', '33', 20000, 3, 15),
(146, 'VN0143', 'SYRATRON TECHNOLOGIES PVT LTD', 'A-207,GOKUL ARCADE,2nd FLOOR,SUBHASHH ROAD,VILEPARLE (EAST),MUMBAI-400057', '91', 'TEST@TEST.COM', 'MANAGER', '38', 1000000, 4, 15),
(147, 'VN0144', 'ENERSAVE LIGHTING SOLUTIONS PV', 'NO.69,(OLD NO.197),NETKALLAPPA CIRCLE,SUBBARAM SHETTY ROAD, BASAVANAGUDI,BANGALORE-560004', '80', 'enersave.ls@gmail.com', 'MANAGER', '34', 0, 1, 1),
(148, 'VN0145', 'FORTUNEART LED LIGHTING PVT LT', '5-4-104/7,NEXT TO RAILWAYBRIDGE,RANIGUNJ,SECUNDERABAD-500003', '40', 'info@fortuneartlighting.com', 'MANAGER', '38', 0, 1, 15),
(149, 'VN0146', 'KWALITY PRODUCTS', 'NO.106,J.C.ROAD,NEAR RAVINDRA KALAKSHETRA,BANGALORE-560002', '80', 'info@kwalityproducts.in', 'MANAGER', '35', 0, 1, 7),
(150, 'VN0147', 'PUNITH ELECTRONICS', 'NO.10,S.J.P.ROAD,1st CROSS,OPP DASAPPA HOSPITAL,BANGALORE-560002', '80', 'TEST@TEST.COM', 'MANAGER', '36', 100000, 3, 7),
(151, 'VN0148', 'SUNY TECHNOLOGIES CO.LTD', '123 MAIN ST', '86', 'sales@sunytec.com', 'MANAGER', '4', 0, 1, 15),
(152, 'VN0149', 'EIC METERS PVT LTD', 'NO.30 & 31,Dr.ANJANEYAPPA INDUSTRIAL ESTATE,KANAKAPURA ROAD,NEAR DELHI PUBLIC SCOOL,YELACHENAHALLI,B', '80', 'TEST@TEST.COM', 'MANAGER', '37', 0, 1, 7),
(153, 'VN0150', 'NICHIA CORPORATION', 'NO.491OKA,KAMINAKA-CHO,ANAN-SHI,TOKUSHIMA-774-8601,JAPAN', '81', 'TEST@TEST.COM', 'MANAGER', '9', 0, 1, 15),
(154, 'VIN0151', 'Test Company', 'asdasdas', '0-9741243244/45', 'rajesh@gmail.com', 'Rajeshy', '1.2', 100000, 3, 12),
(155, 'VIN0152', 'sun micro components pvt ltd', 'express new city complex ,#13/30-35,1st floor,N R road cross, Bangalore-560002', '22293923/24', 'sampatsaini@sunmicrocomponents', 'Mr.Sampat', '11.14.39.41.42.43.44', 500000, 6, 1),
(156, 'VIN0153', 'Divya Enterprises', '#53/2, B/T 5th & 6th Main, Kuvempu Nagar, City Engineering College Road, Doddakalasandra, Bangalore', '08022560014', 'divyacon@gmail.com', 'Sajju', '3.10.36', 20000, 1, 0),
(157, 'VIN0154', 'Bethel Electronics', 'No 90/7,Chikkathogoor Gate,2nd Cross Muniyappa Layout, Electronic City Post,\r\nBangalore-560100', '9341259051', 'bethelelectronics@rediffmail.c', 'Vargis', '31', 200000, 6, 1),
(158, 'VIN0155', 'Ninth Avenue Industries Pvt Lt', '#33,Hospital Raod,Near BVK Iyengar Road Bangalore-53', '08022251678', 'sales@ninthavenue.in', 'xyz', '15', 0, 1, 0),
(159, 'VIN0156', 'EAST WEST AUTOMATIOM TECHNOLO', '106 VINOBAPURI LAJPAT NAGAR-11 NEW DELHI-110024', '1234567', 'INFO@TEST.COM', 'TEST', '36', 15000, 1, 7),
(160, 'VIN0157', 'GLOBAL MECHTRONICS', 'NO.18/110,1st cross, old marasandra road ,subramanyapura,agarabhati factory uttarahalli bangalore-61', '9341133925', 'gmtpm@yahoo.com', 'prasada', '21', 15000, 6, 7),
(161, 'VIN0158', 'ADITYA SCEINTIFIC  ', 'NO 24, 1ST D Main Road, shivanagar, rajajinagar,\r\nBangalore-560010', '9448927884', 'adityachem@rediffmail.com', 'Aditya', '38', 15000, 6, 0),
(162, 'VIN0159', 'FEROZ METAL CASTINGS LTD', 'D.NO. 11-4-22, FEROZ BUILDING, RAJA,S GARDEN, GUNTUR A.P-522 001', '08977112345', 'sales@fmcl.in', 'syed Noor Ahmed', '26', 0, 1, 1),
(163, 'VIN0160', 'JINMMAO YUAN ELECTRONIC CO.LTD', 'NO2120 DINGCHENG INTERNATIONAL BUILDING ZHONGHANG RD.FUTIAN DISTRIAN  DISTRICT,SHENZHEN CITY CHINA', '86-755-83678271', 'james@jmy-elec.com', 'jana', '31', 15000, 6, 14),
(164, 'VIN0161', 'EMADS', 'No.10,Avalahalli.Area,Anjanapura Post,Off Kanakapura Road,Opp.Vinayaka Theater,Bangalore-560062', '080-65791421', 'service@emadsinc.com', 'Mr.Lohith', '38', 50000, 5, 1),
(165, 'VIN0162', 'SHANKAR OIL STORES', 'SHANKAR OIL STORES,KALASIPALYAM,BANGALORE\r\n', '0', 'sales@fmcl.in', 'MANJU', '20', 0, 1, 1),
(166, 'VIN0163', 'CABLE CRAFTS', '#66/1,SP ROAD,BANGALORE-560002', '9886142155', 'cablecrafts@gmail.com', 'manju', '3', 0, 1, 1),
(167, 'VIN0164', 'unique enterprises', '#57/2 1st Floor, sp road Bangalore-560002', '08041140988', 'sheth98@yahoo.com', 'shetha', '5', 0, 1, 1),
(168, 'VIN0165', 'small tools centre', '#5,mandi veerappa lane,PB No.6598,SJP Road Cross Bangalore-560002', '08022233636', 'smalltoolscentre@hotmail.com', 'sssss', '38', 0, 1, 1),
(169, 'VIN0166', 'PERFECT METAL WORKS', '#339/1-4, ANANTHA RAMAIAH WOOLLEN FACTORY COMPOUND, MYSORE ROAD BANGALORE', '91-80-26756936', 'info@perfectmetal.in', 'aditya', '26', 15000, 7, 7),
(170, 'VIN0167', 'prince enterprises', '2/7,shop no.8, basement,chopra complex, tilak nagar,new delhi-110018', '0000000', 'prince10enterprises@gmail.com', 'manju', '6', 0, 1, 7),
(171, 'VIN0168', 'Accutech Laser Pvt Ltd', '#498,1st cross,3rd Stage 4th Phase,Peenya Industrial Area,Bangalore-560058', '9980121492', 'accutechlaser@gmail.com', 'santosh', '26.28', 0, 1, 7),
(172, 'VIN0169', 'AMPLE TECHNO PLAST', '10/11,SRIGANDHKAVAIU ,KEBBALA  MAIN ROAD ,SUNKADAKATTE, BANGALORE', '9341245458', 'ampletechnoplast@gmail.com', 'srinivas', '26', 15000, 7, 7),
(173, 'VIN0170', 'Aarthi Electronics', '#139/6,v.t.complex,sadar patrappa road bangalore', '9751816421', 'mjaarthielec@yahoo.com', 'aarthi', '36', 15000, 7, 7),
(174, 'VIN0171', 'MATAJI SANITARY', '#36,PAPU COTTAGE ,KANAKAPURA  ROAD BANGALORE', '41469277', 'mataji.s.h@gmail.com', 'naresh', '24', 5000, 7, 3),
(175, 'VIN0172', 'RABYTE ELECTRONICS', 'F-32,SEC-11,NOIDA-201301 ,UP', '0120-4746000-9972359456', 'sales@rabyte.com', 'santosh.g', '9', 1000000, 4, 30),
(176, 'VIN0173', 'AROMA', 'NO-284 BANGALORE', '958743510', 'aroma@test.com', 'DARSHAN', '28', 500, 3, 7),
(177, 'VIN0174', 'BEST ELECTRONICS', 'PLOT NO 78H  MYSORE-570018', '9584768210', 'bestelectronicsmys@gmail.com', 'darshan', '31', 5000, 7, 7),
(178, 'VIN0175', 'KHANNA TRADERS', 'NO.324/3,1st Floor,4th, A Cross.Bangalore-560013', '23457383', 'khannatraders@email.oom', 'darshan', '24', 15000, 7, 7),
(179, 'VIN0176', 'M.N.INDUSTRIAL SUPPLIERS', '#170/2,SHOP NO.1 2ND FLOOR ,M.R.R.LANE,S.J.P ROAD CROSS, BANGALORE-560002', '41247951', 'mnassociates@airtelemail.in', 'darshan', '3', 15000, 7, 7),
(180, 'VIN0177', 'SM ELECTRONIC TECHNOLOGIES PVT', '#1790,5th MAIN ,9th CROSS,RPC LAYOUT,VIJAYANAGAR 23nd STAGE BANGALORE-560040', '080-23301030', 'SMGROUP@VSNL.COM', 'SAHANA', '44', 0, 1, 3),
(181, 'VIN0178', 'SHAHANI INDIA COMPATY', '#3, 5th CROSS,KILARI ROAD,BANGALORE-560053', '080-22281808', 'shahani_india@yahoo.com', 'agsgdgh', '24', 0, 1, 1),
(182, 'VIN0179', 'Element  india Pvt Ltd', 'Element14, #15,Theme House, 2nd Floor, Krishna Nagar indl Area, off Hosur Road, Bangalore-560029', '180030003888', 'in-sales@element14.com', 'Girish Kodagehalli', '14.28', 500, 1, 1),
(183, 'VIN0180', 'METAL ARTS', 'NO.344,9th CROSS,4th PHASE, PEENYA INDUSTRIAL AREA BANGALORE-560058', '9955588426', 'metalartstest@email.com', 'srinivas', '26', 15000, 7, 7),
(184, 'VIN0181', 'RAMDEV PAPER CORPORATION', 'NO 107 KANAKAPURA MAIN ROAD  6th block jayanagar bangalore-560082', '9985632487', 'TEST@TEST.COM', 'Darshan', '24', 5000, 7, 7),
(185, 'VIN0182', 'ZENITH INDUSTRIAL SUPPLIES', '#174/2,SADAR PATRAPPA ROAD,BANGALORE-560002', '08022219659', 'zenithblr@airtelmail.in', 'zenith', '32', 0, 1, 1),
(186, 'VIN0183', 'STALLION SYSTEMS AND SOLUTIONS', 'NO : 8/3/206/04.9Tth MAIN N.R.LAYOUT,VIRAT NAGAR ROOPENA AGRAHARA ,BOMMANAHALLI ,BANGALORE-560068', '9448284880', 'blr@stallionindia.com', 'RATHISH', '24', 15000, 7, 7),
(187, 'VIN0184', 'CS COMTEK', 'COMTEK SERVICES  NO: 100,KASHYAPA ,1st Main ,muthyalanagar Bangalore- 560054', '9998886430', 'comtekservicesblr@gmail.com', 'Drashan', '24', 10000, 7, 7),
(188, 'VIN0185', 'RAJ MAHAL PAPER CO', '#163,KESHAV COMPLEX,27th CROSS,6tH BLOCK,JAYANAGAR,BANGALORE-560070', '08041624685', 'ddarshan15@gmail.com', 'SATU', '24', 0, 1, 1),
(189, 'VIN0186', 'MARU INDUSTRIES', 'C/2-111-A, G.I.D.C. SHANKER TEKRI\r\nUDYOGNAGAR,JAMNAGAR-361004', '91-288-2560355', 'mrmaru@sancharnet.in', 'vinod', '38', 0, 1, 2),
(190, 'VIN0187', 'CIRCUIT SYSTEMS', '#6,1st FLOOR ,OM SHAKTI TEMPLE ROAD,YELCHENAHALLI,KANAKAPURA ROAD,BANGALORE-78', '9343522826', 'nagarajckt@yahoo.co.in', 'nagaraju', '8', 0, 1, 7);

-- --------------------------------------------------------

--
-- Table structure for table `vendorcategory`
--

CREATE TABLE IF NOT EXISTS `vendorcategory` (
  `id` int(11) NOT NULL AUTO_INCREMENT,
  `name` varchar(50) NOT NULL,
  PRIMARY KEY (`id`)
) ENGINE=InnoDB  DEFAULT CHARSET=latin1 AUTO_INCREMENT=45 ;

--
-- Dumping data for table `vendorcategory`
--

INSERT INTO `vendorcategory` (`id`, `name`) VALUES
(1, 'STATIONERY'),
(2, 'SMD COMPONENTS'),
(3, 'WIRES & CABLES'),
(4, 'IC'),
(5, 'FASTENERS'),
(6, 'TRANSFORMERS'),
(7, 'GLUE STICK'),
(8, 'PCB,s'),
(9, 'LEDS'),
(10, 'WIRES'),
(11, 'COMPONENTS'),
(12, 'END CAPS'),
(13, 'EXTRUSIONS'),
(14, 'MOSFETS'),
(15, 'PC COVER'),
(16, 'PVC WIRES'),
(17, 'WIRE WOUND RESISTOR'),
(18, 'LED SPOT LIGHTS'),
(19, 'STENCIL'),
(20, 'COTTON WASTE'),
(21, 'HEAT SINK'),
(22, 'DRIVER BOX'),
(23, 'PCBA'),
(24, 'OTHERS'),
(25, 'DRILL BITS'),
(26, 'ENCLOSURES'),
(27, 'SLEEVES'),
(28, 'R&D COMPONENTS'),
(29, 'DRIVER ENCLOSURE'),
(30, 'ALUMINIUM EXTRUDED H'),
(31, 'INDUCTOR '),
(32, 'SELF ADHASIVE TAPE,S'),
(33, 'PACKING CRATE FOR CH'),
(34, 'DOWN LIGHT ENCLOSURE'),
(35, 'AIR BUBBLE ROLL'),
(36, 'CONNECTORS'),
(37, 'EIC MEATERS'),
(38, 'OTHER'),
(39, 'CAPACITOR'),
(41, 'MOV'),
(42, 'ELECTROLYTIC CAPACITOR'),
(43, 'FUSE'),
(44, 'DIODES');

-- --------------------------------------------------------

--
-- Table structure for table `wattagerange`
--

CREATE TABLE IF NOT EXISTS `wattagerange` (
  `id` int(30) NOT NULL AUTO_INCREMENT,
  `wattagerange` varchar(50) NOT NULL,
  `indexvalue` varchar(30) NOT NULL,
  PRIMARY KEY (`id`)
) ENGINE=InnoDB  DEFAULT CHARSET=latin1 AUTO_INCREMENT=15 ;

--
-- Dumping data for table `wattagerange`
--

INSERT INTO `wattagerange` (`id`, `wattagerange`, `indexvalue`) VALUES
(1, '1~5', '1'),
(2, '6~9', '2'),
(3, '10~15', '3'),
(4, '16~20', '4'),
(5, '21~25', '5'),
(6, '26~30', '6'),
(7, '31~35', '7'),
(8, '36~40', '8'),
(9, '41~45', '9'),
(10, '46~50', '10'),
(11, '51~55', '11'),
(12, '56~60', '12'),
(13, '61~65', '13'),
(14, '66~70', '14');

--
-- Constraints for dumped tables
--

--
-- Constraints for table `approver`
--
ALTER TABLE `approver`
  ADD CONSTRAINT `approver_ibfk_1` FOREIGN KEY (`user`) REFERENCES `user` (`id`) ON DELETE NO ACTION ON UPDATE NO ACTION;

--
-- Constraints for table `batch`
--
ALTER TABLE `batch`
  ADD CONSTRAINT `batch_ibfk_1` FOREIGN KEY (`rawmaterialid`) REFERENCES `rawmaterial` (`id`) ON DELETE NO ACTION ON UPDATE NO ACTION;

--
-- Constraints for table `internal_po`
--
ALTER TABLE `internal_po`
  ADD CONSTRAINT `internal_po_ibfk_1` FOREIGN KEY (`inhouse_categoryid`) REFERENCES `inhouse_categories` (`id`) ON DELETE NO ACTION ON UPDATE NO ACTION,
  ADD CONSTRAINT `internal_po_ibfk_2` FOREIGN KEY (`inhouse_statusid`) REFERENCES `inhouse_status` (`id`) ON DELETE NO ACTION ON UPDATE NO ACTION;

--
-- Constraints for table `invoice`
--
ALTER TABLE `invoice`
  ADD CONSTRAINT `invoice_ibfk_2` FOREIGN KEY (`vendorid`) REFERENCES `vendor` (`id`) ON DELETE NO ACTION ON UPDATE NO ACTION;

--
-- Constraints for table `leads`
--
ALTER TABLE `leads`
  ADD CONSTRAINT `leads_ibfk_1` FOREIGN KEY (`reference_group_id`) REFERENCES `reference_group` (`id`) ON DELETE NO ACTION ON UPDATE NO ACTION,
  ADD CONSTRAINT `leads_ibfk_3` FOREIGN KEY (`reference_id`) REFERENCES `reference` (`id`) ON DELETE NO ACTION ON UPDATE NO ACTION,
  ADD CONSTRAINT `leads_ibfk_4` FOREIGN KEY (`industry_category_id`) REFERENCES `industry_category` (`id`) ON DELETE NO ACTION ON UPDATE NO ACTION,
  ADD CONSTRAINT `leads_ibfk_5` FOREIGN KEY (`client_category_id`) REFERENCES `clientcategory` (`id`) ON DELETE NO ACTION ON UPDATE NO ACTION;

--
-- Constraints for table `oppurtunities`
--
ALTER TABLE `oppurtunities`
  ADD CONSTRAINT `oppurtunities_ibfk_1` FOREIGN KEY (`lead_id`) REFERENCES `leads` (`id`) ON DELETE NO ACTION ON UPDATE NO ACTION,
  ADD CONSTRAINT `oppurtunities_ibfk_2` FOREIGN KEY (`product_id`) REFERENCES `product` (`id`) ON DELETE NO ACTION ON UPDATE NO ACTION;

--
-- Constraints for table `oppurtunities_comments`
--
ALTER TABLE `oppurtunities_comments`
  ADD CONSTRAINT `oppurtunities_comments_ibfk_1` FOREIGN KEY (`status_id`) REFERENCES `oppurtunity_status` (`id`) ON DELETE NO ACTION ON UPDATE NO ACTION,
  ADD CONSTRAINT `oppurtunities_comments_ibfk_2` FOREIGN KEY (`oppurtunities_id`) REFERENCES `oppurtunities` (`id`) ON DELETE NO ACTION ON UPDATE NO ACTION;

--
-- Constraints for table `product`
--
ALTER TABLE `product`
  ADD CONSTRAINT `product_ibfk_1` FOREIGN KEY (`productcode`) REFERENCES `products` (`id`) ON DELETE NO ACTION ON UPDATE NO ACTION;

--
-- Constraints for table `productbom`
--
ALTER TABLE `productbom`
  ADD CONSTRAINT `productbom_ibfk_6` FOREIGN KEY (`rawmaterialid`) REFERENCES `rawmaterial` (`id`) ON DELETE NO ACTION ON UPDATE NO ACTION,
  ADD CONSTRAINT `productbom_ibfk_7` FOREIGN KEY (`productcode`) REFERENCES `products` (`id`) ON DELETE NO ACTION ON UPDATE NO ACTION;

--
-- Constraints for table `productbom_versioning`
--
ALTER TABLE `productbom_versioning`
  ADD CONSTRAINT `productbom_versioning_ibfk_1` FOREIGN KEY (`productcode`) REFERENCES `products` (`id`) ON DELETE NO ACTION ON UPDATE NO ACTION;

--
-- Constraints for table `product_subcategory`
--
ALTER TABLE `product_subcategory`
  ADD CONSTRAINT `product_subcategory_ibfk_1` FOREIGN KEY (`category_id`) REFERENCES `product_category` (`id`) ON DELETE NO ACTION ON UPDATE NO ACTION;

--
-- Constraints for table `rawmaterial`
--
ALTER TABLE `rawmaterial`
  ADD CONSTRAINT `rawmaterial_ibfk_2` FOREIGN KEY (`categoryid`) REFERENCES `category` (`id`) ON DELETE NO ACTION ON UPDATE NO ACTION,
  ADD CONSTRAINT `rawmaterial_ibfk_3` FOREIGN KEY (`bom_category`) REFERENCES `bom_category` (`id`) ON DELETE NO ACTION ON UPDATE NO ACTION;

--
-- Constraints for table `rawmaterialassignment`
--
ALTER TABLE `rawmaterialassignment`
  ADD CONSTRAINT `rawmaterialassignment_ibfk_1` FOREIGN KEY (`vendorid`) REFERENCES `vendor` (`id`) ON DELETE NO ACTION ON UPDATE NO ACTION;

--
-- Constraints for table `saleorder_comments`
--
ALTER TABLE `saleorder_comments`
  ADD CONSTRAINT `saleorder_comments_ibfk_1` FOREIGN KEY (`updatedby`) REFERENCES `user` (`id`) ON DELETE NO ACTION ON UPDATE NO ACTION;

--
-- Constraints for table `sales_order`
--
ALTER TABLE `sales_order`
  ADD CONSTRAINT `sales_order_ibfk_2` FOREIGN KEY (`status_id`) REFERENCES `salesorder_status` (`id`) ON DELETE NO ACTION ON UPDATE NO ACTION,
  ADD CONSTRAINT `sales_order_ibfk_3` FOREIGN KEY (`courier_by_id`) REFERENCES `couriers` (`id`) ON DELETE NO ACTION ON UPDATE NO ACTION,
  ADD CONSTRAINT `sales_order_ibfk_4` FOREIGN KEY (`approved_id`) REFERENCES `sales_order_approval` (`id`) ON DELETE NO ACTION ON UPDATE NO ACTION,
  ADD CONSTRAINT `sales_order_ibfk_5` FOREIGN KEY (`lead_id`) REFERENCES `leads` (`id`) ON DELETE NO ACTION ON UPDATE NO ACTION,
  ADD CONSTRAINT `sales_order_ibfk_6` FOREIGN KEY (`oppurtunity_id`) REFERENCES `oppurtunities` (`id`) ON DELETE NO ACTION ON UPDATE NO ACTION;

--
-- Constraints for table `sales_order_approval`
--
ALTER TABLE `sales_order_approval`
  ADD CONSTRAINT `sales_order_approval_ibfk_1` FOREIGN KEY (`sales_order_id`) REFERENCES `sales_order` (`id`) ON DELETE NO ACTION ON UPDATE NO ACTION,
  ADD CONSTRAINT `sales_order_approval_ibfk_2` FOREIGN KEY (`approved_by`) REFERENCES `user` (`id`) ON DELETE NO ACTION ON UPDATE NO ACTION;

--
-- Constraints for table `samples`
--
ALTER TABLE `samples`
  ADD CONSTRAINT `samples_ibfk_1` FOREIGN KEY (`lead_id`) REFERENCES `leads` (`id`) ON DELETE NO ACTION ON UPDATE NO ACTION,
  ADD CONSTRAINT `samples_ibfk_2` FOREIGN KEY (`oppurtunity_id`) REFERENCES `oppurtunities` (`id`) ON DELETE NO ACTION ON UPDATE NO ACTION,
  ADD CONSTRAINT `samples_ibfk_4` FOREIGN KEY (`product_id`) REFERENCES `product` (`id`) ON DELETE NO ACTION ON UPDATE NO ACTION;

--
-- Constraints for table `stock`
--
ALTER TABLE `stock`
  ADD CONSTRAINT `stock_ibfk_2` FOREIGN KEY (`taxid`) REFERENCES `tax` (`id`) ON DELETE NO ACTION ON UPDATE NO ACTION,
  ADD CONSTRAINT `stock_ibfk_3` FOREIGN KEY (`batchid`) REFERENCES `batch` (`id`) ON DELETE NO ACTION ON UPDATE NO ACTION;

--
-- Constraints for table `stockinventory`
--
ALTER TABLE `stockinventory`
  ADD CONSTRAINT `stockinventory_ibfk_1` FOREIGN KEY (`invoiceid`) REFERENCES `invoice` (`id`) ON DELETE NO ACTION ON UPDATE NO ACTION,
  ADD CONSTRAINT `stockinventory_ibfk_3` FOREIGN KEY (`taxid`) REFERENCES `tax` (`id`) ON DELETE NO ACTION ON UPDATE NO ACTION,
  ADD CONSTRAINT `stockinventory_ibfk_4` FOREIGN KEY (`batchid`) REFERENCES `batch` (`id`) ON DELETE NO ACTION ON UPDATE NO ACTION;

--
-- Constraints for table `user`
--
ALTER TABLE `user`
  ADD CONSTRAINT `user_ibfk_2` FOREIGN KEY (`userrole_id`) REFERENCES `user_role` (`id`) ON DELETE NO ACTION ON UPDATE NO ACTION;

--
-- Constraints for table `vendor`
--
ALTER TABLE `vendor`
  ADD CONSTRAINT `vendor_ibfk_3` FOREIGN KEY (`creditperiodid`) REFERENCES `creditperiod` (`id`) ON DELETE NO ACTION ON UPDATE NO ACTION;

/*!40101 SET CHARACTER_SET_CLIENT=@OLD_CHARACTER_SET_CLIENT */;
/*!40101 SET CHARACTER_SET_RESULTS=@OLD_CHARACTER_SET_RESULTS */;
/*!40101 SET COLLATION_CONNECTION=@OLD_COLLATION_CONNECTION */;
