-- phpMyAdmin SQL Dump
-- version 2.11.6
-- http://www.phpmyadmin.net
--
-- Host: localhost
-- Generation Time: Feb 27, 2014 at 06:30 AM
-- Server version: 5.0.51
-- PHP Version: 5.2.6

SET SQL_MODE="NO_AUTO_VALUE_ON_ZERO";


/*!40101 SET @OLD_CHARACTER_SET_CLIENT=@@CHARACTER_SET_CLIENT */;
/*!40101 SET @OLD_CHARACTER_SET_RESULTS=@@CHARACTER_SET_RESULTS */;
/*!40101 SET @OLD_COLLATION_CONNECTION=@@COLLATION_CONNECTION */;
/*!40101 SET NAMES utf8 */;

--
-- Database: `chiramith_ppc_erp`
--

-- --------------------------------------------------------

--
-- Table structure for table `customer`
--

CREATE TABLE `customer` (
  `id` int(11) NOT NULL auto_increment,
  `customerid` varchar(10) NOT NULL,
  `name` varchar(50) NOT NULL,
  `address` varchar(100) NOT NULL,
  `contactname` varchar(25) NOT NULL,
  `phone` int(10) NOT NULL,
  `fax` int(10) NOT NULL,
  `email` varchar(30) NOT NULL,
  PRIMARY KEY  (`id`),
  KEY `id` (`id`)
) ENGINE=InnoDB  DEFAULT CHARSET=latin1 AUTO_INCREMENT=2 ;

--
-- Dumping data for table `customer`
--

INSERT INTO `customer` (`id`, `customerid`, `name`, `address`, `contactname`, `phone`, `fax`, `email`) VALUES
(1, 'CAC001', 'CName', 'CAddress', 'CContactName', 2147483647, 2147483647, 'test@panaceasys.com');

-- --------------------------------------------------------

--
-- Table structure for table `job`
--
CREATE TABLE `job` (
  `id` int(11) NOT NULL auto_increment,
  `createdate` date NOT NULL,
  `order_id` int(11) NOT NULL,
  `product_id` int(11) NOT NULL,
  `totalorderquantity` int(25) NOT NULL,
  `plannedquantity` int(11) NOT NULL,
  `machine_id` int(11) NOT NULL,
  `productionhours` int(11) NOT NULL,
  `settingdays` int(25) NOT NULL,
  `tentative_date` date NOT NULL,
  `tentative_enddate` date NOT NULL,
  PRIMARY KEY  (`id`),
  KEY `order_id` (`order_id`),
  KEY `product_id` (`product_id`),
  KEY `machine_id` (`machine_id`)
) ENGINE=InnoDB  DEFAULT CHARSET=latin1 AUTO_INCREMENT=1 ;

-- --------------------------------------------------------

--
-- Table structure for table `location`
--

CREATE TABLE `location` (
  `id` int(11) NOT NULL auto_increment,
  `name` varchar(10) NOT NULL,
  `section_id` int(11) NOT NULL,
  `subsection_id` int(11) NOT NULL,
  `location_reference_id` int(11) NOT NULL,
  PRIMARY KEY  (`id`),
  KEY `section_id` (`section_id`),
  KEY `subsection_id` (`subsection_id`),
  KEY `location_reference_id` (`location_reference_id`)
) ENGINE=InnoDB  DEFAULT CHARSET=latin1 AUTO_INCREMENT=238 ;

--
-- Dumping data for table `location`
--

INSERT INTO `location` (`id`, `name`, `section_id`, `subsection_id`, `location_reference_id`) VALUES
(1, 'AA01', 1, 1, 1),
(2, 'AA02', 1, 1, 2),
(3, 'AA03', 1, 1, 3),
(4, 'AA04', 1, 1, 4),
(5, 'AA05', 1, 1, 5),
(6, 'AA06', 1, 1, 6),
(7, 'AA07', 1, 1, 7),
(8, 'AA08', 1, 1, 8),
(9, 'AA09', 1, 1, 9),
(10, 'AA10', 1, 1, 10),
(11, 'AA11', 1, 1, 11),
(12, 'AA12', 1, 1, 12),
(13, 'AA13', 1, 1, 13),
(14, 'AA14', 1, 1, 14),
(15, 'AA15', 1, 1, 15),
(16, 'AB01', 1, 2, 31),
(17, 'AB02', 1, 2, 32),
(18, 'AB03', 1, 2, 33),
(19, 'AB04', 1, 2, 34),
(20, 'AB05', 1, 2, 35),
(21, 'AB06', 1, 2, 36),
(22, 'AB07', 1, 2, 37),
(23, 'AB08', 1, 2, 38),
(24, 'AB09', 1, 2, 39),
(25, 'AB10', 1, 2, 40),
(26, 'AB11', 1, 2, 41),
(27, 'AB12', 1, 2, 42),
(28, 'AB13', 1, 2, 43),
(29, 'AB14', 1, 2, 44),
(30, 'AB15', 1, 2, 45),
(31, 'AC01', 1, 3, 61),
(32, 'AC02', 1, 3, 62),
(33, 'AC03', 1, 3, 63),
(34, 'AC04', 1, 3, 64),
(35, 'AC05', 1, 3, 65),
(36, 'AC06', 1, 3, 66),
(37, 'AC07', 1, 3, 67),
(38, 'AC08', 1, 3, 68),
(39, 'AC09', 1, 3, 69),
(40, 'AC10', 1, 3, 70),
(41, 'AC11', 1, 3, 71),
(42, 'AC12', 1, 3, 72),
(43, 'AC13', 1, 3, 73),
(44, 'AC14', 1, 3, 74),
(45, 'AC15', 1, 3, 75),
(46, 'AD01', 1, 4, 91),
(47, 'AD02', 1, 4, 92),
(48, 'AD03', 1, 4, 93),
(49, 'AD04', 1, 4, 94),
(50, 'AD05', 1, 4, 95),
(51, 'AD06', 1, 4, 96),
(52, 'AD07', 1, 4, 97),
(53, 'AD08', 1, 4, 98),
(54, 'AD09', 1, 4, 99),
(55, 'AD10', 1, 4, 100),
(56, 'AD11', 1, 4, 101),
(57, 'AD12', 1, 4, 102),
(58, 'AD13', 1, 4, 103),
(59, 'AD14', 1, 4, 104),
(60, 'AD15', 1, 4, 105),
(61, 'AE01', 1, 5, 121),
(62, 'AE02', 1, 5, 122),
(63, 'AE03', 1, 5, 123),
(64, 'AE04', 1, 5, 124),
(65, 'AE05', 1, 5, 125),
(66, 'AE06', 1, 5, 126),
(67, 'AE07', 1, 5, 127),
(68, 'AE08', 1, 5, 128),
(69, 'AE09', 1, 5, 129),
(70, 'AE10', 1, 5, 130),
(71, 'AE11', 1, 5, 131),
(72, 'AE12', 1, 5, 132),
(73, 'AF01', 1, 6, 151),
(74, 'AF02', 1, 6, 152),
(75, 'AF03', 1, 6, 153),
(76, 'AF04', 1, 6, 154),
(77, 'AF05', 1, 6, 155),
(78, 'AF06', 1, 6, 156),
(79, 'AF07', 1, 6, 157),
(80, 'AF08', 1, 6, 158),
(81, 'AF09', 1, 6, 159),
(82, 'AG01', 1, 7, 181),
(83, 'AG02', 1, 7, 182),
(84, 'AG03', 1, 7, 183),
(85, 'AG04', 1, 7, 184),
(86, 'AG05', 1, 7, 185),
(87, 'AG06', 1, 7, 186),
(88, 'AG07', 1, 7, 187),
(89, 'AG08', 1, 7, 188),
(90, 'AH01', 1, 8, 211),
(91, 'AH02', 1, 8, 212),
(92, 'AH03', 1, 8, 213),
(93, 'AH04', 1, 8, 214),
(94, 'AH05', 1, 8, 215),
(95, 'AH06', 1, 8, 216),
(96, 'AI01', 1, 9, 241),
(97, 'AI02', 1, 9, 242),
(98, 'AI03', 1, 9, 243),
(99, 'AI04', 1, 9, 244),
(100, 'AI05', 1, 9, 245),
(101, 'AI06', 1, 9, 246),
(102, 'AI07', 1, 9, 247),
(103, 'AI08', 1, 9, 248),
(104, 'AI09', 1, 9, 249),
(105, 'AI10', 1, 9, 250),
(106, 'AI11', 1, 9, 251),
(107, 'AI12', 1, 9, 252),
(108, 'BA01', 2, 12, 331),
(109, 'BA02', 2, 12, 332),
(110, 'BA03', 2, 12, 333),
(111, 'BA04', 2, 12, 334),
(112, 'BA05', 2, 12, 335),
(113, 'BA06', 2, 12, 336),
(114, 'BA07', 2, 12, 337),
(115, 'BA08', 2, 12, 338),
(116, 'BA09', 2, 12, 339),
(117, 'BA10', 2, 12, 340),
(118, 'BA11', 2, 12, 341),
(119, 'BA12', 2, 12, 342),
(120, 'BA13', 2, 12, 343),
(121, 'BB01', 2, 13, 361),
(122, 'BB02', 2, 13, 362),
(123, 'BB03', 2, 13, 363),
(124, 'BB04', 2, 13, 364),
(125, 'BB05', 2, 13, 365),
(126, 'BB06', 2, 13, 366),
(127, 'BB07', 2, 13, 367),
(128, 'BB08', 2, 13, 368),
(129, 'BB09', 2, 13, 369),
(130, 'BB10', 2, 13, 370),
(131, 'BB11', 2, 13, 371),
(132, 'BB12', 2, 13, 372),
(133, 'BB13', 2, 13, 373),
(134, 'BC01', 2, 14, 391),
(135, 'BC02', 2, 14, 392),
(136, 'BC03', 2, 14, 393),
(137, 'BC04', 2, 14, 394),
(138, 'BC05', 2, 14, 395),
(139, 'BC06', 2, 14, 396),
(140, 'BC07', 2, 14, 397),
(141, 'BC08', 2, 14, 398),
(142, 'BC09', 2, 14, 399),
(143, 'BC10', 2, 14, 400),
(144, 'BC11', 2, 14, 401),
(145, 'BC12', 2, 14, 402),
(146, 'BC13', 2, 14, 403),
(147, 'BC14', 2, 14, 404),
(148, 'BC15', 2, 14, 405),
(149, 'BD01', 2, 15, 421),
(150, 'BD02', 2, 15, 422),
(151, 'BD03', 2, 15, 423),
(152, 'BD04', 2, 15, 424),
(153, 'BD05', 2, 15, 425),
(154, 'BD06', 2, 15, 426),
(155, 'BD07', 2, 15, 427),
(156, 'BD08', 2, 15, 428),
(157, 'BD09', 2, 15, 429),
(158, 'BD10', 2, 15, 430),
(159, 'BD11', 2, 15, 431),
(160, 'BD12', 2, 15, 432),
(161, 'BD13', 2, 15, 433),
(162, 'BD14', 2, 15, 434),
(163, 'BD15', 2, 15, 435),
(164, 'BE01', 2, 16, 451),
(165, 'BE02', 2, 16, 452),
(166, 'BE03', 2, 16, 453),
(167, 'BE04', 2, 16, 454),
(168, 'BE05', 2, 16, 455),
(169, 'BE06', 2, 16, 456),
(170, 'BE07', 2, 16, 457),
(171, 'BE08', 2, 16, 458),
(172, 'BE09', 2, 16, 459),
(173, 'BE10', 2, 16, 460),
(174, 'BE11', 2, 16, 461),
(175, 'BE12', 2, 16, 462),
(176, 'BE13', 2, 16, 463),
(177, 'BE14', 2, 16, 464),
(178, 'BE15', 2, 16, 465),
(179, 'BF01', 2, 17, 481),
(180, 'BF02', 2, 17, 482),
(181, 'BF03', 2, 17, 483),
(182, 'BF04', 2, 17, 484),
(183, 'BF05', 2, 17, 485),
(184, 'BF06', 2, 17, 486),
(185, 'BF07', 2, 17, 487),
(186, 'BF08', 2, 17, 488),
(187, 'BF09', 2, 17, 489),
(188, 'BF10', 2, 17, 490),
(189, 'BF11', 2, 17, 491),
(190, 'BF12', 2, 17, 492),
(191, 'BF13', 2, 17, 493),
(192, 'BF14', 2, 17, 494),
(193, 'BF15', 2, 17, 495),
(194, 'BG01', 2, 18, 511),
(195, 'BG02', 2, 18, 512),
(196, 'BG03', 2, 18, 513),
(197, 'BG04', 2, 18, 514),
(198, 'BG05', 2, 18, 515),
(199, 'BG06', 2, 18, 516),
(200, 'BG07', 2, 18, 517),
(201, 'BG08', 2, 18, 518),
(202, 'BG09', 2, 18, 519),
(203, 'BG10', 2, 18, 520),
(204, 'BH01', 2, 19, 541),
(205, 'BH02', 2, 19, 542),
(206, 'BH03', 2, 19, 543),
(207, 'BI01', 2, 20, 571),
(208, 'BI02', 2, 20, 572),
(209, 'BI03', 2, 20, 573),
(210, 'CA01', 3, 23, 661),
(211, 'CA02', 3, 23, 662),
(212, 'CA03', 3, 23, 663),
(213, 'CA04', 3, 23, 664),
(214, 'CA05', 3, 23, 665),
(215, 'CA06', 3, 23, 666),
(216, 'CA07', 3, 23, 667),
(217, 'CA08', 3, 23, 668),
(218, 'CA09', 3, 23, 669),
(219, 'CA10', 3, 23, 670),
(220, 'CA11', 3, 23, 671),
(221, 'CA12', 3, 23, 672),
(222, 'CA13', 3, 23, 673),
(223, 'CA14', 3, 23, 674),
(224, 'CB01', 3, 24, 691),
(225, 'CB02', 3, 24, 692),
(226, 'CB03', 3, 24, 693),
(227, 'CB04', 3, 24, 694),
(228, 'CB05', 3, 24, 695),
(229, 'CB06', 3, 24, 696),
(230, 'CB07', 3, 24, 697),
(231, 'CB08', 3, 24, 698),
(232, 'CB09', 3, 24, 699),
(233, 'CB10', 3, 24, 700),
(234, 'CB11', 3, 24, 701),
(235, 'CB12', 3, 24, 702),
(236, 'CB13', 3, 24, 703),
(237, 'CB14', 3, 24, 704);

-- --------------------------------------------------------

--
-- Table structure for table `location_reference`
--

CREATE TABLE `location_reference` (
  `id` int(11) NOT NULL auto_increment,
  `reference` varchar(10) NOT NULL,
  `subsectionid` int(11) NOT NULL,
  PRIMARY KEY  (`id`),
  KEY `subsectionid` (`subsectionid`)
) ENGINE=InnoDB  DEFAULT CHARSET=latin1 AUTO_INCREMENT=991 ;

--
-- Dumping data for table `location_reference`
--

INSERT INTO `location_reference` (`id`, `reference`, `subsectionid`) VALUES
(1, 'LR001', 1),
(2, 'LR002', 1),
(3, 'LR003', 1),
(4, 'LR004', 1),
(5, 'LR005', 1),
(6, 'LR006', 1),
(7, 'LR007', 1),
(8, 'LR008', 1),
(9, 'LR009', 1),
(10, 'LR010', 1),
(11, 'LR011', 1),
(12, 'LR012', 1),
(13, 'LR013', 1),
(14, 'LR014', 1),
(15, 'LR015', 1),
(16, 'LR016', 1),
(17, 'LR017', 1),
(18, 'LR018', 1),
(19, 'LR019', 1),
(20, 'LR020', 1),
(21, 'LR021', 1),
(22, 'LR022', 1),
(23, 'LR023', 1),
(24, 'LR024', 1),
(25, 'LR025', 1),
(26, 'LR026', 1),
(27, 'LR027', 1),
(28, 'LR028', 1),
(29, 'LR029', 1),
(30, 'LR030', 1),
(31, 'LR031', 2),
(32, 'LR032', 2),
(33, 'LR033', 2),
(34, 'LR034', 2),
(35, 'LR035', 2),
(36, 'LR036', 2),
(37, 'LR037', 2),
(38, 'LR038', 2),
(39, 'LR039', 2),
(40, 'LR040', 2),
(41, 'LR041', 2),
(42, 'LR042', 2),
(43, 'LR043', 2),
(44, 'LR044', 2),
(45, 'LR045', 2),
(46, 'LR046', 2),
(47, 'LR047', 2),
(48, 'LR048', 2),
(49, 'LR049', 2),
(50, 'LR050', 2),
(51, 'LR051', 2),
(52, 'LR052', 2),
(53, 'LR053', 2),
(54, 'LR054', 2),
(55, 'LR055', 2),
(56, 'LR056', 2),
(57, 'LR057', 2),
(58, 'LR058', 2),
(59, 'LR059', 2),
(60, 'LR060', 2),
(61, 'LR061', 3),
(62, 'LR062', 3),
(63, 'LR063', 3),
(64, 'LR064', 3),
(65, 'LR065', 3),
(66, 'LR066', 3),
(67, 'LR067', 3),
(68, 'LR068', 3),
(69, 'LR069', 3),
(70, 'LR070', 3),
(71, 'LR071', 3),
(72, 'LR072', 3),
(73, 'LR073', 3),
(74, 'LR074', 3),
(75, 'LR075', 3),
(76, 'LR076', 3),
(77, 'LR077', 3),
(78, 'LR078', 3),
(79, 'LR079', 3),
(80, 'LR080', 3),
(81, 'LR081', 3),
(82, 'LR082', 3),
(83, 'LR083', 3),
(84, 'LR084', 3),
(85, 'LR085', 3),
(86, 'LR086', 3),
(87, 'LR087', 3),
(88, 'LR088', 3),
(89, 'LR089', 3),
(90, 'LR090', 3),
(91, 'LR091', 4),
(92, 'LR092', 4),
(93, 'LR093', 4),
(94, 'LR094', 4),
(95, 'LR095', 4),
(96, 'LR096', 4),
(97, 'LR097', 4),
(98, 'LR098', 4),
(99, 'LR099', 4),
(100, 'LR100', 4),
(101, 'LR101', 4),
(102, 'LR102', 4),
(103, 'LR103', 4),
(104, 'LR104', 4),
(105, 'LR105', 4),
(106, 'LR106', 4),
(107, 'LR107', 4),
(108, 'LR108', 4),
(109, 'LR109', 4),
(110, 'LR110', 4),
(111, 'LR111', 4),
(112, 'LR112', 4),
(113, 'LR113', 4),
(114, 'LR114', 4),
(115, 'LR115', 4),
(116, 'LR116', 4),
(117, 'LR117', 4),
(118, 'LR118', 4),
(119, 'LR119', 4),
(120, 'LR120', 4),
(121, 'LR121', 5),
(122, 'LR122', 5),
(123, 'LR123', 5),
(124, 'LR124', 5),
(125, 'LR125', 5),
(126, 'LR126', 5),
(127, 'LR127', 5),
(128, 'LR128', 5),
(129, 'LR129', 5),
(130, 'LR130', 5),
(131, 'LR131', 5),
(132, 'LR132', 5),
(133, 'LR133', 5),
(134, 'LR134', 5),
(135, 'LR135', 5),
(136, 'LR136', 5),
(137, 'LR137', 5),
(138, 'LR138', 5),
(139, 'LR139', 5),
(140, 'LR140', 5),
(141, 'LR141', 5),
(142, 'LR142', 5),
(143, 'LR143', 5),
(144, 'LR144', 5),
(145, 'LR145', 5),
(146, 'LR146', 5),
(147, 'LR147', 5),
(148, 'LR148', 5),
(149, 'LR149', 5),
(150, 'LR150', 5),
(151, 'LR151', 6),
(152, 'LR152', 6),
(153, 'LR153', 6),
(154, 'LR154', 6),
(155, 'LR155', 6),
(156, 'LR156', 6),
(157, 'LR157', 6),
(158, 'LR158', 6),
(159, 'LR159', 6),
(160, 'LR160', 6),
(161, 'LR161', 6),
(162, 'LR162', 6),
(163, 'LR163', 6),
(164, 'LR164', 6),
(165, 'LR165', 6),
(166, 'LR166', 6),
(167, 'LR167', 6),
(168, 'LR168', 6),
(169, 'LR169', 6),
(170, 'LR170', 6),
(171, 'LR171', 6),
(172, 'LR172', 6),
(173, 'LR173', 6),
(174, 'LR174', 6),
(175, 'LR175', 6),
(176, 'LR176', 6),
(177, 'LR177', 6),
(178, 'LR178', 6),
(179, 'LR179', 6),
(180, 'LR180', 6),
(181, 'LR181', 7),
(182, 'LR182', 7),
(183, 'LR183', 7),
(184, 'LR184', 7),
(185, 'LR185', 7),
(186, 'LR186', 7),
(187, 'LR187', 7),
(188, 'LR188', 7),
(189, 'LR189', 7),
(190, 'LR190', 7),
(191, 'LR191', 7),
(192, 'LR192', 7),
(193, 'LR193', 7),
(194, 'LR194', 7),
(195, 'LR195', 7),
(196, 'LR196', 7),
(197, 'LR197', 7),
(198, 'LR198', 7),
(199, 'LR199', 7),
(200, 'LR200', 7),
(201, 'LR201', 7),
(202, 'LR202', 7),
(203, 'LR203', 7),
(204, 'LR204', 7),
(205, 'LR205', 7),
(206, 'LR206', 7),
(207, 'LR207', 7),
(208, 'LR208', 7),
(209, 'LR209', 7),
(210, 'LR210', 7),
(211, 'LR211', 8),
(212, 'LR212', 8),
(213, 'LR213', 8),
(214, 'LR214', 8),
(215, 'LR215', 8),
(216, 'LR216', 8),
(217, 'LR217', 8),
(218, 'LR218', 8),
(219, 'LR219', 8),
(220, 'LR220', 8),
(221, 'LR221', 8),
(222, 'LR222', 8),
(223, 'LR223', 8),
(224, 'LR224', 8),
(225, 'LR225', 8),
(226, 'LR226', 8),
(227, 'LR227', 8),
(228, 'LR228', 8),
(229, 'LR229', 8),
(230, 'LR230', 8),
(231, 'LR231', 8),
(232, 'LR232', 8),
(233, 'LR233', 8),
(234, 'LR234', 8),
(235, 'LR235', 8),
(236, 'LR236', 8),
(237, 'LR237', 8),
(238, 'LR238', 8),
(239, 'LR239', 8),
(240, 'LR240', 8),
(241, 'LR241', 9),
(242, 'LR242', 9),
(243, 'LR243', 9),
(244, 'LR244', 9),
(245, 'LR245', 9),
(246, 'LR246', 9),
(247, 'LR247', 9),
(248, 'LR248', 9),
(249, 'LR249', 9),
(250, 'LR250', 9),
(251, 'LR251', 9),
(252, 'LR252', 9),
(253, 'LR253', 9),
(254, 'LR254', 9),
(255, 'LR255', 9),
(256, 'LR256', 9),
(257, 'LR257', 9),
(258, 'LR258', 9),
(259, 'LR259', 9),
(260, 'LR260', 9),
(261, 'LR261', 9),
(262, 'LR262', 9),
(263, 'LR263', 9),
(264, 'LR264', 9),
(265, 'LR265', 9),
(266, 'LR266', 9),
(267, 'LR267', 9),
(268, 'LR268', 9),
(269, 'LR269', 9),
(270, 'LR270', 9),
(271, 'LR271', 10),
(272, 'LR272', 10),
(273, 'LR273', 10),
(274, 'LR274', 10),
(275, 'LR275', 10),
(276, 'LR276', 10),
(277, 'LR277', 10),
(278, 'LR278', 10),
(279, 'LR279', 10),
(280, 'LR280', 10),
(281, 'LR281', 10),
(282, 'LR282', 10),
(283, 'LR283', 10),
(284, 'LR284', 10),
(285, 'LR285', 10),
(286, 'LR286', 10),
(287, 'LR287', 10),
(288, 'LR288', 10),
(289, 'LR289', 10),
(290, 'LR290', 10),
(291, 'LR291', 10),
(292, 'LR292', 10),
(293, 'LR293', 10),
(294, 'LR294', 10),
(295, 'LR295', 10),
(296, 'LR296', 10),
(297, 'LR297', 10),
(298, 'LR298', 10),
(299, 'LR299', 10),
(300, 'LR300', 10),
(301, 'LR301', 11),
(302, 'LR302', 11),
(303, 'LR303', 11),
(304, 'LR304', 11),
(305, 'LR305', 11),
(306, 'LR306', 11),
(307, 'LR307', 11),
(308, 'LR308', 11),
(309, 'LR309', 11),
(310, 'LR310', 11),
(311, 'LR311', 11),
(312, 'LR312', 11),
(313, 'LR313', 11),
(314, 'LR314', 11),
(315, 'LR315', 11),
(316, 'LR316', 11),
(317, 'LR317', 11),
(318, 'LR318', 11),
(319, 'LR319', 11),
(320, 'LR320', 11),
(321, 'LR321', 11),
(322, 'LR322', 11),
(323, 'LR323', 11),
(324, 'LR324', 11),
(325, 'LR325', 11),
(326, 'LR326', 11),
(327, 'LR327', 11),
(328, 'LR328', 11),
(329, 'LR329', 11),
(330, 'LR330', 11),
(331, 'LR331', 12),
(332, 'LR332', 12),
(333, 'LR333', 12),
(334, 'LR334', 12),
(335, 'LR335', 12),
(336, 'LR336', 12),
(337, 'LR337', 12),
(338, 'LR338', 12),
(339, 'LR339', 12),
(340, 'LR340', 12),
(341, 'LR341', 12),
(342, 'LR342', 12),
(343, 'LR343', 12),
(344, 'LR344', 12),
(345, 'LR345', 12),
(346, 'LR346', 12),
(347, 'LR347', 12),
(348, 'LR348', 12),
(349, 'LR349', 12),
(350, 'LR350', 12),
(351, 'LR351', 12),
(352, 'LR352', 12),
(353, 'LR353', 12),
(354, 'LR354', 12),
(355, 'LR355', 12),
(356, 'LR356', 12),
(357, 'LR357', 12),
(358, 'LR358', 12),
(359, 'LR359', 12),
(360, 'LR360', 12),
(361, 'LR361', 13),
(362, 'LR362', 13),
(363, 'LR363', 13),
(364, 'LR364', 13),
(365, 'LR365', 13),
(366, 'LR366', 13),
(367, 'LR367', 13),
(368, 'LR368', 13),
(369, 'LR369', 13),
(370, 'LR370', 13),
(371, 'LR371', 13),
(372, 'LR372', 13),
(373, 'LR373', 13),
(374, 'LR374', 13),
(375, 'LR375', 13),
(376, 'LR376', 13),
(377, 'LR377', 13),
(378, 'LR378', 13),
(379, 'LR379', 13),
(380, 'LR380', 13),
(381, 'LR381', 13),
(382, 'LR382', 13),
(383, 'LR383', 13),
(384, 'LR384', 13),
(385, 'LR385', 13),
(386, 'LR386', 13),
(387, 'LR387', 13),
(388, 'LR388', 13),
(389, 'LR389', 13),
(390, 'LR390', 13),
(391, 'LR391', 14),
(392, 'LR392', 14),
(393, 'LR393', 14),
(394, 'LR394', 14),
(395, 'LR395', 14),
(396, 'LR396', 14),
(397, 'LR397', 14),
(398, 'LR398', 14),
(399, 'LR399', 14),
(400, 'LR400', 14),
(401, 'LR401', 14),
(402, 'LR402', 14),
(403, 'LR403', 14),
(404, 'LR404', 14),
(405, 'LR405', 14),
(406, 'LR406', 14),
(407, 'LR407', 14),
(408, 'LR408', 14),
(409, 'LR409', 14),
(410, 'LR410', 14),
(411, 'LR411', 14),
(412, 'LR412', 14),
(413, 'LR413', 14),
(414, 'LR414', 14),
(415, 'LR415', 14),
(416, 'LR416', 14),
(417, 'LR417', 14),
(418, 'LR418', 14),
(419, 'LR419', 14),
(420, 'LR420', 14),
(421, 'LR421', 15),
(422, 'LR422', 15),
(423, 'LR423', 15),
(424, 'LR424', 15),
(425, 'LR425', 15),
(426, 'LR426', 15),
(427, 'LR427', 15),
(428, 'LR428', 15),
(429, 'LR429', 15),
(430, 'LR430', 15),
(431, 'LR431', 15),
(432, 'LR432', 15),
(433, 'LR433', 15),
(434, 'LR434', 15),
(435, 'LR435', 15),
(436, 'LR436', 15),
(437, 'LR437', 15),
(438, 'LR438', 15),
(439, 'LR439', 15),
(440, 'LR440', 15),
(441, 'LR441', 15),
(442, 'LR442', 15),
(443, 'LR443', 15),
(444, 'LR444', 15),
(445, 'LR445', 15),
(446, 'LR446', 15),
(447, 'LR447', 15),
(448, 'LR448', 15),
(449, 'LR449', 15),
(450, 'LR450', 15),
(451, 'LR451', 16),
(452, 'LR452', 16),
(453, 'LR453', 16),
(454, 'LR454', 16),
(455, 'LR455', 16),
(456, 'LR456', 16),
(457, 'LR457', 16),
(458, 'LR458', 16),
(459, 'LR459', 16),
(460, 'LR460', 16),
(461, 'LR461', 16),
(462, 'LR462', 16),
(463, 'LR463', 16),
(464, 'LR464', 16),
(465, 'LR465', 16),
(466, 'LR466', 16),
(467, 'LR467', 16),
(468, 'LR468', 16),
(469, 'LR469', 16),
(470, 'LR470', 16),
(471, 'LR471', 16),
(472, 'LR472', 16),
(473, 'LR473', 16),
(474, 'LR474', 16),
(475, 'LR475', 16),
(476, 'LR476', 16),
(477, 'LR477', 16),
(478, 'LR478', 16),
(479, 'LR479', 16),
(480, 'LR480', 16),
(481, 'LR481', 17),
(482, 'LR482', 17),
(483, 'LR483', 17),
(484, 'LR484', 17),
(485, 'LR485', 17),
(486, 'LR486', 17),
(487, 'LR487', 17),
(488, 'LR488', 17),
(489, 'LR489', 17),
(490, 'LR490', 17),
(491, 'LR491', 17),
(492, 'LR492', 17),
(493, 'LR493', 17),
(494, 'LR494', 17),
(495, 'LR495', 17),
(496, 'LR496', 17),
(497, 'LR497', 17),
(498, 'LR498', 17),
(499, 'LR499', 17),
(500, 'LR500', 17),
(501, 'LR501', 17),
(502, 'LR502', 17),
(503, 'LR503', 17),
(504, 'LR504', 17),
(505, 'LR505', 17),
(506, 'LR506', 17),
(507, 'LR507', 17),
(508, 'LR508', 17),
(509, 'LR509', 17),
(510, 'LR510', 17),
(511, 'LR511', 18),
(512, 'LR512', 18),
(513, 'LR513', 18),
(514, 'LR514', 18),
(515, 'LR515', 18),
(516, 'LR516', 18),
(517, 'LR517', 18),
(518, 'LR518', 18),
(519, 'LR519', 18),
(520, 'LR520', 18),
(521, 'LR521', 18),
(522, 'LR522', 18),
(523, 'LR523', 18),
(524, 'LR524', 18),
(525, 'LR525', 18),
(526, 'LR526', 18),
(527, 'LR527', 18),
(528, 'LR528', 18),
(529, 'LR529', 18),
(530, 'LR530', 18),
(531, 'LR531', 18),
(532, 'LR532', 18),
(533, 'LR533', 18),
(534, 'LR534', 18),
(535, 'LR535', 18),
(536, 'LR536', 18),
(537, 'LR537', 18),
(538, 'LR538', 18),
(539, 'LR539', 18),
(540, 'LR540', 18),
(541, 'LR541', 19),
(542, 'LR542', 19),
(543, 'LR543', 19),
(544, 'LR544', 19),
(545, 'LR545', 19),
(546, 'LR546', 19),
(547, 'LR547', 19),
(548, 'LR548', 19),
(549, 'LR549', 19),
(550, 'LR550', 19),
(551, 'LR551', 19),
(552, 'LR552', 19),
(553, 'LR553', 19),
(554, 'LR554', 19),
(555, 'LR555', 19),
(556, 'LR556', 19),
(557, 'LR557', 19),
(558, 'LR558', 19),
(559, 'LR559', 19),
(560, 'LR560', 19),
(561, 'LR561', 19),
(562, 'LR562', 19),
(563, 'LR563', 19),
(564, 'LR564', 19),
(565, 'LR565', 19),
(566, 'LR566', 19),
(567, 'LR567', 19),
(568, 'LR568', 19),
(569, 'LR569', 19),
(570, 'LR570', 19),
(571, 'LR571', 20),
(572, 'LR572', 20),
(573, 'LR573', 20),
(574, 'LR574', 20),
(575, 'LR575', 20),
(576, 'LR576', 20),
(577, 'LR577', 20),
(578, 'LR578', 20),
(579, 'LR579', 20),
(580, 'LR580', 20),
(581, 'LR581', 20),
(582, 'LR582', 20),
(583, 'LR583', 20),
(584, 'LR584', 20),
(585, 'LR585', 20),
(586, 'LR586', 20),
(587, 'LR587', 20),
(588, 'LR588', 20),
(589, 'LR589', 20),
(590, 'LR590', 20),
(591, 'LR591', 20),
(592, 'LR592', 20),
(593, 'LR593', 20),
(594, 'LR594', 20),
(595, 'LR595', 20),
(596, 'LR596', 20),
(597, 'LR597', 20),
(598, 'LR598', 20),
(599, 'LR599', 20),
(600, 'LR600', 20),
(601, 'LR601', 21),
(602, 'LR602', 21),
(603, 'LR603', 21),
(604, 'LR604', 21),
(605, 'LR605', 21),
(606, 'LR606', 21),
(607, 'LR607', 21),
(608, 'LR608', 21),
(609, 'LR609', 21),
(610, 'LR610', 21),
(611, 'LR611', 21),
(612, 'LR612', 21),
(613, 'LR613', 21),
(614, 'LR614', 21),
(615, 'LR615', 21),
(616, 'LR616', 21),
(617, 'LR617', 21),
(618, 'LR618', 21),
(619, 'LR619', 21),
(620, 'LR620', 21),
(621, 'LR621', 21),
(622, 'LR622', 21),
(623, 'LR623', 21),
(624, 'LR624', 21),
(625, 'LR625', 21),
(626, 'LR626', 21),
(627, 'LR627', 21),
(628, 'LR628', 21),
(629, 'LR629', 21),
(630, 'LR630', 21),
(631, 'LR631', 22),
(632, 'LR632', 22),
(633, 'LR633', 22),
(634, 'LR634', 22),
(635, 'LR635', 22),
(636, 'LR636', 22),
(637, 'LR637', 22),
(638, 'LR638', 22),
(639, 'LR639', 22),
(640, 'LR640', 22),
(641, 'LR641', 22),
(642, 'LR642', 22),
(643, 'LR643', 22),
(644, 'LR644', 22),
(645, 'LR645', 22),
(646, 'LR646', 22),
(647, 'LR647', 22),
(648, 'LR648', 22),
(649, 'LR649', 22),
(650, 'LR650', 22),
(651, 'LR651', 22),
(652, 'LR652', 22),
(653, 'LR653', 22),
(654, 'LR654', 22),
(655, 'LR655', 22),
(656, 'LR656', 22),
(657, 'LR657', 22),
(658, 'LR658', 22),
(659, 'LR659', 22),
(660, 'LR660', 22),
(661, 'LR661', 23),
(662, 'LR662', 23),
(663, 'LR663', 23),
(664, 'LR664', 23),
(665, 'LR665', 23),
(666, 'LR666', 23),
(667, 'LR667', 23),
(668, 'LR668', 23),
(669, 'LR669', 23),
(670, 'LR670', 23),
(671, 'LR671', 23),
(672, 'LR672', 23),
(673, 'LR673', 23),
(674, 'LR674', 23),
(675, 'LR675', 23),
(676, 'LR676', 23),
(677, 'LR677', 23),
(678, 'LR678', 23),
(679, 'LR679', 23),
(680, 'LR680', 23),
(681, 'LR681', 23),
(682, 'LR682', 23),
(683, 'LR683', 23),
(684, 'LR684', 23),
(685, 'LR685', 23),
(686, 'LR686', 23),
(687, 'LR687', 23),
(688, 'LR688', 23),
(689, 'LR689', 23),
(690, 'LR690', 23),
(691, 'LR691', 24),
(692, 'LR692', 24),
(693, 'LR693', 24),
(694, 'LR694', 24),
(695, 'LR695', 24),
(696, 'LR696', 24),
(697, 'LR697', 24),
(698, 'LR698', 24),
(699, 'LR699', 24),
(700, 'LR700', 24),
(701, 'LR701', 24),
(702, 'LR702', 24),
(703, 'LR703', 24),
(704, 'LR704', 24),
(705, 'LR705', 24),
(706, 'LR706', 24),
(707, 'LR707', 24),
(708, 'LR708', 24),
(709, 'LR709', 24),
(710, 'LR710', 24),
(711, 'LR711', 24),
(712, 'LR712', 24),
(713, 'LR713', 24),
(714, 'LR714', 24),
(715, 'LR715', 24),
(716, 'LR716', 24),
(717, 'LR717', 24),
(718, 'LR718', 24),
(719, 'LR719', 24),
(720, 'LR720', 24),
(721, 'LR721', 25),
(722, 'LR722', 25),
(723, 'LR723', 25),
(724, 'LR724', 25),
(725, 'LR725', 25),
(726, 'LR726', 25),
(727, 'LR727', 25),
(728, 'LR728', 25),
(729, 'LR729', 25),
(730, 'LR730', 25),
(731, 'LR731', 25),
(732, 'LR732', 25),
(733, 'LR733', 25),
(734, 'LR734', 25),
(735, 'LR735', 25),
(736, 'LR736', 25),
(737, 'LR737', 25),
(738, 'LR738', 25),
(739, 'LR739', 25),
(740, 'LR740', 25),
(741, 'LR741', 25),
(742, 'LR742', 25),
(743, 'LR743', 25),
(744, 'LR744', 25),
(745, 'LR745', 25),
(746, 'LR746', 25),
(747, 'LR747', 25),
(748, 'LR748', 25),
(749, 'LR749', 25),
(750, 'LR750', 25),
(751, 'LR751', 26),
(752, 'LR752', 26),
(753, 'LR753', 26),
(754, 'LR754', 26),
(755, 'LR755', 26),
(756, 'LR756', 26),
(757, 'LR757', 26),
(758, 'LR758', 26),
(759, 'LR759', 26),
(760, 'LR760', 26),
(761, 'LR761', 26),
(762, 'LR762', 26),
(763, 'LR763', 26),
(764, 'LR764', 26),
(765, 'LR765', 26),
(766, 'LR766', 26),
(767, 'LR767', 26),
(768, 'LR768', 26),
(769, 'LR769', 26),
(770, 'LR770', 26),
(771, 'LR771', 26),
(772, 'LR772', 26),
(773, 'LR773', 26),
(774, 'LR774', 26),
(775, 'LR775', 26),
(776, 'LR776', 26),
(777, 'LR777', 26),
(778, 'LR778', 26),
(779, 'LR779', 26),
(780, 'LR780', 26),
(781, 'LR781', 27),
(782, 'LR782', 27),
(783, 'LR783', 27),
(784, 'LR784', 27),
(785, 'LR785', 27),
(786, 'LR786', 27),
(787, 'LR787', 27),
(788, 'LR788', 27),
(789, 'LR789', 27),
(790, 'LR790', 27),
(791, 'LR791', 27),
(792, 'LR792', 27),
(793, 'LR793', 27),
(794, 'LR794', 27),
(795, 'LR795', 27),
(796, 'LR796', 27),
(797, 'LR797', 27),
(798, 'LR798', 27),
(799, 'LR799', 27),
(800, 'LR800', 27),
(801, 'LR801', 27),
(802, 'LR802', 27),
(803, 'LR803', 27),
(804, 'LR804', 27),
(805, 'LR805', 27),
(806, 'LR806', 27),
(807, 'LR807', 27),
(808, 'LR808', 27),
(809, 'LR809', 27),
(810, 'LR810', 27),
(811, 'LR811', 28),
(812, 'LR812', 28),
(813, 'LR813', 28),
(814, 'LR814', 28),
(815, 'LR815', 28),
(816, 'LR816', 28),
(817, 'LR817', 28),
(818, 'LR818', 28),
(819, 'LR819', 28),
(820, 'LR820', 28),
(821, 'LR821', 28),
(822, 'LR822', 28),
(823, 'LR823', 28),
(824, 'LR824', 28),
(825, 'LR825', 28),
(826, 'LR826', 28),
(827, 'LR827', 28),
(828, 'LR828', 28),
(829, 'LR829', 28),
(830, 'LR830', 28),
(831, 'LR831', 28),
(832, 'LR832', 28),
(833, 'LR833', 28),
(834, 'LR834', 28),
(835, 'LR835', 28),
(836, 'LR836', 28),
(837, 'LR837', 28),
(838, 'LR838', 28),
(839, 'LR839', 28),
(840, 'LR840', 28),
(841, 'LR841', 29),
(842, 'LR842', 29),
(843, 'LR843', 29),
(844, 'LR844', 29),
(845, 'LR845', 29),
(846, 'LR846', 29),
(847, 'LR847', 29),
(848, 'LR848', 29),
(849, 'LR849', 29),
(850, 'LR850', 29),
(851, 'LR851', 29),
(852, 'LR852', 29),
(853, 'LR853', 29),
(854, 'LR854', 29),
(855, 'LR855', 29),
(856, 'LR856', 29),
(857, 'LR857', 29),
(858, 'LR858', 29),
(859, 'LR859', 29),
(860, 'LR860', 29),
(861, 'LR861', 29),
(862, 'LR862', 29),
(863, 'LR863', 29),
(864, 'LR864', 29),
(865, 'LR865', 29),
(866, 'LR866', 29),
(867, 'LR867', 29),
(868, 'LR868', 29),
(869, 'LR869', 29),
(870, 'LR870', 29),
(871, 'LR871', 30),
(872, 'LR872', 30),
(873, 'LR873', 30),
(874, 'LR874', 30),
(875, 'LR875', 30),
(876, 'LR876', 30),
(877, 'LR877', 30),
(878, 'LR878', 30),
(879, 'LR879', 30),
(880, 'LR880', 30),
(881, 'LR881', 30),
(882, 'LR882', 30),
(883, 'LR883', 30),
(884, 'LR884', 30),
(885, 'LR885', 30),
(886, 'LR886', 30),
(887, 'LR887', 30),
(888, 'LR888', 30),
(889, 'LR889', 30),
(890, 'LR890', 30),
(891, 'LR891', 30),
(892, 'LR892', 30),
(893, 'LR893', 30),
(894, 'LR894', 30),
(895, 'LR895', 30),
(896, 'LR896', 30),
(897, 'LR897', 30),
(898, 'LR898', 30),
(899, 'LR899', 30),
(900, 'LR900', 30),
(901, 'LR901', 31),
(902, 'LR902', 31),
(903, 'LR903', 31),
(904, 'LR904', 31),
(905, 'LR905', 31),
(906, 'LR906', 31),
(907, 'LR907', 31),
(908, 'LR908', 31),
(909, 'LR909', 31),
(910, 'LR910', 31),
(911, 'LR911', 31),
(912, 'LR912', 31),
(913, 'LR913', 31),
(914, 'LR914', 31),
(915, 'LR915', 31),
(916, 'LR916', 31),
(917, 'LR917', 31),
(918, 'LR918', 31),
(919, 'LR919', 31),
(920, 'LR920', 31),
(921, 'LR921', 31),
(922, 'LR922', 31),
(923, 'LR923', 31),
(924, 'LR924', 31),
(925, 'LR925', 31),
(926, 'LR926', 31),
(927, 'LR927', 31),
(928, 'LR928', 31),
(929, 'LR929', 31),
(930, 'LR930', 31),
(931, 'LR931', 32),
(932, 'LR932', 32),
(933, 'LR933', 32),
(934, 'LR934', 32),
(935, 'LR935', 32),
(936, 'LR936', 32),
(937, 'LR937', 32),
(938, 'LR938', 32),
(939, 'LR939', 32),
(940, 'LR940', 32),
(941, 'LR941', 32),
(942, 'LR942', 32),
(943, 'LR943', 32),
(944, 'LR944', 32),
(945, 'LR945', 32),
(946, 'LR946', 32),
(947, 'LR947', 32),
(948, 'LR948', 32),
(949, 'LR949', 32),
(950, 'LR950', 32),
(951, 'LR951', 32),
(952, 'LR952', 32),
(953, 'LR953', 32),
(954, 'LR954', 32),
(955, 'LR955', 32),
(956, 'LR956', 32),
(957, 'LR957', 32),
(958, 'LR958', 32),
(959, 'LR959', 32),
(960, 'LR960', 32),
(961, 'LR961', 33),
(962, 'LR962', 33),
(963, 'LR963', 33),
(964, 'LR964', 33),
(965, 'LR965', 33),
(966, 'LR966', 33),
(967, 'LR967', 33),
(968, 'LR968', 33),
(969, 'LR969', 33),
(970, 'LR970', 33),
(971, 'LR971', 33),
(972, 'LR972', 33),
(973, 'LR973', 33),
(974, 'LR974', 33),
(975, 'LR975', 33),
(976, 'LR976', 33),
(977, 'LR977', 33),
(978, 'LR978', 33),
(979, 'LR979', 33),
(980, 'LR980', 33),
(981, 'LR981', 33),
(982, 'LR982', 33),
(983, 'LR983', 33),
(984, 'LR984', 33),
(985, 'LR985', 33),
(986, 'LR986', 33),
(987, 'LR987', 33),
(988, 'LR988', 33),
(989, 'LR989', 33),
(990, 'LR990', 33);

-- --------------------------------------------------------

--
-- Table structure for table `machine`
--

CREATE TABLE `machine` (
  `id` int(11) NOT NULL auto_increment,
  `machine_number` varchar(10) NOT NULL,
  `machine_type_id` int(11) NOT NULL,
  `machine_make_id` int(11) NOT NULL,
  `machine_specification_id` int(11) NOT NULL,
  `machine_turningtools_id` int(11) NOT NULL,
  PRIMARY KEY  (`id`),
  KEY `machine_type_id` (`machine_type_id`),
  KEY `machine_make_id` (`machine_make_id`),
  KEY `machine_specification_id` (`machine_specification_id`),
  KEY `machine_turningtools_id` (`machine_turningtools_id`)
) ENGINE=InnoDB  DEFAULT CHARSET=latin1 AUTO_INCREMENT=217 ;

--
-- Dumping data for table `machine`
--

INSERT INTO `machine` (`id`, `machine_number`, `machine_type_id`, `machine_make_id`, `machine_specification_id`, `machine_turningtools_id`) VALUES
(1, '103', 1, 1, 1, 1),
(2, '104', 1, 1, 1, 1),
(3, '105', 1, 1, 1, 1),
(4, '106', 1, 1, 1, 1),
(5, '107', 1, 1, 1, 1),
(6, '108', 1, 1, 1, 1),
(7, '109', 1, 1, 1, 1),
(8, '111', 1, 1, 1, 1),
(9, '113', 1, 1, 1, 1),
(10, '115', 1, 1, 1, 1),
(11, '206', 1, 1, 1, 1),
(12, '225', 1, 1, 1, 1),
(13, '228', 1, 1, 1, 1),
(14, '229', 1, 1, 1, 1),
(15, '230', 1, 1, 1, 1),
(16, '231', 1, 1, 1, 1),
(17, '232', 1, 1, 1, 1),
(18, '233', 1, 1, 1, 1),
(19, '300', 1, 1, 1, 1),
(20, '301', 1, 1, 1, 1),
(21, '302', 1, 1, 1, 1),
(22, '303', 1, 1, 1, 1),
(23, '304', 1, 1, 1, 1),
(24, '305', 1, 1, 1, 1),
(25, '306', 1, 1, 1, 1),
(26, '307', 1, 1, 1, 1),
(27, '308', 1, 1, 1, 1),
(28, '313', 1, 1, 1, 1),
(29, '314', 1, 1, 1, 1),
(30, '319', 1, 1, 1, 1),
(31, '320', 1, 1, 1, 1),
(32, '321', 1, 1, 1, 1),
(33, '322', 1, 1, 1, 1),
(34, '323', 1, 1, 1, 1),
(35, '324', 1, 1, 1, 1),
(36, '325', 1, 1, 1, 1),
(37, '326', 1, 1, 1, 1),
(38, '327', 1, 1, 1, 1),
(39, '328', 1, 1, 1, 1),
(40, '329', 1, 1, 1, 1),
(41, '330', 1, 1, 1, 1),
(42, '331', 1, 1, 1, 1),
(43, '332', 1, 1, 1, 1),
(44, '333', 1, 1, 1, 1),
(45, '334', 1, 1, 1, 1),
(46, '335', 1, 1, 1, 1),
(47, '336', 1, 1, 1, 1),
(48, '337', 1, 1, 1, 1),
(49, '338', 1, 1, 1, 1),
(50, '339', 1, 1, 1, 1),
(51, '340', 1, 1, 1, 1),
(52, '341', 1, 1, 1, 1),
(53, '342', 1, 1, 1, 1),
(54, '343', 1, 1, 1, 1),
(55, '345', 1, 1, 1, 1),
(56, '346', 1, 1, 1, 1),
(57, '347', 1, 1, 1, 1),
(58, '348', 1, 1, 1, 1),
(59, '349', 1, 1, 1, 1),
(60, '350', 1, 1, 1, 1),
(61, '351', 1, 1, 1, 1),
(62, '352', 1, 1, 1, 1),
(63, '354', 1, 1, 1, 1),
(64, '355', 1, 1, 1, 1),
(65, '356', 1, 1, 1, 1),
(66, '364', 1, 1, 1, 1),
(67, '365', 1, 1, 1, 1),
(68, '366', 1, 1, 1, 1),
(69, '367', 1, 1, 1, 1),
(70, '368', 1, 1, 1, 1),
(71, '369', 1, 1, 1, 1),
(72, '371', 1, 1, 1, 1),
(73, '373', 1, 1, 1, 1),
(74, '375', 1, 1, 1, 1),
(75, '377', 1, 1, 1, 1),
(76, '380', 1, 1, 1, 1),
(77, '381', 1, 1, 1, 1),
(78, '382', 1, 1, 1, 1),
(79, '383', 1, 1, 1, 1),
(80, '384', 1, 1, 1, 1),
(81, '385', 1, 1, 1, 1),
(82, '386', 1, 1, 1, 1),
(83, '387', 1, 1, 1, 1),
(84, '388', 1, 1, 1, 1),
(85, '389', 1, 1, 1, 1),
(86, '390', 1, 1, 1, 1),
(87, '391', 1, 1, 1, 1),
(88, '392', 1, 1, 1, 1),
(89, '393', 1, 1, 1, 1),
(90, '394', 1, 1, 1, 1),
(91, '395', 1, 1, 1, 1),
(92, '396', 1, 1, 1, 1),
(93, '397', 1, 1, 1, 1),
(94, '400', 1, 1, 1, 1),
(95, '401', 1, 1, 1, 1),
(96, '402', 1, 1, 1, 1),
(97, '403', 1, 1, 1, 1),
(98, '404', 1, 1, 1, 1),
(99, '405', 1, 1, 1, 1),
(100, '406', 1, 1, 1, 1),
(101, '407', 1, 1, 1, 1),
(102, '408', 1, 1, 1, 1),
(103, '409', 1, 1, 1, 1),
(104, '410', 1, 1, 1, 1),
(105, '411', 1, 1, 1, 1),
(106, '412', 1, 1, 1, 1),
(107, '413', 1, 1, 1, 1),
(108, '414', 1, 1, 1, 1),
(109, '415', 1, 1, 1, 1),
(110, '416', 1, 1, 1, 1),
(111, '417', 1, 1, 1, 1),
(112, '418', 1, 1, 1, 1),
(113, '419', 1, 1, 1, 1),
(114, '502', 1, 1, 1, 1),
(115, '601', 1, 1, 1, 1),
(116, '602', 1, 1, 1, 1),
(117, '603', 1, 1, 1, 1),
(118, '604', 1, 1, 1, 1),
(119, '605', 1, 1, 1, 1),
(120, '606', 1, 1, 1, 1),
(121, '607', 1, 1, 1, 1),
(122, '608', 1, 1, 1, 1),
(123, '609', 1, 1, 1, 1),
(124, '610', 1, 1, 1, 1),
(125, '611', 1, 1, 1, 1),
(126, '612', 1, 1, 1, 1),
(127, '613', 1, 1, 1, 1),
(128, '614', 1, 1, 1, 1),
(129, '615', 1, 1, 1, 1),
(130, '616', 1, 1, 1, 1),
(131, '617', 1, 1, 1, 1),
(132, '618', 1, 1, 1, 1),
(133, '619', 1, 1, 1, 1),
(134, '620', 1, 1, 1, 1),
(135, '621', 1, 1, 1, 1),
(136, '622', 1, 1, 1, 1),
(137, '700', 1, 1, 1, 1),
(138, '701', 1, 1, 1, 1),
(139, '702', 1, 1, 1, 1),
(140, '703', 1, 1, 1, 1),
(141, '704', 1, 1, 1, 1),
(142, '705', 1, 1, 1, 1),
(143, '706', 1, 1, 1, 1),
(144, '707', 1, 1, 1, 1),
(145, '708', 1, 1, 1, 1),
(146, '709', 1, 1, 1, 1),
(147, '710', 1, 1, 1, 1),
(148, '711', 1, 1, 1, 1),
(149, '712', 1, 1, 1, 1),
(150, '714', 1, 1, 1, 1),
(151, '715', 1, 1, 1, 1),
(152, '716', 1, 1, 1, 1),
(153, '717', 1, 1, 1, 1),
(154, '718', 1, 1, 1, 1),
(155, '719', 1, 1, 1, 1),
(156, '720', 1, 1, 1, 1),
(157, '721', 1, 1, 1, 1),
(158, '722', 1, 1, 1, 1),
(159, '723', 1, 1, 1, 1),
(160, '724', 1, 1, 1, 1),
(161, '725', 1, 1, 1, 1),
(162, '726', 1, 1, 1, 1),
(163, '727', 1, 1, 1, 1),
(164, '728', 1, 1, 1, 1),
(165, '729', 1, 1, 1, 1),
(166, '730', 1, 1, 1, 1),
(167, '731', 1, 1, 1, 1),
(168, '732', 1, 1, 1, 1),
(169, '733', 1, 1, 1, 1),
(170, '734', 1, 1, 1, 1),
(171, '735', 1, 1, 1, 1),
(172, '736', 1, 1, 1, 1),
(173, '737', 1, 1, 1, 1),
(174, '738', 1, 1, 1, 1),
(175, '739', 1, 1, 1, 1),
(176, '740', 1, 1, 1, 1),
(177, '741', 1, 1, 1, 1),
(178, '742', 1, 1, 1, 1),
(179, '743', 1, 1, 1, 1),
(180, '744', 1, 1, 1, 1),
(181, '745', 1, 1, 1, 1),
(182, '746', 1, 1, 1, 1),
(183, '747', 1, 1, 1, 1),
(184, '748', 1, 1, 1, 1),
(185, '749', 1, 1, 1, 1),
(186, '750', 1, 1, 1, 1),
(187, '751', 1, 1, 1, 1),
(188, '752', 1, 1, 1, 1),
(189, '753', 1, 1, 1, 1),
(190, '754', 1, 1, 1, 1),
(191, '755', 1, 1, 1, 1),
(192, '756', 1, 1, 1, 1),
(193, '757', 1, 1, 1, 1),
(194, '758', 1, 1, 1, 1),
(195, '759', 1, 1, 1, 1),
(196, '760', 1, 1, 1, 1),
(197, '761', 1, 1, 1, 1),
(198, '762', 1, 1, 1, 1),
(199, '763', 1, 1, 1, 1),
(200, '764', 1, 1, 1, 1),
(201, '765', 1, 1, 1, 1),
(202, '766', 1, 1, 1, 1),
(203, '767', 1, 1, 1, 1),
(204, '768', 1, 1, 1, 1),
(205, '769', 1, 1, 1, 1),
(206, '770', 1, 1, 1, 1),
(207, '771', 1, 1, 1, 1),
(208, '772', 1, 1, 1, 1),
(209, '773', 1, 1, 1, 1),
(210, '774', 1, 1, 1, 1),
(211, '775', 1, 1, 1, 1),
(212, '900', 1, 1, 1, 1),
(213, '901', 1, 1, 1, 1),
(214, '902', 1, 1, 1, 1),
(215, '903', 1, 1, 1, 1),
(216, '904', 1, 1, 1, 1);

-- --------------------------------------------------------

--
-- Table structure for table `machine_assignment`
--

CREATE TABLE `machine_assignment` (
  `id` int(11) NOT NULL auto_increment,
  `machine_id` int(11) NOT NULL,
  `location_id` int(11) NOT NULL,
  PRIMARY KEY  (`id`),
  KEY `machine_id` (`machine_id`),
  KEY `location_id` (`location_id`)
) ENGINE=InnoDB  DEFAULT CHARSET=latin1 AUTO_INCREMENT=221 ;

--
-- Dumping data for table `machine_assignment`
--

INSERT INTO `machine_assignment` (`id`, `machine_id`, `location_id`) VALUES
(1, 17, 1),
(2, 123, 210),
(3, 81, 2),
(4, 122, 211),
(5, 61, 3),
(6, 114, 4),
(7, 121, 212),
(8, 82, 5),
(9, 59, 6),
(10, 124, 213),
(11, 103, 7),
(12, 126, 214),
(13, 187, 8),
(14, 115, 215),
(15, 27, 9),
(16, 28, 10),
(17, 8, 11),
(18, 125, 216),
(20, 116, 217),
(21, 7, 13),
(22, 3, 14),
(23, 117, 218),
(24, 1, 15),
(25, 118, 219),
(26, 120, 220),
(27, 16, 16),
(28, 119, 221),
(29, 9, 17),
(30, 15, 18),
(31, 139, 222),
(32, 134, 224),
(33, 135, 225),
(34, 86, 19),
(35, 129, 226),
(37, 106, 21),
(38, 127, 227),
(39, 25, 22),
(40, 131, 228),
(41, 112, 23),
(42, 133, 229),
(43, 104, 24),
(44, 132, 230),
(45, 2, 25),
(46, 128, 231),
(47, 130, 232),
(48, 136, 233),
(49, 97, 234),
(50, 95, 235),
(51, 46, 236),
(52, 56, 237),
(53, 110, 134),
(54, 141, 135),
(55, 101, 136),
(56, 65, 137),
(57, 39, 138),
(58, 23, 139),
(59, 163, 140),
(60, 93, 141),
(61, 72, 142),
(62, 92, 143),
(63, 47, 144),
(64, 43, 145),
(65, 41, 146),
(66, 58, 147),
(67, 74, 148),
(68, 166, 149),
(69, 14, 150),
(70, 100, 151),
(71, 98, 152),
(72, 54, 153),
(73, 84, 154),
(74, 83, 155),
(75, 33, 156),
(76, 45, 157),
(77, 44, 158),
(78, 48, 159),
(79, 42, 160),
(80, 40, 161),
(81, 144, 162),
(82, 91, 163),
(83, 208, 164),
(84, 5, 12),
(85, 172, 165),
(86, 108, 20),
(87, 96, 166),
(88, 94, 167),
(89, 4, 26),
(90, 6, 27),
(91, 210, 168),
(92, 29, 28),
(93, 73, 169),
(94, 18, 29),
(95, 147, 170),
(96, 12, 30),
(97, 145, 171),
(98, 161, 172),
(99, 63, 31),
(100, 137, 173),
(101, 50, 32),
(102, 190, 174),
(103, 51, 33),
(104, 36, 175),
(105, 80, 34),
(106, 34, 176),
(107, 24, 35),
(108, 89, 177),
(109, 30, 178),
(110, 79, 36),
(111, 52, 37),
(112, 10, 38),
(113, 67, 39),
(114, 11, 40),
(115, 171, 179),
(116, 32, 41),
(117, 55, 42),
(118, 209, 180),
(119, 109, 43),
(120, 195, 181),
(121, 64, 44),
(122, 102, 45),
(123, 194, 182),
(124, 111, 183),
(125, 75, 184),
(126, 37, 185),
(127, 20, 186),
(128, 38, 187),
(129, 69, 46),
(130, 188, 188),
(131, 19, 47),
(132, 62, 48),
(133, 202, 189),
(134, 26, 49),
(135, 142, 50),
(136, 201, 190),
(137, 13, 51),
(138, 35, 191),
(139, 90, 52),
(140, 57, 192),
(142, 31, 193),
(143, 140, 123),
(144, 189, 124),
(145, 105, 53),
(146, 87, 54),
(147, 53, 55),
(148, 22, 56),
(149, 211, 108),
(150, 88, 57),
(151, 207, 109),
(152, 198, 58),
(153, 21, 59),
(154, 191, 110),
(155, 68, 60),
(156, 193, 111),
(157, 146, 112),
(158, 138, 113),
(159, 183, 115),
(160, 182, 116),
(161, 152, 63),
(162, 200, 117),
(163, 181, 118),
(164, 151, 64),
(165, 180, 119),
(166, 107, 69),
(167, 196, 120),
(168, 173, 207),
(169, 60, 70),
(170, 70, 208),
(171, 99, 209),
(172, 113, 71),
(174, 49, 72),
(175, 192, 204),
(176, 77, 205),
(177, 170, 73),
(178, 66, 206),
(179, 169, 74),
(180, 143, 125),
(181, 154, 75),
(182, 150, 126),
(183, 153, 76),
(184, 199, 127),
(185, 164, 77),
(186, 179, 78),
(187, 203, 79),
(188, 178, 128),
(189, 204, 80),
(190, 177, 129),
(191, 176, 130),
(192, 149, 82),
(193, 175, 131),
(194, 174, 132),
(195, 168, 83),
(196, 197, 133),
(197, 156, 84),
(198, 155, 85),
(199, 185, 86),
(200, 165, 87),
(201, 205, 88),
(202, 216, 197),
(203, 215, 196),
(204, 214, 198),
(205, 206, 89),
(206, 213, 195),
(207, 148, 90),
(208, 212, 194),
(209, 167, 91),
(210, 158, 92),
(211, 160, 93),
(212, 157, 94),
(213, 186, 95),
(214, 162, 96),
(215, 184, 98),
(216, 159, 99),
(217, 71, 107),
(218, 76, 106),
(219, 78, 105),
(220, 85, 104);

-- --------------------------------------------------------

--
-- Table structure for table `machine_make`
--

CREATE TABLE `machine_make` (
  `id` int(11) NOT NULL auto_increment,
  `makeid` varchar(15) NOT NULL,
  `name` varchar(25) NOT NULL,
  PRIMARY KEY  (`id`)
) ENGINE=InnoDB  DEFAULT CHARSET=latin1 AUTO_INCREMENT=3 ;

--
-- Dumping data for table `machine_make`
--

INSERT INTO `machine_make` (`id`, `makeid`, `name`) VALUES
(1, 'MK001', 'Make One'),
(2, 'MK002', 'Make Two');

-- --------------------------------------------------------

--
-- Table structure for table `machine_specification`
--

CREATE TABLE `machine_specification` (
  `id` int(11) NOT NULL auto_increment,
  `specificationid` varchar(15) NOT NULL,
  `specification` varchar(100) NOT NULL,
  PRIMARY KEY  (`id`)
) ENGINE=InnoDB  DEFAULT CHARSET=latin1 AUTO_INCREMENT=4 ;

--
-- Dumping data for table `machine_specification`
--

INSERT INTO `machine_specification` (`id`, `specificationid`, `specification`) VALUES
(1, 'MSP001', '3mm 5inc'),
(2, 'MSP002', '4mm 2inc'),
(3, 'MSP003', 'specification');

-- --------------------------------------------------------

--
-- Table structure for table `machine_turningtools`
--

CREATE TABLE `machine_turningtools` (
  `id` int(11) NOT NULL auto_increment,
  `turningtool` varchar(10) NOT NULL,
  `turningtool_id` varchar(10) NOT NULL,
  PRIMARY KEY  (`id`)
) ENGINE=InnoDB  DEFAULT CHARSET=latin1 AUTO_INCREMENT=3 ;

--
-- Dumping data for table `machine_turningtools`
--

INSERT INTO `machine_turningtools` (`id`, `turningtool`, `turningtool_id`) VALUES
(1, '2mm', 'TT001'),
(2, '4mm', 'TT002');

-- --------------------------------------------------------

--
-- Table structure for table `machine_type`
--

CREATE TABLE `machine_type` (
  `id` int(11) NOT NULL auto_increment,
  `typeid` varchar(15) NOT NULL,
  `type` varchar(25) NOT NULL,
  PRIMARY KEY  (`id`),
  KEY `id` (`id`)
) ENGINE=InnoDB  DEFAULT CHARSET=latin1 AUTO_INCREMENT=4 ;

--
-- Dumping data for table `machine_type`
--

INSERT INTO `machine_type` (`id`, `typeid`, `type`) VALUES
(1, 'T001', 'Type One'),
(2, 'T002', 'Type Two'),
(3, 'T003', 'Type Three');

-- --------------------------------------------------------

--
-- Table structure for table `order`
--

CREATE TABLE `order` (
  `id` int(11) NOT NULL auto_increment,
  `number` varchar(10) NOT NULL,
  `customer_id` int(11) NOT NULL,
  `quantity` int(11) NOT NULL,
  `order_date` date NOT NULL,
  PRIMARY KEY  (`id`),
  KEY `customer_id` (`customer_id`)
) ENGINE=InnoDB  DEFAULT CHARSET=latin1 AUTO_INCREMENT=2 ;

--
-- Dumping data for table `order`
--

INSERT INTO `order` (`id`, `number`, `customer_id`, `quantity`, `order_date`) VALUES
(1, '1111', 1, 55, '2014-02-23');

-- --------------------------------------------------------

--
-- Table structure for table `product`
--

CREATE TABLE `product` (
  `id` int(11) NOT NULL auto_increment,
  `drawing_number` int(11) NOT NULL,
  `description` varchar(50) NOT NULL,
  `material_type` varchar(20) NOT NULL,
  `material_size` varchar(20) NOT NULL,
  `grade` varchar(20) NOT NULL,
  `numberofpieces` int(11) NOT NULL,
  `outputperhour` int(11) NOT NULL,
  `settingdays` int(11) NOT NULL,
  PRIMARY KEY  (`id`)
) ENGINE=InnoDB  DEFAULT CHARSET=latin1 AUTO_INCREMENT=2 ;

--
-- Dumping data for table `product`
--

INSERT INTO `product` (`id`, `drawing_number`, `description`, `material_type`, `material_size`, `grade`, `numberofpieces`, `outputperhour`, `settingdays`) VALUES
(1, 78456, 'PDescription', 'PType', 'PSize', '40', 1000, 100, 10);

-- --------------------------------------------------------

--
-- Table structure for table `section`
--

CREATE TABLE `section` (
  `id` int(11) NOT NULL auto_increment,
  `name` varchar(10) NOT NULL,
  PRIMARY KEY  (`id`)
) ENGINE=InnoDB  DEFAULT CHARSET=latin1 AUTO_INCREMENT=4 ;

--
-- Dumping data for table `section`
--

INSERT INTO `section` (`id`, `name`) VALUES
(1, 'A'),
(2, 'B'),
(3, 'C');

-- --------------------------------------------------------

--
-- Table structure for table `subsection`
--

CREATE TABLE `subsection` (
  `id` int(11) NOT NULL auto_increment,
  `name` varchar(10) NOT NULL,
  `sectionid` int(11) NOT NULL,
  PRIMARY KEY  (`id`),
  KEY `sectionid` (`sectionid`)
) ENGINE=InnoDB  DEFAULT CHARSET=latin1 AUTO_INCREMENT=34 ;

--
-- Dumping data for table `subsection`
--

INSERT INTO `subsection` (`id`, `name`, `sectionid`) VALUES
(1, 'A', 1),
(2, 'B', 1),
(3, 'C', 1),
(4, 'D', 1),
(5, 'E', 1),
(6, 'F', 1),
(7, 'G', 1),
(8, 'H', 1),
(9, 'I', 1),
(10, 'J', 1),
(11, 'K', 1),
(12, 'A', 2),
(13, 'B', 2),
(14, 'C', 2),
(15, 'D', 2),
(16, 'E', 2),
(17, 'F', 2),
(18, 'G', 2),
(19, 'H', 2),
(20, 'I', 2),
(21, 'J', 2),
(22, 'K', 2),
(23, 'A', 3),
(24, 'B', 3),
(25, 'C', 3),
(26, 'D', 3),
(27, 'E', 3),
(28, 'F', 3),
(29, 'G', 3),
(30, 'H', 3),
(31, 'I', 3),
(32, 'J', 3),
(33, 'K', 3);

-- --------------------------------------------------------

--
-- Table structure for table `user`
--

CREATE TABLE `user` (
  `id` int(11) NOT NULL auto_increment,
  `name` varchar(20) NOT NULL,
  `password` varchar(20) NOT NULL,
  `firstname` varchar(25) NOT NULL,
  `lastname` varchar(25) NOT NULL,
  `phone` varchar(10) NOT NULL,
  `userrole_id` int(11) NOT NULL,
  PRIMARY KEY  (`id`),
  KEY `userrole_id` (`userrole_id`)
) ENGINE=InnoDB  DEFAULT CHARSET=latin1 AUTO_INCREMENT=6 ;

--
-- Dumping data for table `user`
--

INSERT INTO `user` (`id`, `name`, `password`, `firstname`, `lastname`, `phone`, `userrole_id`) VALUES
(1, 'pentamine', '0101@pentamine', 'Pentamine', 'Pentamine', '9035889303', 1),
(2, '5mine', 'penta', 'Penta', 'Mine', '7845627277', 2),
(3, 'rajesh', 'rajesh', 'Rajesh', 'Rajesh', '1234567890', 2),
(4, 'amith', 'amith', 'Amith', 'Amith', '1234567890', 2),
(5, 'ram', 'ram', 'Ram', 'Ram', '1234567890', 2);

-- --------------------------------------------------------

--
-- Table structure for table `user_role`
--

CREATE TABLE `user_role` (
  `id` int(11) NOT NULL auto_increment,
  `role` varchar(10) NOT NULL,
  PRIMARY KEY  (`id`)
) ENGINE=InnoDB  DEFAULT CHARSET=latin1 AUTO_INCREMENT=3 ;

--
-- Dumping data for table `user_role`
--

INSERT INTO `user_role` (`id`, `role`) VALUES
(1, 'Super Admi'),
(2, 'Admin');

--
-- Constraints for dumped tables
--

--
-- Constraints for table `job`
--
ALTER TABLE `job`
  ADD CONSTRAINT `job_ibfk_1` FOREIGN KEY (`order_id`) REFERENCES `order` (`id`) ON DELETE CASCADE ON UPDATE CASCADE,
  ADD CONSTRAINT `job_ibfk_2` FOREIGN KEY (`product_id`) REFERENCES `product` (`id`) ON DELETE CASCADE ON UPDATE CASCADE,
  ADD CONSTRAINT `job_ibfk_3` FOREIGN KEY (`machine_id`) REFERENCES `machine` (`id`) ON DELETE CASCADE ON UPDATE CASCADE;

--
-- Constraints for table `location`
--
ALTER TABLE `location`
  ADD CONSTRAINT `location_ibfk_1` FOREIGN KEY (`section_id`) REFERENCES `section` (`id`) ON DELETE CASCADE ON UPDATE CASCADE,
  ADD CONSTRAINT `location_ibfk_2` FOREIGN KEY (`subsection_id`) REFERENCES `subsection` (`id`) ON DELETE CASCADE ON UPDATE CASCADE,
  ADD CONSTRAINT `location_ibfk_3` FOREIGN KEY (`location_reference_id`) REFERENCES `location_reference` (`id`) ON DELETE CASCADE ON UPDATE CASCADE;

--
-- Constraints for table `location_reference`
--
ALTER TABLE `location_reference`
  ADD CONSTRAINT `location_reference_ibfk_1` FOREIGN KEY (`subsectionid`) REFERENCES `subsection` (`id`) ON DELETE CASCADE ON UPDATE CASCADE;

--
-- Constraints for table `machine`
--
ALTER TABLE `machine`
  ADD CONSTRAINT `machine_ibfk_1` FOREIGN KEY (`machine_type_id`) REFERENCES `machine_make` (`id`) ON DELETE CASCADE ON UPDATE CASCADE,
  ADD CONSTRAINT `machine_ibfk_2` FOREIGN KEY (`machine_make_id`) REFERENCES `machine_make` (`id`) ON DELETE CASCADE ON UPDATE CASCADE,
  ADD CONSTRAINT `machine_ibfk_3` FOREIGN KEY (`machine_specification_id`) REFERENCES `machine_specification` (`id`) ON DELETE CASCADE ON UPDATE CASCADE,
  ADD CONSTRAINT `machine_ibfk_4` FOREIGN KEY (`machine_turningtools_id`) REFERENCES `machine_turningtools` (`id`) ON DELETE CASCADE ON UPDATE CASCADE;

--
-- Constraints for table `machine_assignment`
--
ALTER TABLE `machine_assignment`
  ADD CONSTRAINT `machine_assignment_ibfk_1` FOREIGN KEY (`machine_id`) REFERENCES `machine` (`id`) ON DELETE CASCADE ON UPDATE CASCADE,
  ADD CONSTRAINT `machine_assignment_ibfk_2` FOREIGN KEY (`location_id`) REFERENCES `location` (`id`) ON DELETE CASCADE ON UPDATE CASCADE;

--
-- Constraints for table `order`
--
ALTER TABLE `order`
  ADD CONSTRAINT `order_ibfk_1` FOREIGN KEY (`customer_id`) REFERENCES `customer` (`id`) ON DELETE CASCADE ON UPDATE CASCADE;

--
-- Constraints for table `subsection`
--
ALTER TABLE `subsection`
  ADD CONSTRAINT `subsection_ibfk_1` FOREIGN KEY (`sectionid`) REFERENCES `section` (`id`) ON DELETE CASCADE ON UPDATE CASCADE;

--
-- Constraints for table `user`
--
ALTER TABLE `user`
  ADD CONSTRAINT `user_ibfk_1` FOREIGN KEY (`userrole_id`) REFERENCES `user_role` (`id`) ON DELETE CASCADE ON UPDATE CASCADE;
